GRIDCODE	CVENTMUN	Fter
132956	12003	1
132957	12067	0.107434429
132964	12007	0.142044371
132965	12007	0.327350048
132980	12026	0.054380948
132981	12026	0.062817008
132981	12058	0.056317652
132983	12026	0.007938468
132984	12026	0.290160481
132985	12026	0.183674481
132986	12017	0.55503258
132986	12026	0.02771975
132987	12017	0.44496742
132994	12059	0.285971388
132999	12034	0.229334334
133018	21032	0.302418008
133027	21047	0.083442635
133044	21003	0.029514391
133049	21127	0.107624482
133050	21127	0.425315539
133052	20459	0.08102337
133053	20459	0.239881579
133054	20022	0.958508225
133054	20459	0.076683701
133055	20022	0.041491775
133055	20459	0.100568412
133056	20459	0.147689077
134021	12067	0.134291488
134023	12067	0.146315822
134024	12007	0.159180246
134024	12067	0.025617698
134040	12058	0.147319336
134043	12026	0.188081391
134053	12059	0.456812955
134057	12034	0.215196373
134058	12034	0.052445951
134077	21032	0.02906236
134078	21032	0.341500589
134085	21047	0.007478316
134086	21047	0.066767682
134099	21009	1
134103	21003	0.073165474
134108	21127	0.467059978
134110	21190	0.967215108
134111	20459	0.121860482
134111	21190	0.032784892
134117	20459	0.074708429
135072	12050	0.055719235
135073	12050	0.21080024
135080	12064	0.010895042
135080	12067	0.277323614
135082	12067	0.04780364
135099	12058	0.067649538
135100	12058	0.068388592
135101	12026	0.121321399
135101	12058	0.074857813
135102	12026	0.063906073
135112	12059	0.257215657
135117	12034	0.241894366
135137	21032	0.039925859
135137	21073	0.858587102
135138	21032	0.265891945
135138	21073	0.141412898
135139	21032	0.006891183
135143	21047	0.02860428
135144	21047	0.077787611
135145	21047	0.032712877
135160	21003	0.004497685
135162	21003	0.072007769
135163	21003	0.176271067
135176	20459	0.157584949
136131	12050	0.060548055
136132	12050	0.136247927
136137	12064	0.072707164
136138	12064	0.105068575
136139	12064	0.028368903
136140	12064	0.054344856
136140	12067	0.086221808
136141	12007	0.119617995
136141	12064	0.008952289
136141	12067	0.138498123
136142	12007	0.25180734
136159	12058	0.288085757
136160	12058	0.006288597
136176	12034	0.060492396
136198	21032	0.014310056
136198	21047	0.089386103
136201	21047	0.026000524
136202	21047	0.086939725
136221	21003	0.049026088
136222	21003	0.28299038
137191	12050	0.254755159
137195	12064	0.048084855
137196	12064	0.025474364
137196	12067	0.036493378
137197	12064	0.032475288
137198	12064	0.064532657
137257	21047	0.012306222
137258	21047	0.063778289
137259	21047	0.064680867
137260	21047	0.032492958
137261	21047	0.074889174
137262	21047	0.000431187
137281	21003	0.103427835
137282	21003	0.125677685
138250	12050	0.219641185
138254	12064	0.079468496
138321	21047	0.123874449
138331	21157	0.071922444
138332	21157	0.277729253
138333	21157	0.142383663
138341	21003	0.083421625
138341	21147	0.104973283
139309	12050	0.049605023
139310	12027	0.047555407
139310	12050	0.012683176
139313	12064	0.067281445
139314	12064	0.054109796
139315	12064	0.036378664
139337	12037	0.102151083
139380	21047	0.025936191
139381	21047	0.064735803
139381	21085	0.003702486
139382	21047	0.007413308
139382	21085	0.034511671
139392	21157	0.290272748
139393	21157	0.0607781
139400	21147	0.156712865
139411	21018	0.507719766
140368	12027	0.017062025
140369	12027	0.130340701
140371	12064	0.022073355
140372	12064	0.051602724
140396	12037	0.111722435
140441	21047	0.003566852
140441	21085	0.089869563
140452	21042	0.05985464
140452	21157	0.156913792
140458	21147	0.021145263
140459	21147	0.151491985
140470	21018	0.492280234
141427	12027	0.008739851
141428	12027	0.111137126
141430	12064	0.075570455
141440	15105	0.011321824
141441	15105	0.111242678
141455	12037	0.134414193
141475	12034	0.106745474
141475	17017	0.009714924
141475	17025	0.026278661
141476	12034	0.055166397
141476	17025	0.543369685
141477	12034	0.038724709
141482	17025	0.117580885
141493	21047	0.011260487
141494	21047	0.01551446
141494	21051	0.049571942
141495	21051	0.024201098
141500	21085	0.046268922
141501	21085	0.090267946
141511	21042	0.166481588
141516	21147	0.093764306
141517	21147	0.122795565
142485	12027	0.047733859
142486	12027	0.025913476
142487	12027	0.107315062
142489	12064	0.071179357
142500	15105	0.088126827
142501	15105	0.125288579
142514	12037	0.12493006
142520	12055	0.066282853
142521	12055	0.056519541
142526	12015	0.254033064
142527	12015	0.127660606
142532	17017	0.152295411
142533	17017	0.480241532
142534	17017	0.246894007
142535	17025	0.312770769
142554	21051	0.081214369
142555	21051	0.077044531
142559	21085	0.120548367
142570	21042	0.15443947
142573	21147	0.103452321
142574	21147	0.173922342
142575	21147	0.037703222
142584	21082	0.029039596
143544	12027	0.036711574
143545	12027	0.013836618
143546	12027	0.028759343
143547	12027	0.105883484
143548	12027	0.02071216
143548	12064	0.091431716
143558	15105	0.010036576
143560	15105	0.024269971
143561	12031	1
143561	15105	0.144056645
143569	12047	0.011647227
143570	12047	0.081720707
143572	12037	0.061451615
143573	12037	0.183788674
143583	12055	0.089164646
143584	12015	0.30349066
143584	12055	0.054727066
143585	12015	0.31481567
143591	17017	0.110854125
143614	21051	0.015777441
143615	21051	0.106880319
143618	21085	0.091768096
143623	21085	0.029161511
143629	21042	0.193779699
143630	21042	0.147148836
143631	21042	0.159457649
143632	21042	0.050521271
143632	21147	0.034038847
143642	21082	0.258149561
143643	21082	0.220879252
143644	21037	1
143644	21082	0.090442156
144604	12027	0.034556976
144605	12027	0.112992737
144606	12027	0.051757962
144620	15105	0.033461644
144621	15105	0.194754317
144629	12047	0.105823694
144630	12047	0.070773471
144632	12037	0.277467465
144635	12055	0.058610903
144673	21051	0.012250247
144674	21051	0.091825136
144675	21051	0.007073737
144677	21085	0.082479583
144680	21085	0.010975978
144683	21085	0.04616229
144684	21007	0.091337305
144684	21085	0.057980656
144685	21007	0.243114569
144688	21042	0.017288051
144689	21042	0.051028795
144689	21206	0.079585659
144702	21082	0.197529284
144703	21082	0.02804812
144703	21092	0.119936022
144704	21092	0.102416851
145680	15105	0.076981241
145681	12058	0.019801322
145681	15105	0.087914251
145689	12047	0.177175308
145691	12037	0.004074475
145691	12047	0.079100641
145697	12055	0.026680436
145698	12055	0.020779171
145699	12055	0.03231605
145729	21051	0.190626876
145733	21051	0.029605475
145734	21021	0.172386912
145736	21085	0.0294128
145739	21085	0.018449168
145744	21007	0.229119346
145748	21206	0.083102615
145749	21206	0.148687271
145750	21206	0.091031447
145761	21082	0.060678302
145762	21082	0.11523373
145762	21092	0.010274502
145763	21092	0.109835969
145764	21092	0.185390235
145765	21092	0.27686858
146739	15105	0.002862542
146740	12058	0.076273375
146741	12058	0.161273055
146742	12058	0.03274116
146747	12047	0.004287063
146748	12047	0.19102263
146749	12047	0.086743009
146753	12055	0.086019527
146754	12055	0.083777007
146754	12060	0.032407149
146755	12055	0.088758435
146755	12060	0.005561299
146756	12055	0.05115043
146756	12060	0.028482355
146788	21051	0.206416239
146793	21021	0.104387674
146793	21051	0.044831233
146793	21085	0.011138088
146794	21021	0.723225414
146794	21085	0.04351931
146795	21085	0.014879036
146797	21085	0.03227627
146798	21085	0.070449518
146799	21085	0.054660241
146803	21007	0.103106229
146804	21007	0.124113773
146809	21031	0.8595951
146809	21206	0.07073479
146810	21031	0.1404049
146810	21206	0.027197674
146821	21092	0.084540961
146824	21092	0.007391654
146825	21092	0.103345226
146825	21161	1
146825	21177	0.069126962
147801	12058	0.001003803
147801	15008	0.004506311
147801	15080	0.071077102
147802	15080	0.07906741
147803	15080	0.011459337
147804	15080	0.00478687
147806	12047	0.127345298
147806	15117	0.071114103
147807	12047	0.043793638
147807	15117	0.016640764
147810	12055	0.020337058
147810	12060	0.066225437
147811	12055	0.160143203
147811	12060	0.022134964
147812	12055	0.042982703
147815	12060	0.016966848
147817	12055	0.001701864
147818	12055	0.056640624
147847	21051	0.062681359
147847	21168	0.311289402
147852	21085	0.000459191
147852	21176	1
147857	21085	0.014450659
147862	21007	0.099307089
147863	21007	0.109901689
147869	21206	0.136999566
148847	15008	0.035997
148848	15008	0.009576261
148851	15008	0.033813777
148854	15105	0.01093452
148855	15105	0.078748385
148861	15080	0.044485594
148862	15080	0.019536645
148863	15080	0.037490444
148864	15080	0.001791429
148864	15117	0.03565132
148865	15117	0.040155652
148866	15117	0.11574803
148867	12047	0.020567313
148867	15117	0.086256349
148868	12060	0.050361759
148868	15117	0.053070699
148869	12060	0.049165067
148873	12060	0.035335434
148874	12060	0.051679485
148875	12060	0.012249091
148876	12055	0.003408487
148876	12060	0.067993034
148906	21168	0.420393843
148928	21146	0.669190382
148928	21206	0.038361111
149906	15008	0.051036042
149907	15008	0.026641417
149910	15008	0.012497968
149916	15008	0.022928016
149920	15080	0.031673386
149921	15080	0.011712667
149926	15117	0.022199568
149927	12060	0.009943177
149927	15117	0.036514337
149928	12060	0.008965745
149929	12060	0.039068087
149930	12060	0.114021818
149931	12049	0.082420373
149931	12060	0.117097039
149932	12060	0.107409358
149933	12060	0.013730572
149934	12060	0.034155111
149935	12060	0.005969564
149965	21168	0.268316755
149977	21062	1
149977	21133	0.438631778
149987	21052	0.443913467
149987	21146	0.231388769
149988	21052	0.20478779
149988	21146	0.099420849
149989	21052	0.172544876
149989	21206	0.076731313
149990	21206	0.004134941
149991	21206	0.093059746
149992	21206	0.009643562
150965	15008	0.085918903
150966	15008	0.042418604
150967	15008	0.020934242
150971	15008	0.084246069
150972	15008	0.03235664
150975	15008	0.013685567
150975	15080	0.032222079
150976	15080	0.07261981
150977	15080	0.02292851
150979	15080	0.005580367
150980	15080	0.041846751
150985	15117	0.024175758
150986	12060	0.011121783
150986	15117	0.144515926
150987	12060	0.063321135
150987	15117	0.01167018
150988	12060	0.036634685
150990	12049	0.474363966
151007	17024	0.25246023
151008	17024	0.306404195
151033	21085	0.006608649
151036	21121	0.002403337
151036	21133	0.561368222
151036	21201	1
151047	21052	0.178753868
151049	21070	0.018231266
151049	21206	0.140730306
152023	15008	0.045270904
152024	15008	0.068942346
152029	15008	0.062908283
152030	15008	0.018346647
152036	15080	0.058391899
152039	15080	0.035130632
152041	15080	0.007495932
152042	15004	0.14845672
152043	15004	0.043703623
152044	15117	0.026612921
152045	15117	0.13026492
152048	12049	0.012840591
152048	15117	0.002459469
152049	12049	0.083849913
152049	15117	0.065271281
152061	17015	0.037269718
152085	21165	0.182847509
152086	21069	0.089630664
152086	21165	0.45551344
152087	21069	0.410397
152088	21069	0.052190679
152088	21185	0.550338228
152089	21185	0.339237357
152095	21121	0.225238354
152096	21121	0.027705633
152106	21070	0.35379897
152116	21203	0.196883903
152117	21177	0.047387862
152117	21203	0.17244803
152118	21177	0.214758985
152119	21177	0.233916444
152120	21177	0.198787857
153081	12027	0.076488961
153081	15008	0.001173538
153082	15008	0.052082016
153087	15008	0.038172051
153088	15008	0.067663029
153095	15080	0.064871634
153096	15080	0.044018399
153097	15080	0.008865257
153098	15080	0.030115462
153099	15080	0.029835592
153100	15080	0.065325198
153102	15004	0.613685338
153103	15117	0.013014557
153107	12049	0.070719971
153108	12049	0.275805188
153119	17015	0.319531027
153120	17015	0.50561401
153125	17008	0.414108954
153125	17024	0.099328032
153126	17024	0.341807543
153139	17033	0.664076873
153144	21165	0.194172241
153145	21165	0.16746681
153147	21069	0.017584353
153147	21185	0.079367948
153148	21069	0.115772856
153148	21185	0.031056467
153149	21069	0.156184031
153151	21166	0.3291881
153152	21166	0.418029627
153153	21121	0.068336791
153153	21166	0.252782272
153154	21121	0.236431272
153157	21159	0.100192913
153158	21159	0.195706679
153159	21150	0.089848806
153159	21159	0.113857674
153160	21150	0.11986869
153161	21150	0.10825877
153162	21150	0.069900388
153165	21070	0.285311345
153166	21070	0.240800383
153172	21079	0.001773421
153172	21203	0.065810916
153173	21203	0.234320607
153174	21203	0.222579212
153175	21203	0.107957331
153179	21177	0.23602189
154140	12027	0.022502676
154142	15082	0.206328868
154145	15008	0.066421169
154146	15008	0.1024632
154156	15080	0.042889705
154157	15080	0.003700119
154158	15080	0.035116512
154161	15004	0.194154319
154161	15117	0.024963357
154162	15117	0.04833685
154178	17015	0.137585246
154184	17008	0.585891046
154198	17033	0.335923127
154200	21005	0.519270829
154200	21033	0.022592938
154208	21069	0.139431759
154217	21159	0.14659414
154220	21150	0.072496144
154221	21150	0.057228876
154222	21095	0.510805703
154222	21150	0.05491741
154224	21131	0.190667816
154225	21070	0.101858036
154225	21131	0.21808562
154225	21193	0.004288657
154226	21131	0.270313654
154226	21193	0.011667994
154231	21079	0.698270695
154231	21098	1
155201	15082	0.590944712
155202	15082	0.140982683
155207	15082	0.061743737
155214	15080	0.001004793
155215	15080	0.045797173
155221	15117	0.014859486
155222	15117	0.016504473
155226	15107	1
155259	21033	0.278513875
155260	21033	0.025959182
155280	21150	0.104368666
155281	21095	0.489194297
155281	21150	0.164938748
155281	21193	0.001127095
155282	21131	0.16554742
155282	21150	0.011734208
155282	21193	0.070820661
155283	21131	0.155385491
155283	21193	0.031460221
155289	21079	0.235482211
155290	21079	0.064473674
156274	15080	0.016952284
156275	15080	0.017196905
156318	21033	0.121775866
156319	21005	0.070076337
156319	21022	0.144973158
156319	21033	0.313189064
156320	21005	0.410652834
156320	21022	0.092333833
156326	21069	0.010254929
156327	21069	0.008553729
156332	21121	0.099961739
156339	21150	0.141960507
156339	21193	0.015861934
157333	15080	0.005014105
157378	17032	0.271174797
157378	21022	0.107560505
157378	21033	0.237969076
157379	21022	0.118897381
157380	21022	0.196874334
157381	21022	0.010921035
157381	21188	0.103296047
157382	21022	0.164446568
157382	21188	0.169594211
157383	21022	0.109048086
157383	21188	0.041714766
157391	21019	0.064149187
157391	21121	0.224724213
157392	21121	0.033354021
157392	21159	0.306854616
157393	21121	0.08184464
157393	21159	0.136793978
157398	21150	0.004478786
157398	21193	0.122518467
157399	21193	0.070711935
157409	21189	0.301585916
157410	21189	0.056915014
158378	15123	0.044913393
158379	15123	0.075457494
158380	15123	0.01226221
158437	17022	0.386867924
158437	17032	0.728825203
158437	21022	0.025005298
158439	21188	0.081593147
158440	21188	0.178845429
158442	21022	0.02213376
158443	21022	0.002499332
158448	21019	0.039995131
158449	21019	0.145249372
158450	21019	0.000738863
158454	21114	0.121089087
158455	21114	0.349828774
158458	21193	0.251994524
158459	21193	0.172466188
158460	21193	0.05095511
158464	21153	0.707076227
158465	21153	0.292923773
158465	21182	0.133067848
158468	21189	0.640656775
158469	21154	0.294026072
158469	21189	0.000842295
159439	15123	0.003754208
159440	15123	0.064028245
159458	15021	0.007299732
159496	17022	0.265600589
159497	17022	0.347531487
159497	21188	0.091544888
159498	21022	0.00530671
159498	21188	0.10029106
159499	21188	0.074137671
159500	21188	0.15898278
159505	21019	0.005799088
159506	21019	0.215111281
159507	21019	0.099833675
159514	21114	0.201453649
159516	21193	0.012122131
159517	21193	0.184005083
159524	21182	0.699713198
159525	21151	0.536250578
159525	21182	0.167218954
159528	21154	0.646566448
160496	15123	0.073596684
160497	15123	0.132396395
160498	15123	0.127149345
160517	15021	0.063909345
160546	17002	0.426635791
160546	17026	1
160546	17029	1
160547	17002	0.573364209
160553	17016	0.343417194
160561	21019	0.041260115
160562	21019	0.124020154
160563	21019	0.034890719
160564	21019	0.038189746
160565	21019	0.00203922
160583	21097	0.924047012
160584	21097	0.075952988
160584	21151	0.463749422
160587	21144	1
160587	21154	0.05940748
160591	21115	0.658533643
161555	15123	0.124793913
161576	15021	0.06388702
161585	15052	0.138515439
161585	15088	1
161586	15052	0.861484561
161592	15063	0.294980403
161593	17007	0.46576857
161594	17007	0.003363821
161609	15068	0.495143248
161609	17030	1
161610	15068	0.02324452
161612	15034	1
161612	17016	0.656582806
161619	21019	0.092949899
161620	21019	0.095773549
161628	21106	0.592335566
161629	21106	0.076399525
161629	21114	0.32762849
161635	21040	0.031302424
161650	21115	0.332225643
162614	15123	0.157164349
162628	15077	0.622545504
162628	15097	0.11349012
162629	15086	0.325590788
162629	15097	0.88650988
162631	15021	0.03388495
162632	15021	0.134167006
162633	15021	0.207780311
162635	15021	0.063528064
162649	15063	0.158156853
162650	15063	0.290812149
162651	15063	0.256050595
162651	17007	0.145461925
162652	17007	0.385405684
162668	15068	0.387823029
162668	15094	1
162669	15068	0.093789203
162685	21106	0.05648167
162687	21106	0.274783239
162697	21040	0.439974492
162698	21040	0.528723085
163672	15123	0.130575459
163673	15123	0.037296436
163686	15077	0.223286132
163687	15077	0.118947307
163688	15077	0.035221057
163688	15086	0.058548454
163689	15086	0.485881267
163690	15086	0.129979491
163692	15021	0.034790278
163693	15021	0.189176962
163694	15021	0.048449687
163704	15049	0.754036701
163767	21065	0.395556427
163767	21115	0.009240714
164731	15123	0.01661187
164752	15021	0.110270414
164753	15021	0.00685206
164763	15049	0.09720657
164764	15049	0.148756729
164801	21126	0.09277007
164802	21126	0.211586717
164802	21140	0.041905596
164803	21119	0.165207607
164803	21125	1
164803	21126	0.156381819
164825	21065	0.076722535
164826	21065	0.500563569
164827	21065	0.02715747
165811	15021	0.033307665
165811	15118	0.130209568
165812	15021	0.002696507
165818	15090	1
165847	15015	1
165858	21102	0.392453993
165859	21102	0.392093067
165860	21102	0.111004072
165860	21126	0.347051329
165860	21140	0.041192512
165861	21126	0.100135888
165861	21140	0.080233553
165862	21119	0.264166882
165862	21140	0.019096624
165863	21119	0.570625511
165863	21140	0.064109053
166870	15118	0.187502795
166871	15118	0.112564303
166872	15106	0.037213204
166892	9012	0.29746863
166893	9012	0.400128834
166893	17009	1
166910	15009	0.154373169
166911	15009	0.316810951
166911	21138	0.03951564
166912	21138	0.220139361
166913	21138	0.156716633
166914	21138	0.148090819
166915	21138	0.130604444
166916	21026	0.074918477
166916	21102	0.015599811
166916	21138	0.304933103
166917	21102	0.088849056
166920	21126	0.092074178
166920	21140	0.23322398
166921	21140	0.211646775
166922	21140	0.239619482
166924	21041	0.117093361
166924	21140	0.022229272
167929	15118	0.115572051
167930	15106	0.006553923
167930	15118	0.237377424
167931	15106	0.04009652
167943	15101	1
167951	9012	0.302402536
167964	15017	0.656147164
167969	15009	0.258325938
167970	15009	0.270489941
167975	21026	0.388884552
167976	21026	0.536196971
167980	21090	0.35507802
167981	21090	0.214080318
167981	21140	0.046743153
167983	21041	0.469951107
167993	21001	0.269658122
167994	21001	0.052935265
167999	21004	1
168996	15073	0.212747516
168997	15073	0.155762437
169023	15017	0.343852836
169034	21060	0.120971855
169034	21074	0.865600987
169035	21060	0.879028145
169038	21074	0.00238812
169038	21090	0.253326754
169039	21090	0.177514909
169039	21181	0.193244344
169040	21034	0.376153622
169041	21034	0.436108244
169042	21041	0.003364147
169043	21041	0.39968199
169052	21001	0.677406613
169058	21104	0.016957482
169061	21152	0.059361697
170022	16099	0.179725926
170023	16099	0.126944337
170032	15041	0.06857226
170032	15110	1
170054	15018	0.333362112
170055	15018	0.101022279
170056	15018	0.106235064
170056	15073	0.379049098
170057	15073	0.252440949
170096	21074	0.132010893
170098	21181	0.806755656
170099	21034	0.187738134
170099	21136	1
170102	21041	0.009909395
170114	21104	0.042975614
170118	21104	0.008415355
170119	21152	0.172838749
170120	21152	0.458432306
171082	16099	0.693329737
171090	15041	0.453212391
171091	15041	0.076885281
171112	15018	0.459380546
171153	21048	0.02289402
171172	21104	0.058842007
171173	21104	0.03143487
171177	21104	0.142974334
171177	21152	0.119387122
171178	21152	0.189980127
172149	15041	0.336838508
172171	15054	0.656130581
172172	15054	0.343869419
172211	21048	0.130533677
172212	21048	0.671543371
172216	29023	0.611150847
172217	29023	0.388849153
172220	29059	0.864578617
172221	29022	0.509765604
172221	29029	1
172221	29041	0.5501422
172221	29059	0.135421383
172222	29017	0.283394786
172222	29022	0.346468732
172222	29041	0.4498578
172223	29017	0.702370588
172224	29017	0.014234626
172224	29025	1
172234	21104	0.090714094
172235	21104	0.38100892
172236	21104	0.017097819
173208	15041	0.064491561
173225	15118	0.080914408
173226	15118	0.029900272
173253	9011	0.239717823
173253	15122	0.06991859
173270	21048	0.100857391
173271	21048	0.074171542
173271	21132	0.053511294
173272	21132	0.011511333
173280	29022	0.143765664
173293	21104	0.046600711
173294	21104	0.089288615
173294	21117	1
174278	15007	0.372769714
174278	15114	0.000829139
174279	15005	0.002190711
174279	15007	0.627230286
174279	15114	0.041286214
174285	15118	0.105959179
174292	15051	0.007625757
174312	9011	0.557230488
174312	15122	0.513858822
174314	15025	0.031550378
174314	15039	0.021664705
174314	15122	0.099350431
174321	15025	0.296977937
174322	15025	0.201346694
174339	29048	0.091170248
174339	29060	0.976121616
174340	29048	0.152864823
174340	29050	0.113096009
174341	29050	0.226336346
174342	29050	0.243059206
174343	29010	0.108112436
174343	29050	0.24755468
174344	29010	0.143803954
174353	21104	0.073690179
174353	21128	0.753310953
175330	15032	0.762328273
175333	15032	0.034722964
175333	15111	0.112026135
175334	15111	0.086919179
175338	15114	0.066205854
175339	15005	0.008384781
175340	15005	0.010878677
175341	15005	0.06032401
175348	15106	0.020299713
175349	15106	0.020362339
175356	15051	0.190023441
175357	15037	0.33138212
175371	9011	0.20305169
175371	15122	0.316872157
175380	15025	0.333454169
175380	15039	0.190226558
175381	15025	0.084454204
175381	15039	0.297954498
175389	21132	0.267820167
175390	21132	0.451599149
175398	29010	0.261139198
175398	29033	0.934971752
175398	29048	0.563724743
175398	29060	0.023878384
175399	29010	0.086132181
175399	29048	0.192240186
175400	29010	0.199047201
175403	29010	0.014691336
175403	29050	0.169953759
175412	21128	0.2044898
175413	21128	0.042199247
176377	16047	1
176378	16112	0.017984324
176380	16112	0.151721168
176384	15032	0.028816717
176389	15032	0.174132046
176389	15111	0.200228903
176392	15111	0.067470333
176393	15111	0.046692948
176396	15114	0.024977684
176397	15114	0.04207168
176399	15005	0.062294786
176400	15005	0.025106836
176401	15005	0.040639013
176402	15005	0.032278353
176403	15005	0.008769081
176404	15106	0.05774249
176405	15106	0.002749118
176407	15106	0.079671022
176408	15106	0.085111676
176409	15106	0.008432637
176411	15051	0.218515099
176412	15051	0.233841614
176413	15051	0.047044164
176415	15037	0.233235402
176415	15051	0.116899465
176439	15025	0.052216618
176439	15039	0.490154239
176447	21134	0.144029944
176447	21143	0.122127398
176448	21132	0.215558057
176448	21143	0.721835192
176450	29015	0.138745779
176451	29015	0.014932766
176457	29002	1
176457	29010	0.095130847
176457	29033	0.065028248
176458	29010	0.025582765
176459	29010	0.041134937
176459	29018	0.330976445
176460	29010	0.025225147
176460	29018	0.669023555
176460	29026	0.789291916
176461	29009	1
176461	29026	0.210708084
176461	29052	0.236794141
176472	29008	0.253997822
177438	16112	0.666532289
177439	16112	0.16376222
177448	15111	0.05108209
177449	15111	0.135904637
177450	15111	0.074911347
177451	15111	0.022056854
177452	15111	0.097479731
177452	15114	0.003148911
177456	15114	0.065742228
177458	15005	0.057419672
177461	15005	0.022717988
177462	15005	0.072990576
177462	15106	0.004068439
177463	15106	0.021516065
177465	15106	0.01622577
177466	15067	0.04694964
177466	15106	0.079387823
177467	15067	0.076031506
177467	15106	0.167956889
177468	15106	0.038202196
177469	15051	0.135877591
177469	15106	0.043584347
177470	15051	0.050172869
177506	21134	0.392043669
177507	21134	0.027842978
177507	21143	0.15603741
177507	29015	0.12420163
177509	29015	0.14389161
177512	29015	0.154888532
177512	29024	0.026301884
177520	29052	0.209009355
177521	29052	0.554196505
177530	29008	0.19758056
177531	29008	0.215881411
178509	15111	0.071938041
178511	15114	0.054902822
178515	15114	0.036537224
178517	15005	0.039707668
178519	15005	0.020014093
178520	15005	0.02028902
178521	15005	0.01373532
178522	15106	0.02662041
178523	15106	0.090328993
178524	15106	0.055368466
178525	15067	0.169450548
178525	15087	0.44759008
178525	15106	0.02233096
178526	15067	0.189120443
178526	15087	0.069372571
178527	15067	0.105925672
178527	15106	0.026800532
178533	15037	0.138712381
178534	15037	0.281098679
178564	21134	0.066892564
178565	21134	0.346779453
178567	29015	0.010830377
178571	29014	0.017637638
178571	29015	0.090617897
178571	29024	0.367856858
178572	29024	0.265891524
178585	29013	0.077814883
178588	29008	0.079286146
178588	29013	0.051443932
178589	29004	0.034032144
178589	29008	0.239753797
178590	29004	0.076934716
178590	29008	0.013500264
179568	15111	0.033289801
179573	15114	0.080570855
179574	15114	0.067569794
179575	15114	0.070959994
179576	15005	0.054388749
179576	15114	0.038506803
179577	15005	0.066707548
179578	15005	0.081756434
179579	15005	0.05997235
179580	15005	0.018289385
179581	15106	0.033396835
179586	15067	0.161753449
179592	15037	0.015571418
179609	15029	0.241075463
179610	15029	0.744099194
179623	21134	0.022411391
179623	21180	0.375509569
179628	29015	0.10567944
179629	29014	0.134231206
179629	29015	0.073930976
179630	29014	0.033145779
179630	29015	0.103409393
179631	29014	0.000451525
179631	29024	0.339949734
179635	29043	0.061152803
179644	29013	0.238073511
179645	29013	0.081803881
179648	29004	0.026802235
179649	29004	0.131182832
179654	21108	1
179654	21170	1
180632	15114	0.081190143
180635	15005	0.031590892
180642	15106	0.015979632
180645	15067	0.219771923
180669	15029	0.014825343
180669	15099	0.355413921
180681	21180	0.38744901
180682	21180	0.070814
180687	29012	0.400973215
180687	29014	0.019795337
180687	29015	0.038871599
180688	29012	0.560758312
180688	29014	0.106211144
180689	29014	0.053261927
180689	29040	0.065555124
180690	29014	0.001187533
180692	29040	0.047959899
180693	29040	0.148550591
180694	29040	0.133330485
180694	29043	0.938847197
180696	29031	0.260952919
180697	29005	0.77946916
180697	29031	0.065517159
180698	29005	0.202178392
180704	29013	0.342749198
180707	29004	0.108548116
181689	15114	0.015437239
181690	15114	0.097630023
181691	15005	0.012019507
181691	15114	0.039630377
181693	15005	0.0186731
181694	15005	0.034852585
181704	15067	0.030996819
181704	15087	0.331282273
181705	15087	0.059184956
181723	15099	0.145491765
181724	15099	0.118153159
181728	15099	0.201826756
181739	21180	0.018186949
181739	29021	0.247581161
181740	21180	0.148040472
181747	29012	0.038268473
181747	29014	0.09109264
181749	29014	0.071144068
181749	29040	0.019892984
181752	29040	0.254466288
181753	29040	0.327650007
181755	29031	0.041888533
181757	29005	0.018352448
181757	29031	0.188350957
181757	29039	1
181763	29004	0.04650135
181763	29013	0.208114595
181764	29004	0.055149359
181765	29004	0.119910356
181766	29004	0.110952835
182744	15124	0.011537488
182745	15124	0.07126248
182748	15114	0.070862495
182749	15114	0.023783563
182750	15005	0.002471385
182750	15114	0.032736613
182751	15005	0.038378443
182752	15005	0.08315904
182763	15087	0.051554859
182764	15087	0.041015261
182771	15046	0.197242415
182771	15057	1
182782	15011	0.224834014
182782	15099	0.072332122
182787	15099	0.062741205
182797	29021	0.144761176
182798	29021	0.198584018
182805	29014	0.073465236
182808	29014	0.036033366
182808	29040	0.002594623
182808	29055	1
182810	29011	0.23465448
182823	21083	0.007088162
182823	29004	0.146516191
182824	29004	0.132582342
183786	16034	0.29084363
183791	16098	0.519376477
183792	16098	0.352350427
183804	15124	0.200528262
183805	15124	0.064601549
183807	15114	0.000702089
183808	15074	0.019562267
183808	15114	0.044718257
183828	15046	0.113929491
183829	15046	0.236078541
183830	15046	0.399890716
183841	15011	0.276057575
183842	15011	0.124996585
183856	29006	0.121149308
183856	29021	0.174122482
183857	29006	0.023733252
183857	29021	0.234951162
183861	29020	0.123572391
183864	29014	0.151860056
183868	29011	0.211602612
183869	29003	0.230691927
183869	29011	0.220351813
183883	21083	0.192012995
183883	29004	0.010887524
183885	21094	0.031269513
183886	21094	0.097234378
184845	16034	0.257635667
184850	16098	0.128273096
184864	15074	0.000439509
184864	15124	0.188218337
184867	15074	0.077382125
184878	15047	1
184889	15013	0.015016351
184889	15046	0.052858836
184890	15013	0.984983649
184900	15011	0.179940973
184900	15033	0.203552123
184901	15011	0.075083055
184901	15033	0.148387297
184906	15069	1
184906	15093	0.076074553
184907	15093	0.11693322
184907	15099	0.044041072
184914	29006	0.121797501
184915	29006	0.010255817
184916	29006	0.053490955
184920	29006	0.024431495
184920	29020	0.189681202
184923	29014	0.085171799
184926	29011	0.240315687
184927	29003	0.417075914
184927	29011	0.093075407
184927	29034	0.042137135
184928	29003	0.352232159
184934	29031	0.229190192
184942	21083	0.040887096
184943	21083	0.067723824
184943	21094	0.173614323
184944	21083	0.00131931
184944	21094	0.697881786
185923	15074	0.060631278
185923	15124	0.044422147
185924	15074	0.026529722
185925	15074	0.04485432
185926	15074	0.076678111
185943	15060	0.063843622
185944	15060	0.080068448
185945	15060	0.040723305
185946	15060	0.115787936
185947	15060	0.08117845
185959	15033	0.301540251
185960	15033	0.204645692
185962	15011	0.119087797
185962	15100	0.169624734
185966	15093	0.067895737
185967	15093	0.198521093
185968	15093	0.177636901
185969	15093	0.19119639
185970	15093	0.171742106
185970	29006	0.008902612
185971	29006	0.25895101
185972	29006	0.189805227
185973	29006	0.17894131
185979	29006	0.008541513
185979	29020	0.176569936
185980	29020	0.185674334
185980	29045	0.346189994
185981	29014	0.06178163
185981	29020	0.288143641
185982	29014	0.063529116
185985	29034	0.074245727
185986	29034	0.094060483
185993	29031	0.168479879
185994	29031	0.04562036
185994	29034	0.238798216
186002	21083	0.026752905
186003	21083	0.102111396
186007	21105	1
186981	15074	0.004285274
186981	15124	0.230233911
186982	15074	0.05828562
186983	15074	0.081793264
186984	15074	0.008630858
186985	15074	0.064948947
187001	15060	0.005400046
187002	15060	0.037881036
187003	15060	0.004399205
187004	15060	0.111951582
187009	15060	0.025782075
187021	15100	0.830375266
187039	29020	0.036358496
187039	29045	0.653810006
187052	29034	0.500431091
187053	29034	0.050327349
187061	21083	0.11897906
187062	21083	0.057020395
188039	15124	0.096920548
188040	15124	0.092275278
188042	15074	0.005057303
188044	15074	0.034558504
188045	15074	0.058461325
188046	15074	0.011152612
188047	15042	0.031391259
188047	15074	0.004272589
188049	15042	0.017848863
188065	15060	0.078822761
188066	15060	0.159809352
188067	15060	0.166407831
188068	15060	0.027944352
188076	15033	0.141874637
188095	13008	1
188117	21083	0.043540742
188119	21083	0.007262266
188120	21083	0.084775517
188121	21083	0.154106534
189081	16034	0.006866112
189103	15074	0.039720488
189105	15042	0.085737802
189105	15074	0.030647598
189106	15042	0.253042699
189107	15042	0.214208181
189130	15024	0.210328143
189130	15121	0.038225263
189136	15081	0.520799365
189138	15081	0.111042326
189176	21083	0.024628521
189178	21083	0.044417232
189179	21083	0.027374045
190140	16034	0.444654591
190161	15074	0.043130189
190162	15074	0.028835072
190163	15074	0.061168001
190164	15042	0.05589109
190164	15074	0.067343186
190165	15042	0.137467512
190166	15042	0.178058123
190166	15048	0.032732584
190167	15042	0.017834734
190167	15048	0.150812541
190168	15048	0.174836508
190189	15121	0.002338342
190190	15121	0.959436396
190196	15081	0.077703585
190197	15081	0.290454724
190211	13021	1
191205	16080	1
191219	15048	0.022267603
191219	15064	0.10141116
191219	15074	0.00218446
191220	15074	0.052286035
191223	15074	0.011638116
191225	15042	0.008519738
191225	15048	0.07973606
191226	15048	0.062388383
191227	15014	0.120367047
191227	15048	0.060535388
191228	15014	0.005586295
191228	15048	0.12842736
191234	15056	0.685565843
191249	15024	0.399805815
191249	15091	0.542221002
191250	15024	0.389866042
191250	15053	0.426521683
191251	15053	0.573478317
191251	15059	1
191262	15065	0.137109129
191301	21212	0.352464706
192278	15064	0.27037308
192278	15074	0.025523229
192280	15048	0.106253543
192281	15048	0.16028047
192282	15048	0.00543564
192284	15014	0.240667516
192286	15014	0.034175449
192287	15014	0.182053455
192287	15048	0.001256679
192293	15026	0.053407564
192293	15056	0.314434157
192307	15091	0.030961112
192308	15091	0.426817886
192317	15092	0.897424925
192318	15084	0.033053379
192318	15092	0.102575075
192320	15016	0.036634388
192320	15075	1
192321	15016	0.313325896
192321	15065	0.862890871
193333	15064	0.006315283
193336	15064	0.091882417
193337	15064	0.392592839
193339	15048	0.015037242
193344	15014	0.223854618
193352	15026	0.051821987
193353	15026	0.005262621
193360	13063	0.135783977
193360	15095	1
193377	15084	0.479611795
193379	15016	0.033312152
193380	15016	0.033625793
193407	21053	0.000707962
193408	21053	0.044067366
193418	21212	0.647535294
194392	15064	0.137425221
194392	16093	1
194396	15085	0.072510488
194412	15026	0.061891969
194413	15026	0.067563952
194414	15026	0.108072115
194415	15026	0.10801172
194419	13063	0.243641687
194426	15120	0.54032858
194436	15084	0.227274724
194437	15084	0.096210403
194442	15061	0.49155193
195440	16050	0.011926446
195441	16050	0.037460589
195442	16050	0.111115288
195455	15085	0.063771982
195456	15085	0.17737688
195457	15085	0.008556551
195470	15026	0.003626275
195474	15026	0.005021266
195475	15026	0.038551821
195475	15112	0.355821814
195476	15026	0.043348463
195476	15112	0.263447968
195477	15112	0.372911006
195478	13063	0.270023271
195479	13063	0.023621079
195484	15035	1
195484	15120	0.389780579
195485	15120	0.069890841
195500	15061	0.244085865
195501	15061	0.264362205
195523	21053	0.002549384
195524	21053	0.005888214
196503	16050	0.003703056
196504	16050	0.015028975
196505	16017	0.001977751
196505	16050	0.06829833
196518	15014	0.141552085
196527	15026	0.05163923
196528	15026	0.102159538
196529	15026	0.137094792
196530	15026	0.113999108
196531	15026	0.035650612
196536	15112	0.002610383
196537	13063	0.006578421
196537	15112	0.00520883
196538	13063	0.230744942
196551	13069	0.967363826
196552	13069	0.032636174
196554	15084	0.004713714
196558	15016	0.042235732
196559	15016	0.152428407
196583	21053	0.050815906
197561	16050	0.08064132
197562	16050	0.291082848
197563	16050	0.028656596
197564	16017	0.014561268
197564	16050	0.115484608
197565	16017	0.019929742
197565	16050	0.094523851
197574	15085	0.093969859
197577	15001	0.032503319
197577	15014	0.051743535
197577	15085	0.011878544
197583	15102	0.44076096
197586	15026	0.012876967
197613	15084	0.159135985
197615	13066	0.627983542
197616	13066	0.372016458
197616	15016	0.223148691
197618	13083	0.486021124
197618	15016	0.165288941
197619	13083	0.181904032
197640	21053	0.063427071
197641	21053	0.103952303
197642	21053	0.050267027
198620	16050	0.013520424
198624	16017	0.014261775
198625	16017	0.057085824
198626	16017	0.021793879
198633	15085	0.055742725
198634	15085	0.127487662
198635	15085	0.124615361
198636	15001	0.127724577
198636	15085	0.103313701
198637	15001	0.067464296
198642	15102	0.080528482
198643	15045	0.015171483
198643	15102	0.478710559
198664	15036	0.011381147
198664	15096	0.255623796
198665	15036	0.148353524
198678	13083	0.179961026
198679	13083	0.152113819
198697	21053	0.027534386
198698	21053	0.117944812
198699	21053	0.040892622
199673	11038	0.17762173
199673	16050	0.1031839
199685	16017	0.009609574
199686	16017	0.046911607
199695	15001	0.002476912
199696	15001	0.023413701
199697	15001	0.037566616
199702	15045	0.101176552
199703	15045	0.055095604
199704	15045	0.059185154
199705	15045	0.005348864
199716	13013	0.009442979
199716	13063	0.017018215
199717	13063	0.03943673
199723	15096	0.744376204
199748	13016	0.012034108
199748	13057	0.076215498
199749	13016	0.006128909
199755	21053	0.107973589
199756	21053	0.115596698
199768	21039	0.225888921
199772	21078	0.010747105
200732	11038	0.247649893
200732	16050	0.025373768
200733	11038	0.064850647
200743	16017	0.022508805
200745	16017	0.101493147
200751	15001	0.001448437
200752	15001	0.023839281
200764	15045	0.059301324
200773	13063	0.008055268
200775	13013	0.239385639
200776	13013	0.367015696
200776	13063	0.02509641
200777	13013	0.134413866
200802	13057	0.01779808
200803	13057	0.069334227
200807	13057	0.205339798
200812	13016	0.026182456
200812	21053	0.049119389
200813	21053	0.212360983
200814	21053	0.006902287
200822	21208	0.293676361
200823	21208	0.060791154
200827	21039	0.774111079
200827	21167	0.086446045
200830	21078	0.160602028
200831	21078	0.314259001
200831	21202	0.139564726
200832	21202	0.443552813
200833	21202	0.212122927
201790	11038	0.029935541
201792	11038	0.268658007
201793	11019	0.01949125
201793	11038	0.211284182
201794	11019	0.009482392
201795	11019	0.117477972
201797	11019	0.009362238
201797	16031	0.263879266
201798	16017	0.0115805
201798	16031	0.223370184
201802	16017	0.040795589
201803	16017	0.203497153
201804	16017	0.121587359
201806	15085	0.034116421
201807	15085	0.007954035
201811	15001	0.124768462
201815	15003	0.020210769
201816	15001	0.079281427
201816	15003	0.001945681
201817	15001	0.024350668
201818	15001	0.121205158
201819	15001	0.103367424
201835	13013	0.07810151
201836	13013	0.171640311
201844	15036	0.144209986
201861	13057	0.015095875
201866	13016	0.000972454
201866	13057	0.212085044
201869	13016	0.007136234
201871	13016	0.053875066
201872	13016	0.014047434
201885	21167	0.572173425
201886	21167	0.34138053
201890	21078	0.23183522
201890	21202	0.063775081
201891	21202	0.140984454
202852	11019	0.040268687
202853	11019	0.010794478
202854	11019	0.058441701
202857	16017	0.005391242
202857	16031	0.31727233
202858	16031	0.101735843
202862	16017	0.091558439
202863	15085	0.007363754
202863	16017	0.024317978
202864	15085	0.068002134
202865	15085	0.038068118
202867	15001	0.00888326
202867	22001	0.013193344
202868	15001	0.050441738
202869	15001	0.006105293
202870	15001	0.017327316
202873	15003	0.009653667
202874	15003	0.146793024
202875	15001	0.024865117
202876	15001	0.113230768
202878	15001	0.009736229
202878	15003	0.125431044
202879	15003	0.022965965
202902	13052	0.049993275
202902	15036	0.010757076
202903	13052	0.114296414
202903	15036	0.16898922
202904	15036	0.285403396
202925	13056	0.485277202
202925	13057	0.016336817
202928	13016	0.029142602
202929	13016	0.079188906
202930	13016	0.114928267
202931	13016	0.021548077
202940	21208	0.005548322
202948	21078	0.118807609
202948	21215	1
202949	21078	0.163749037
203911	11019	0.02586729
203912	11019	0.084613302
203913	11019	0.005502789
203921	16017	0.130049293
203921	16031	0.01631979
203922	15085	0.005271786
203922	16017	0.061089074
203922	22001	0.005512523
203923	22001	0.098980455
203925	22001	0.009246793
203926	22001	0.059210932
203932	15003	0.016561736
203938	15003	0.129579292
203955	13010	0.070213169
203962	13052	0.152230107
203962	15036	0.20632411
203978	13057	0.159891254
203984	13056	0.341781521
203985	13056	0.172941277
203987	13016	0.074886691
203988	13016	0.043765839
203989	13016	0.066401598
203990	13016	0.047698417
203991	13016	0.002479428
203999	21208	0.336011401
204003	21006	0.587267825
204003	21162	1
204004	21006	0.412732175
204004	21014	0.062128157
204006	21028	0.268946155
204007	21028	0.028765842
204007	21077	0.310343159
204007	21210	0.254564259
204008	21077	0.053402276
204008	21210	0.35195119
204009	21077	0.117687949
204009	21084	0.804288357
204009	21210	0.393484551
204011	21216	1
204970	11019	0.038268078
204971	11019	0.02338575
204980	16031	0.07075862
204980	22001	0.066362229
204981	22001	0.0810237
204982	22001	0.095894703
204996	15003	0.022624813
204997	15003	0.1642351
205010	13076	0.184395334
205014	13010	0.465671638
205015	13010	0.104544068
205021	13052	0.082608342
205022	13052	0.110701655
205022	15036	0.024581542
205025	13052	0.027216837
205026	13052	0.102860606
205030	13051	0.113800417
205031	13051	0.628009485
205032	13051	0.258190098
205036	13022	0.240434912
205036	13057	0.005525637
205037	13057	0.022302659
205045	13016	0.001120224
205047	13016	0.073808172
205048	13016	0.058512759
205049	13016	0.124537942
205050	13016	0.041067369
205050	21008	0.143714103
205051	21008	0.091531157
205058	21049	0.025115906
205058	21208	0.303972762
205063	21014	0.352819362
205065	21028	0.702288003
205065	21030	0.622801516
205066	21077	0.181523308
205067	21077	0.337043308
205067	21107	0.101093468
205068	21084	0.156213992
205069	21084	0.039497651
206029	11019	0.03497715
206041	22001	0.039817053
206042	22001	0.042309815
206055	15003	0.043902192
206056	15045	0.022403061
206057	15045	0.087288277
206061	15045	0.018060697
206062	15045	0.012529159
206062	15079	0.515308018
206063	13076	0.019173059
206063	15045	0.042444997
206063	15079	0.484691982
206064	13076	0.041036138
206066	13076	0.072896198
206067	13076	0.006783078
206069	13076	0.218165598
206074	13010	0.359571125
206074	13074	1
206081	13052	0.072144142
206085	13052	0.138088809
206094	13022	0.107748875
206095	13022	0.114038375
206095	13057	0.197310402
206100	13077	0.026840312
206107	13002	0.058592246
206107	13016	0.040757825
206108	13002	0.022531233
206108	13016	0.059779224
206110	21008	0.642418498
206111	21008	0.122336241
206117	21049	0.230911229
206122	21014	0.523199344
206122	21123	0.036727832
206123	21014	0.061853138
206123	21123	0.108399553
206124	21030	0.377198484
206126	21107	0.495033098
206129	21029	0.393224568
207087	11019	0.026320083
207088	11019	0.001644888
207108	15003	0.011529107
207109	15003	0.037210179
207117	15045	0.016736061
207118	15045	0.017225838
207119	15045	0.119901527
207120	15045	0.088538463
207122	13076	0.21263957
207123	13076	0.045967624
207126	13076	0.048579467
207128	13067	0.241506846
207128	13076	0.092486649
207129	13067	0.057974687
207143	13052	0.048858737
207144	13052	0.024716142
207153	13022	0.503658308
207153	13039	0.605231113
207154	13022	0.03411953
207154	13057	0.00276471
207166	13002	0.06568918
207167	13002	0.021627414
207168	13002	0.065628063
207174	21049	0.158385569
207174	21071	0.01176828
207175	21049	0.307145158
207176	21049	0.150162076
207177	21183	0.021146147
207178	21183	0.033155628
207178	21184	0.064766661
207181	21123	0.100443093
207182	21123	0.736977968
207185	21107	0.403873434
207187	21072	0.811403513
207188	21029	0.606775432
207188	21072	0.168219975
207188	30203	1
208147	11019	0.022802497
208161	22001	0.037122631
208166	15003	0.021444368
208167	15003	0.089991503
208168	15003	0.015020865
208176	13044	0.032571605
208176	15045	0.063051007
208178	13044	0.002907374
208179	13044	0.050066575
208179	15045	0.056691795
208180	13044	0.039645126
208180	15045	0.059354989
208181	13017	0.088930217
208181	13076	0.057877286
208181	15045	0.100495148
208182	13017	0.014481819
208188	13067	0.357690857
208192	13041	0.077580258
208192	13065	1
208221	13077	0.04612239
208226	13002	0.075173495
208227	13002	0.105673978
208228	13002	0.027241263
208232	21071	0.067042149
208233	21071	0.095528692
208234	21049	0.128280062
208234	21183	0.061130181
208236	21183	0.125844673
208237	21183	0.047276692
208237	21184	0.376109559
208238	21184	0.559123779
208241	21068	0.107036979
208241	21123	0.017451554
208242	21068	0.892963021
208246	21072	0.020376511
209206	11019	0.073302863
209220	22001	0.026851024
209221	22001	0.079745347
209222	22001	0.08048726
209223	22001	0.166641574
209224	15003	0.072593707
209224	22001	0.097600617
209225	15003	0.048306987
209234	13044	0.047384945
209235	13044	0.047237794
209237	13044	0.067384316
209240	13017	0.179615046
209241	13017	0.202392532
209246	13067	0.097212069
209247	13067	0.229949419
209248	13067	0.015666122
209251	13041	0.295707939
209255	13005	0.438124349
209256	13005	0.542047153
209259	13003	0.056962307
209259	13009	0.016167048
209259	13052	0.076284936
209263	13009	0.138957351
209270	13045	0.00894251
209280	13077	0.418487031
209281	13077	0.282412153
209284	13002	0.028593212
209285	13002	0.033602166
209286	13002	0.078447034
209287	13002	0.009007605
209287	21071	0.082093136
209288	13002	0.002698321
209288	21071	0.092789468
209290	21071	0.002002015
209291	21071	0.187616349
209293	21183	0.22047843
209294	21183	0.19548525
209295	21183	0.036797149
210265	11019	0.067060768
210290	13044	0.002458927
210291	13044	0.034990702
210292	13044	0.032774383
210293	13044	0.02165425
210294	13044	0.077665595
210295	13044	0.150243886
210296	13044	0.001458418
210297	13017	0.104068632
210297	13044	0.016396184
210300	13017	0.15875238
210301	13017	0.007136479
210310	13041	0.155053096
210311	13041	0.16890311
210314	13005	0.019828498
210314	13023	0.147076001
210315	13023	0.219987054
210316	13054	0.283717203
210317	13054	0.441545706
210318	13003	0.026930971
210320	13009	0.131910111
210321	13009	0.050029379
210322	13009	0.291690138
210324	13038	0.094277621
210327	13038	0.111440476
210328	13038	0.125067972
210328	13039	0.394768887
210328	13045	0.324735573
210329	13045	0.666321917
210331	13024	0.002427569
210339	13035	0.033098571
210339	13077	0.226138114
210343	13002	0.018684596
210344	13002	0.034441881
210345	13002	0.078189722
210346	13002	0.056924636
210346	21100	0.046482161
210347	21071	0.035383802
210347	21100	0.188075726
210349	21071	0.019529486
210350	21071	0.083004296
210352	21071	0.032277808
210352	21183	0.21647403
210353	21183	0.042211819
210361	30067	0.071883485
210362	21089	0.458549222
210362	30067	0.055663217
210365	30050	0.139844806
211322	11019	0.025959793
211323	11019	0.047392323
211324	11019	0.067488109
211348	13044	0.04663075
211348	15071	1
211349	13044	0.033425606
211350	13044	0.056101145
211351	13044	0.038791121
211352	13044	0.03433866
211353	13044	0.054953564
211355	13044	0.018363458
211356	13017	0.115505958
211356	13044	0.021524972
211369	13041	0.121332468
211369	13050	0.240268909
211371	13023	0.083019018
211372	13023	0.126452445
211374	13023	0.117751371
211374	13054	0.230027254
211375	13054	0.044709837
211378	13009	0.013266944
211380	13009	0.257925757
211381	13009	0.100053271
211381	13038	0.014890568
211382	13038	0.189534974
211383	13038	0.076587637
211384	13038	0.164931729
211385	13038	0.165730814
211386	13038	0.057538211
211389	13024	0.019644755
211390	13024	0.631628018
211391	13024	0.259485541
211394	13001	0.072903497
211397	13035	0.025696557
211398	13035	0.138495896
211402	13002	0.017475431
211403	13002	0.076441766
211404	13002	0.050683531
211405	21100	0.034103181
211406	21100	0.212451657
211407	21071	0.102923672
211408	21071	0.104842837
211409	21071	0.044296254
211409	21091	0.167481737
211410	21071	0.017040543
211410	21091	0.832518263
211420	30067	0.229974549
211420	30103	0.006401288
211421	30067	0.094943719
211421	30103	0.511838309
211424	30050	0.860155194
211424	30064	1
212382	11019	0.046367318
212386	11010	0.209085868
212387	11010	0.790914132
212387	11019	0.027147414
212387	22008	0.026021961
212402	22016	0.013359402
212407	13044	0.033154905
212415	13017	0.12911694
212415	13044	0.013945287
212428	13050	0.536096842
212429	13041	0.111837928
212429	13050	0.223634249
212430	13023	0.121973978
212430	13041	0.069585201
212431	13023	0.183740132
212453	13001	0.221764807
212454	13001	0.00879752
212455	13035	0.031297715
212456	13035	0.349330329
212457	13035	0.185112137
212458	13035	0.016173817
212459	13035	0.024564322
212459	21057	0.122984824
212460	21057	0.329773896
212461	13002	0.006007875
212461	21057	0.503136633
212462	13002	0.008338055
212463	13002	0.041988138
212464	13002	0.016319159
212464	21109	0.120780407
212465	21100	0.465738307
212465	21109	0.017102814
212466	21071	0.021861212
212466	21100	0.012217156
212475	21089	0.105869071
212479	30067	0.211702192
212479	30103	0.139311386
212480	30067	0.205212844
212480	30103	0.342449017
213438	11019	0.006100812
213441	11019	0.031542781
213446	22008	0.006962482
213447	16031	0.006663967
213447	22008	0.132742423
213448	22008	0.068969822
213449	22008	0.021198845
213464	13029	0.038243193
213466	13044	0.000688003
213473	13029	0.007278687
213474	13029	0.087347536
213474	13044	0.02324245
213498	13003	0.021999732
213499	13003	0.019390815
213500	13003	0.02758727
213505	13012	0.010226935
213512	13001	0.107918115
213513	13001	0.191763512
213514	13001	0.067535857
213514	13035	0.063371739
213516	13035	0.02648533
213519	21057	0.044104647
213523	21109	0.134006638
213524	21100	0.040931811
213524	21109	0.13067755
213533	21089	0.391294435
213533	21213	0.591543458
213534	21089	0.044287273
213538	30037	0.29095241
213539	30037	0.456831094
213539	30051	0.067916365
213539	30067	0.130619994
213540	30051	0.083917897
214497	11004	0.025324489
214497	11019	0.007573075
214500	11004	0.097780996
214500	11019	0.014879818
214501	11004	0.014009712
214508	22008	0.063372361
214518	22016	0.069284334
214519	22016	0.057978803
214520	22016	0.016864577
214523	13029	0.071949301
214524	13029	0.041278638
214532	13029	0.077848452
214543	13019	0.42766827
214544	13019	0.57233173
214555	13003	0.094579867
214556	13003	0.13274575
214557	13003	0.249859168
214558	13003	0.15694673
214559	13003	0.081439578
214561	13012	0.024243813
214562	13012	0.062055525
214564	13012	0.066053635
214581	21109	0.032320073
214582	21109	0.272749681
214583	21109	0.08181093
214592	21213	0.408456542
214597	30037	0.252216495
214601	30051	0.006352571
214601	30066	0.688438963
215560	11004	0.017080514
215560	11019	0.023945193
215561	11019	0.017375702
215564	22008	0.001622584
215565	22008	0.041342379
215566	22008	0.03975274
215567	22008	0.092182578
215576	22016	0.006265064
215577	22016	0.075524059
215581	22016	0.007691069
215582	13029	0.041037974
215582	22016	0.01822169
215583	13029	0.069774074
215589	13029	0.044534369
215590	13029	0.068900352
215591	13029	0.016129867
215599	13006	0.008714043
215600	13006	0.24769627
215601	13006	0.130669915
215613	13003	0.010414286
215613	13055	0.125135903
215614	13003	0.055729085
215614	13055	0.094455512
215615	13003	0.059752431
215619	13012	0.068189488
215620	13012	0.096935474
215623	13012	0.080490846
215624	13012	0.008856416
215629	13001	0.024324091
215629	13024	0.086814117
215630	13001	0.193250334
215631	13001	0.111742266
215631	13004	0.047560118
215631	13035	0.067544634
215632	13004	0.193266289
215632	13035	0.038828954
215638	13060	1
215642	21109	0.080704717
215643	21109	0.127172842
215643	21178	0.263849138
215644	21178	0.038232018
215659	30051	0.006984832
215660	30051	0.138443187
215660	30066	0.120802191
216616	11004	0.027934323
216617	11004	0.12030584
216618	11004	0.13663226
216619	11004	0.010286835
216620	11019	0.015163485
216620	22006	0.015160564
216621	22006	0.083653147
216622	22008	0.044263921
216623	22008	0.064914952
216624	22008	0.023639919
216625	22008	0.028376817
216626	22008	0.071849152
216636	22016	0.045195972
216637	22016	0.054649692
216638	22016	0.055183882
216639	22016	0.058402772
216640	22016	0.065248623
216642	13029	0.082517093
216643	13029	0.123199304
216644	13029	0.042586927
216648	13029	0.019100117
216658	13006	0.107828385
216659	13006	0.183109194
216671	13055	0.038022801
216672	13055	0.096617576
216674	13003	0.005662008
216682	13012	0.081611236
216684	13012	0.025054675
216685	13012	0.026705962
216691	13004	0.316559433
216692	13004	0.089541927
216702	21109	0.002674348
216702	21178	0.284433769
216703	21178	0.276815495
216718	30051	0.111396835
216719	30051	0.112847253
216719	30066	0.190758846
217678	11004	0.060571267
217678	22006	0.066487561
217679	22006	0.082352592
217680	22006	0.167230345
217681	22006	0.014143561
217681	22008	0.031258489
217682	22008	0.008884553
217684	22008	0.084751174
217685	22008	0.000448932
217692	22016	0.040141155
217693	22016	0.001537009
217695	22016	0.001526448
217697	22016	0.009799036
217717	13006	0.090837578
217730	13055	0.00637827
217741	13012	0.130355093
217742	13012	0.100475532
217743	13012	0.092054628
217744	13012	0.050556681
217750	13004	0.114846877
217751	13004	0.238225357
217761	21178	0.106644967
217761	21187	0.091827213
217762	21178	0.030024613
217762	21187	0.23736203
217776	30051	0.143005247
217777	30040	0.799926812
217777	30051	0.017223316
217778	30040	0.200073188
217778	30051	0.013450281
218734	11004	0.090601771
218739	22006	0.068504177
218740	22006	0.017764414
218741	22008	0.033466525
218742	22008	0.044758894
218743	22008	0.023296054
218748	22012	0.035027362
218752	22016	0.004116816
218755	22016	0.03854542
218755	22017	0.008691165
218756	22016	0.056108713
218757	22016	0.036444767
218770	13029	0.021212062
218775	13006	0.193569626
218776	13006	0.034559391
218777	13006	0.003015597
218779	13030	0.004344587
218790	13055	0.156187754
218800	13012	0.009676513
218801	13012	0.063870478
218801	13036	0.059374109
218802	13012	0.002587072
218807	30072	0.076442057
218807	30198	0.000915746
218809	30198	0.057583707
218810	30198	0.041845259
218813	13053	0.046602795
218814	13053	0.206499095
218815	13053	0.287281791
218816	13053	0.158084069
218821	21187	0.297253164
218828	21086	0.032535578
218834	30051	0.095588413
218835	30051	0.025803434
219793	11004	0.026247213
219794	11004	0.102125585
219798	22006	0.000665944
219806	22012	0.002610839
219807	22012	0.114036263
219809	22012	0.039908655
219810	22012	0.021164127
219829	13029	0.022244255
219829	13059	0.036883876
219848	13055	0.117453009
219849	13055	0.154881449
219859	13036	0.054217041
219860	13036	0.212515057
219864	30072	0.004002193
219866	30198	0.010933182
219867	30072	0.096269691
219867	30198	0.113607669
219868	30198	0.06652114
219869	30198	0.112762815
219870	30198	0.097085883
219872	13053	0.047886395
219879	13027	0.129680096
219880	21187	0.257722413
219881	21187	0.115835181
219887	21086	0.122252747
219892	30051	0.061857884
219893	30051	0.070784499
220852	11004	0.027949777
220853	11004	0.013150225
220854	11004	0.107280072
220854	22006	0.046643704
220866	22012	0.043449147
220867	22012	0.036421719
220868	22012	0.025728896
220869	22012	0.128941392
220870	22016	0.137699395
220871	22016	0.009160431
220887	13029	0.077769368
220887	13059	0.019805138
220888	13059	0.002644875
220907	13015	0.023709278
220907	13055	0.210867726
220918	13036	0.28786696
220919	13036	0.020002394
220926	30072	0.009027828
220926	30198	0.000634228
220927	30072	0.003483209
220927	30198	0.154670137
220928	30198	0.004635473
220929	30198	0.006713093
220930	30198	0.064524592
220938	13027	0.218826618
220939	13027	0.012429153
220943	21086	0.185707134
220944	21086	0.143843812
220945	21086	0.096140888
220946	21086	0.034064358
220951	21194	0.16276545
220951	30051	0.044427985
221911	11004	0.000231191
221911	11005	0.052957502
221912	11004	0.09439237
221912	11005	0.009707083
221913	11004	0.028095561
221913	22006	0.036160735
221914	22006	0.142228236
221915	22006	0.068732465
221916	22006	0.010578024
221917	22006	0.035260881
221918	22008	0.045922445
221918	22014	0.126849371
221925	22012	0.035304448
221926	22012	0.025210801
221927	22012	0.067368724
221928	22012	0.0123417
221928	22016	0.028738054
221929	22016	0.078471189
221929	22017	0.022715958
221943	13059	0.073073059
221944	13059	0.131448234
221945	13029	0.008105761
221945	13059	0.118025966
221946	13029	0.03894267
221960	13030	0.073017825
221961	13030	0.184627284
221962	13015	0.071696344
221962	13030	0.037848004
221963	13015	0.005885608
221964	13015	0.010749656
221965	13015	0.171461732
221966	13015	0.01798318
221985	30198	0.011503646
221986	30198	0.100991129
221989	30198	0.058747367
221990	30180	0.027028645
221990	30198	0.020600941
222002	21086	0.08304005
222003	21086	0.213096083
222003	21111	0.010535509
222004	21086	0.089319349
222010	21194	0.039924719
222970	11005	0.176108523
222973	22006	0.137910891
222976	22006	0.000300943
222976	22014	0.099393625
222977	22014	0.247903795
222984	22012	0.15313287
222985	22012	0.128892339
222986	22012	0.103426909
222987	22012	0.015377215
222987	22017	0.091704664
222988	22016	0.013841629
222988	22017	0.137178673
223000	13059	0.025277087
223001	13059	0.099678266
223002	13059	0.176614722
223003	13059	0.063823528
223020	13030	0.09884976
223022	13015	0.062149492
223024	13015	0.193615508
223042	30072	0.023804872
223044	30198	0.067770177
223045	30198	0.004930004
223049	30180	0.212354474
223050	30180	0.313840288
223055	13053	0.01215408
223056	13053	0.1585438
223061	21111	0.048621534
223062	21111	0.172786997
223063	21111	0.108463479
223071	21194	0.072810292
224029	11005	0.166123534
224031	11005	0.0077028
224032	11005	0.029384955
224032	22006	0.006221814
224045	22005	0.221247405
224045	22012	0.011656593
224055	22007	0.091623828
224059	13059	0.05692374
224059	22004	0.045628948
224062	13059	0.139336078
224063	13059	0.013599464
224081	13015	0.049172674
224083	13015	0.021049072
224084	13015	0.005059284
224099	13036	0.042338536
224100	13036	0.024391459
224100	30072	0.297433529
224101	30072	0.192369213
224103	30072	0.060442985
224103	30198	0.00302381
224104	30072	0.051406317
224104	30170	0.232799166
224109	30180	0.048580781
224110	30180	0.392291442
224111	30180	0.005904369
224115	13053	0.067074505
224116	13027	0.137583585
224116	13053	0.01587347
224117	13027	0.006002376
224120	21111	0.000647358
224121	21111	0.128901776
224122	21111	0.205468018
224123	21111	0.030484655
224130	21194	0.124692427
224131	21194	0.039589007
225088	11005	0.178984056
225090	22014	0.031648247
225091	22014	0.210262308
225104	22005	0.286422022
225105	22005	0.019592209
225106	22017	0.038141076
225107	22017	0.122997479
225108	22017	0.129628257
225109	22017	0.13862371
225110	22017	0.119890789
225114	22007	0.434180518
225117	22004	0.030591436
225118	22004	0.314498557
225121	13059	0.005343017
225122	13059	0.037522949
225134	13030	0.008216222
225135	13030	0.097614518
225138	13015	0.022139003
225139	13015	0.057155374
225140	13015	0.007341282
225150	13037	0.133342487
225157	13036	0.105764898
225158	13036	0.193529545
225160	30072	0.095616204
225163	30170	0.467585551
225164	30170	0.299615283
225175	13027	0.174331265
225176	13027	0.033291705
225180	21111	0.133087
225181	21111	0.065430661
225182	21111	0.026021585
225183	21111	0.020801884
225186	21194	0.267339765
225190	21194	0.29287834
225190	30175	0.352455713
225191	30175	0.490840247
226146	11005	0.153696994
226147	11005	0.038452732
226162	22005	0.002532019
226163	22005	0.179985753
226164	22017	0.050974636
226165	22017	0.11107603
226167	22017	0.006793547
226172	22007	0.127094394
226173	22007	0.347101261
226176	22004	0.306860794
226191	13084	0.156843276
226193	13030	0.19816563
226197	13015	0.065088106
226198	13015	0.032587839
226209	13037	0.154547893
226210	13037	0.273397884
226211	13037	0.033968098
226219	30072	0.089701902
226233	13027	0.129953644
226234	13027	0.148691497
226235	13027	0.009210061
226238	30083	0.871137134
226239	30083	0.128862866
226241	21111	0.048749542
226250	30175	0.15670404
227205	11005	0.186881821
227208	22014	0.099618209
227210	22014	0.026142651
227211	22014	0.096450684
227213	22011	0.462287189
227213	22014	0.06173111
227217	22011	0.537712811
227221	22005	0.175466477
227223	22005	0.114754114
227223	22017	0.021584015
227235	22004	0.073129354
227236	22004	0.229290911
227249	13084	0.349239228
227250	13084	0.493917497
227252	13030	0.297316169
227255	13015	0.003400327
227257	13015	0.052651482
227258	13015	0.127104759
227269	13037	0.404743638
