GRIDCODE,CVENTMUN,Furb,Frur,Fpob,Ptot,PobT_urb,Ptot_rur,
1345709,16014,,0.066481183,0.066481183,454,,6829,6829
1345726,16026,,0.011969021,0.011969021,51,,4261,4261
1348886,16014,,0.000439303,0.000439303,3,,6829,6829
1348887,16014,,0.000292869,0.000292869,2,,6829,6829
1348895,16014,,0.021379411,0.021379411,146,,6829,6829
1348904,16026,,0.006336541,0.006336541,27,,4261,4261
1348908,16026,,0.006336541,0.006336541,27,,4261,4261
1352059,06009,,0.000301205,0.000301205,3,,9960,9960
1352060,16014,,0.0639918,0.0639918,437,,6829,6829
1352067,16014,0.17036702,0.000585737,0.0883411,1248.701445,7306,6829,14135
1352068,16014,0.120269084,,0.120269084,878.6859308,7306,,7306
1352071,16014,,0.000585737,0.000585737,4,,6829,6829
1352073,16014,,0.003075121,0.003075121,21,,6829,6829
1352074,16014,,0.001171475,0.001171475,8,,6829,6829
1352076,16014,,0.002050081,0.002050081,14,,6829,6829
1352081,16026,,0.00422436,0.00422436,18,,4261,4261
1352085,16026,,0.001877494,0.001877494,8,,4261,4261
1355239,16014,,0.000146434,0.000146434,1,,6829,6829
1355243,16014,,0.000292869,0.000292869,2,,6829,6829
1355244,16014,0.004333484,,0.004333484,31.66043675,7306,,7306
1355245,16014,0.074591259,,0.074591259,544.9637389,7306,,7306
1355246,16014,0.218592735,0.000585737,0.11326767,1601.03852,7306,6829,14135
1355247,16014,0.002036711,,0.002036711,14.88021293,7306,,7306
1355248,16014,,0.001903646,0.001903646,13,,6829,6829
1355259,16026,,0.00422436,0.00422436,18,,4261,4261
1355260,16026,,0.004693734,0.004693734,20,,4261,4261
1355261,16026,,0.001173433,0.001173433,5,,4261,4261
1358417,16014,,0.00102504,0.00102504,7,,6829,6829
1358422,16014,0.000926273,0.001317909,0.001115483,15.76734698,7306,6829,14135
1358423,16014,0.100205047,0.000146434,0.051864031,733.0980758,7306,6829,14135
1358424,16014,0.19681048,,0.19681048,1437.897365,7306,,7306
1358425,16014,0.042698724,0.000439303,0.022282057,314.9568787,7306,6829,14135
1358430,16014,,0.075267243,0.075267243,514,,6829,6829
1358441,16026,,0.0035203,0.0035203,15,,4261,4261
1361597,16014,,0.005710939,0.005710939,39,,6829,6829
1361598,16014,,0.001464343,0.001464343,10,,6829,6829
1361600,16014,,0.002928686,0.002928686,20,,6829,6829
1361601,16014,0.006640583,,0.006640583,48.51609741,7306,,7306
1361602,16014,0.047011289,,0.047011289,343.4644762,7306,,7306
1361603,16014,0.015654188,,0.015654188,114.3694974,7306,,7306
1361605,16014,,0.000732172,0.000732172,5,,6829,6829
1361611,16014,,0.021965149,0.021965149,150,,6829,6829
1361614,16014,,0.000292869,0.000292869,2,,6829,6829
1364773,06009,,0.002008032,0.002008032,20,,9960,9960
1364774,06009,,0.000702811,0.000702811,7,,9960,9960
1364776,16014,,0.001610778,0.001610778,11,,6829,6829
1364787,16014,,0.000732172,0.000732172,5,,6829,6829
1367948,06009,,0.000301205,0.000301205,3,,9960,9960
1367951,06009,,0.012349398,0.012349398,123,,9960,9960
1367955,16014,,0.061941719,0.061941719,423,,6829,6829
1367958,16014,,0.000146434,0.000146434,1,,6829,6829
1367961,16014,,0.000585737,0.000585737,4,,6829,6829
1367962,16014,,0.001171475,0.001171475,8,,6829,6829
1367966,16014,,0.020940108,0.020940108,143,,6829,6829
1367971,16014,,0.000292869,0.000292869,2,,6829,6829
1371129,06009,,0.001104418,0.001104418,11,,9960,9960
1371130,06009,0.000521427,,0.000521427,53.58492039,102766,,102766
1371136,16014,,0.00102504,0.00102504,7,,6829,6829
1371137,16014,,0.001317909,0.001317909,9,,6829,6829
1371138,16014,,0.000146434,0.000146434,1,,6829,6829
1371145,16014,,0.000732172,0.000732172,5,,6829,6829
1371146,16014,,0.003221555,0.003221555,22,,6829,6829
1371147,16014,,0.005564504,0.005564504,38,,6829,6829
1371149,16014,,0.006003807,0.006003807,41,,6829,6829
1374299,06009,,0.000200803,0.000200803,2,,9960,9960
1374307,06009,0.016606233,,0.016606233,1706.55613,102766,,102766
1374308,06009,0.034647389,,0.034647389,3560.573549,102766,,102766
1374313,16014,,0.355103236,0.355103236,2425,,6829,6829
1374314,16014,,0.001464343,0.001464343,10,,6829,6829
1374316,16014,,0.000292869,0.000292869,2,,6829,6829
1374321,16014,,0.024747401,0.024747401,169,,6829,6829
1377485,06009,0.009169399,0.000502008,0.008403584,947.3024436,102766,9960,112726
1377486,06009,0.012990512,0.000401606,0.011878208,1338.982912,102766,9960,112726
1380653,06009,,0.000502008,0.000502008,5,,9960,9960
1380663,06009,,0.022791165,0.022791165,227,,9960,9960
1380673,16014,,0.099136037,0.099136037,677,,6829,6829
1380675,16014,,0.002196515,0.002196515,15,,6829,6829
1383829,06009,,0.000401606,0.000401606,4,,9960,9960
1383831,06009,,0.001004016,0.001004016,10,,9960,9960
1383832,06009,,0.001506024,0.001506024,15,,9960,9960
1383834,06009,,0.000502008,0.000502008,5,,9960,9960
1383835,06009,,0.001004016,0.001004016,10,,9960,9960
1383841,06009,,0.000702811,0.000702811,7,,9960,9960
1383842,06009,,0.000903614,0.000903614,9,,9960,9960
1383843,06009,,0.000200803,0.000200803,2,,9960,9960
1383853,16014,,0.001757212,0.001757212,12,,6829,6829
1387008,06009,,0.001305221,0.001305221,13,,9960,9960
1387009,06009,,0.002710843,0.002710843,27,,9960,9960
1387013,06009,,0.002108434,0.002108434,21,,9960,9960
1387014,06009,,0.000301205,0.000301205,3,,9960,9960
1387015,06009,,0.000401606,0.000401606,4,,9960,9960
1387018,06009,,0.000401606,0.000401606,4,,9960,9960
1387023,06009,,0.000803213,0.000803213,8,,9960,9960
1390184,06009,,0.000702811,0.000702811,7,,9960,9960
1390186,06009,,0.000903614,0.000903614,9,,9960,9960
1390188,06009,,0.000502008,0.000502008,5,,9960,9960
1390195,06009,,0.002108434,0.002108434,21,,9960,9960
1393360,06009,,0.000200803,0.000200803,2,,9960,9960
1393362,06009,,0.000100402,0.000100402,1,,9960,9960
1393365,06009,,0.001204819,0.001204819,12,,9960,9960
1393366,06009,,0.001606426,0.001606426,16,,9960,9960
1393367,06009,,0.000100402,0.000100402,1,,9960,9960
1393368,06009,,0.000803213,0.000803213,8,,9960,9960
1393369,06009,,0.000301205,0.000301205,3,,9960,9960
1393375,06009,,0.00060241,0.00060241,6,,9960,9960
1393376,06009,,0.000502008,0.000502008,5,,9960,9960
1393394,16014,,0.002342949,0.002342949,16,,6829,6829
1393401,16026,,0.005867167,0.005867167,25,,4261,4261
1396539,06009,,0.000200803,0.000200803,2,,9960,9960
1396541,06009,,0.006526104,0.006526104,65,,9960,9960
1396542,06009,,0.000502008,0.000502008,5,,9960,9960
1396543,06009,,0.000702811,0.000702811,7,,9960,9960
1396544,06009,,0.001204819,0.001204819,12,,9960,9960
1396545,06009,,0.000502008,0.000502008,5,,9960,9960
1396547,06009,,0.000803213,0.000803213,8,,9960,9960
1396548,06009,,0.000100402,0.000100402,1,,9960,9960
1396563,06009,,0.033634538,0.033634538,335,,9960,9960
1396568,16014,,0.000585737,0.000585737,4,,6829,6829
1396573,16014,,0.041294479,0.041294479,282,,6829,6829
1396577,16026,,0.00140812,0.00140812,6,,4261,4261
1399713,06009,,0.003413655,0.003413655,34,,9960,9960
1399715,06009,,0.000100402,0.000100402,1,,9960,9960
1399716,06009,,0.00060241,0.00060241,6,,9960,9960
1399719,06009,,0.001506024,0.001506024,15,,9960,9960
1399720,06009,,0.000502008,0.000502008,5,,9960,9960
1399722,06009,,0.000401606,0.000401606,4,,9960,9960
1399723,06009,,0.000200803,0.000200803,2,,9960,9960
1399724,06009,,0.000401606,0.000401606,4,,9960,9960
1399725,06009,,0.001104418,0.001104418,11,,9960,9960
1399734,06009,,0.03935743,0.03935743,392,,9960,9960
1399746,16014,,0.000146434,0.000146434,1,,6829,6829
1399747,16014,,0.000292869,0.000292869,2,,6829,6829
1399753,16026,,0.002581554,0.002581554,11,,4261,4261
1402891,06009,,0.001004016,0.001004016,10,,9960,9960
1402895,06009,,0.002108434,0.002108434,21,,9960,9960
1402896,06009,,0.000100402,0.000100402,1,,9960,9960
1402897,06009,,0.002710843,0.002710843,27,,9960,9960
1402900,06009,,0.000401606,0.000401606,4,,9960,9960
1402902,06009,,0.000401606,0.000401606,4,,9960,9960
1402920,16014,,0.001610778,0.001610778,11,,6829,6829
1402924,16014,,0.001317909,0.001317909,9,,6829,6829
1406065,06009,,0.005923695,0.005923695,59,,9960,9960
1406067,06009,,0.000301205,0.000301205,3,,9960,9960
1406070,06009,,0.000702811,0.000702811,7,,9960,9960
1406075,06009,,0.003815261,0.003815261,38,,9960,9960
1406076,06009,,0.000401606,0.000401606,4,,9960,9960
1406077,06009,,0.001706827,0.001706827,17,,9960,9960
1406078,06009,,0.001807229,0.001807229,18,,9960,9960
1406079,06009,,0.00311245,0.00311245,31,,9960,9960
1406099,16014,,0.004685898,0.004685898,32,,6829,6829
1409244,06009,,0.000903614,0.000903614,9,,9960,9960
1409245,06009,,0.004718876,0.004718876,47,,9960,9960
1409248,06009,,0.00251004,0.00251004,25,,9960,9960
1409249,06009,,0.000301205,0.000301205,3,,9960,9960
1409251,06009,,0.001807229,0.001807229,18,,9960,9960
1409252,06009,,0.000702811,0.000702811,7,,9960,9960
1409253,06009,,0.001104418,0.001104418,11,,9960,9960
1409254,06009,,0.001907631,0.001907631,19,,9960,9960
1409255,06009,,0.000702811,0.000702811,7,,9960,9960
1409256,06009,,0.000200803,0.000200803,2,,9960,9960
1409257,06009,,0.000301205,0.000301205,3,,9960,9960
1409279,16014,,0.000292869,0.000292869,2,,6829,6829
1412418,06009,,0.010140562,0.010140562,101,,9960,9960
1412422,06009,,0.001004016,0.001004016,10,,9960,9960
1412423,06009,,0.000301205,0.000301205,3,,9960,9960
1412426,06009,,0.000401606,0.000401606,4,,9960,9960
1412427,06009,,0.00060241,0.00060241,6,,9960,9960
1412428,06009,,0.000200803,0.000200803,2,,9960,9960
1412429,06009,,0.001004016,0.001004016,10,,9960,9960
1412430,06009,,0.000200803,0.000200803,2,,9960,9960
1412431,06009,,0.000401606,0.000401606,4,,9960,9960
1412433,06009,,0.002610442,0.002610442,26,,9960,9960
1412444,06009,,0.000702811,0.000702811,7,,9960,9960
1412449,06006,,0.00232288,0.00232288,6,,2583,2583
1412453,06006,,0.025164537,0.025164537,65,,2583,2583
1412453,16014,,0.001171475,0.001171475,8,,6829,6829
1412457,16014,,0.01625421,0.01625421,111,,6829,6829
1415598,06009,,0.000100402,0.000100402,1,,9960,9960
1415599,06009,,0.000100402,0.000100402,1,,9960,9960
1415600,06009,,0.000401606,0.000401606,4,,9960,9960
1415601,06009,,0.000401606,0.000401606,4,,9960,9960
1415602,06009,,0.001606426,0.001606426,16,,9960,9960
1415606,06009,,0.000502008,0.000502008,5,,9960,9960
1415609,06009,,0.001104418,0.001104418,11,,9960,9960
1415610,06009,,0.235240964,0.235240964,2343,,9960,9960
1415611,06009,,0.00060241,0.00060241,6,,9960,9960
1415613,06009,,0.01686747,0.01686747,168,,9960,9960
1415619,06009,,0.000100402,0.000100402,1,,9960,9960
1415620,06009,,0.023192771,0.023192771,231,,9960,9960
1415637,16014,,0.004539464,0.004539464,31,,6829,6829
1418771,06001,,0.052438385,0.052438385,200,,3814,3814
1418775,06009,,0.000502008,0.000502008,5,,9960,9960
1418776,06009,,0.000803213,0.000803213,8,,9960,9960
1418778,06009,,0.000100402,0.000100402,1,,9960,9960
1418779,06009,,0.000803213,0.000803213,8,,9960,9960
1418780,06009,,0.000401606,0.000401606,4,,9960,9960
1418781,06009,,0.000200803,0.000200803,2,,9960,9960
1418782,06009,,0.000502008,0.000502008,5,,9960,9960
1418784,06009,,0.000200803,0.000200803,2,,9960,9960
1418785,06009,,0.000401606,0.000401606,4,,9960,9960
1418787,06009,,0.001907631,0.001907631,19,,9960,9960
1418788,06009,,0.000100402,0.000100402,1,,9960,9960
1418790,06009,,0.00060241,0.00060241,6,,9960,9960
1418793,06009,,0.000702811,0.000702811,7,,9960,9960
1418804,06006,,0.001935734,0.001935734,5,,2583,2583
1421950,06001,,0.000262192,0.000262192,1,,3814,3814
1421951,06001,,0.000262192,0.000262192,1,,3814,3814
1421954,06009,,0.000502008,0.000502008,5,,9960,9960
1421955,06009,,0.000502008,0.000502008,5,,9960,9960
1421956,06009,,0.000200803,0.000200803,2,,9960,9960
1421957,06009,,0.000702811,0.000702811,7,,9960,9960
1421959,06009,,0.001204819,0.001204819,12,,9960,9960
1421960,06009,1.7277E-05,0.00060241,6.89768E-05,7.775483185,102766,9960,112726
1421961,06009,0.007748736,,0.007748736,796.3066366,102766,,102766
1421962,06009,0.000145022,0.000502008,0.000176564,19.90332515,102766,9960,112726
1421963,06009,,0.003714859,0.003714859,37,,9960,9960
1421965,06009,,0.001305221,0.001305221,13,,9960,9960
1421966,06009,,0.000502008,0.000502008,5,,9960,9960
1421968,06009,,0.00060241,0.00060241,6,,9960,9960
1421969,06009,,0.00060241,0.00060241,6,,9960,9960
1421970,06009,,0.000200803,0.000200803,2,,9960,9960
1421971,06009,,0.000100402,0.000100402,1,,9960,9960
1421981,06006,,0.029810298,0.029810298,77,,2583,2583
1421987,06006,,0.162214479,0.162214479,419,,2583,2583
1425126,06001,,0.002097535,0.002097535,8,,3814,3814
1425127,06001,,0.000262192,0.000262192,1,,3814,3814
1425135,06009,,0.001305221,0.001305221,13,,9960,9960
1425137,06009,,0.001204819,0.001204819,12,,9960,9960
1425138,06009,0.004876005,,0.004876005,501.0875425,102766,,102766
1425139,06009,0.044653441,,0.044653441,4588.855525,102766,,102766
1425140,06009,0.018399283,0.000702811,0.016835696,1897.820705,102766,9960,112726
1425141,06009,,0.003815261,0.003815261,38,,9960,9960
1425142,06009,,0.001004016,0.001004016,10,,9960,9960
1425143,06009,,0.000301205,0.000301205,3,,9960,9960
1425146,06009,,0.000702811,0.000702811,7,,9960,9960
1425147,06009,,0.000100402,0.000100402,1,,9960,9960
1425166,06006,,0.000387147,0.000387147,1,,2583,2583
1425168,06006,,0.00232288,0.00232288,6,,2583,2583
1428312,06009,,0.000301205,0.000301205,3,,9960,9960
1428313,06009,,0.000200803,0.000200803,2,,9960,9960
1428314,06009,,0.073795181,0.073795181,735,,9960,9960
1428315,06009,,0.00060241,0.00060241,6,,9960,9960
1428316,06009,0.053349692,,0.053349692,5482.534398,102766,,102766
1428317,06009,0.055643483,,0.055643483,5718.258165,102766,,102766
1428318,06009,0.037863754,0.001004016,0.034606981,3901.10653,102766,9960,112726
1428319,06009,0.005225321,0.000301205,0.004790247,539.985329,102766,9960,112726
1428320,06009,7.93842E-05,0.000301205,9.89833E-05,11.15799463,102766,9960,112726
1428322,06009,,0.000200803,0.000200803,2,,9960,9960
1428323,06009,,0.000301205,0.000301205,3,,9960,9960
1428325,06009,,0.00060241,0.00060241,6,,9960,9960
1428326,06009,,0.032329317,0.032329317,322,,9960,9960
1428327,06009,,0.000502008,0.000502008,5,,9960,9960
1428341,06006,,0.000387147,0.000387147,1,,2583,2583
1428346,06006,,0.001935734,0.001935734,5,,2583,2583
1428351,06002,,0.024787312,0.024787312,236,,9521,9521
1428352,16026,,0.020183056,0.020183056,86,,4261,4261
1431477,06001,,0.000262192,0.000262192,1,,3814,3814
1431478,06001,,0.000524384,0.000524384,2,,3814,3814
1431481,06001,,0.002621919,0.002621919,10,,3814,3814
1431485,06001,,0.000262192,0.000262192,1,,3814,3814
1431486,06001,,0.001573152,0.001573152,6,,3814,3814
1431487,06001,,0.000786576,0.000786576,3,,3814,3814
1431490,06009,,0.000301205,0.000301205,3,,9960,9960
1431492,06009,,0.000903614,0.000903614,9,,9960,9960
1431493,06009,,0.001606426,0.001606426,16,,9960,9960
1431494,06009,0.03087823,0.002108434,0.028336251,3194.232212,102766,9960,112726
1431495,06009,0.059394206,,0.059394206,6103.704926,102766,,102766
1431496,06009,0.052401254,,0.052401254,5385.067235,102766,,102766
1431497,06009,0.049609248,,0.049609248,5098.144002,102766,,102766
1431498,06009,0.000964739,0.001606426,0.001021436,115.1423614,102766,9960,112726
1431499,06009,,0.00060241,0.00060241,6,,9960,9960
1431500,06009,,0.001004016,0.001004016,10,,9960,9960
1431502,06009,,0.001506024,0.001506024,15,,9960,9960
1431505,06009,,0.003614458,0.003614458,36,,9960,9960
1431511,06006,,0.011227255,0.011227255,29,,2583,2583
1431518,06006,,0.033681765,0.033681765,87,,2583,2583
1434653,06001,,0.262716308,0.262716308,1002,,3814,3814
1434657,06001,,0.000262192,0.000262192,1,,3814,3814
1434660,06001,,0.000524384,0.000524384,2,,3814,3814
1434661,06001,,0.002621919,0.002621919,10,,3814,3814
1434662,06001,,0.000262192,0.000262192,1,,3814,3814
1434663,06001,,0.000524384,0.000524384,2,,3814,3814
1434664,06001,,0.002621919,0.002621919,10,,3814,3814
1434669,06009,,0.000100402,0.000100402,1,,9960,9960
1434670,06009,,0.000401606,0.000401606,4,,9960,9960
1434671,06009,0.006285116,,0.006285116,645.8961926,102766,,102766
1434672,06009,0.069515611,0.001204819,0.063479954,7155.841254,102766,9960,112726
1434673,06009,0.052716423,,0.052716423,5417.455971,102766,,102766
1434674,06009,0.051835855,,0.051835855,5326.963432,102766,,102766
1434675,06009,0.039123966,,0.039123966,4020.613536,102766,,102766
1434676,06009,,0.03253012,0.03253012,324,,9960,9960
1434679,06009,,0.002610442,0.002610442,26,,9960,9960
1434683,06009,,0.000301205,0.000301205,3,,9960,9960
1434695,06006,,0.003871467,0.003871467,10,,2583,2583
1437839,06001,,0.001048768,0.001048768,4,,3814,3814
1437840,06001,0.001216382,0.031463031,0.005236619,150.2647913,24881,3814,28695
1437841,06001,0.025351613,0.000786576,0.022086548,633.7734834,24881,3814,28695
1437842,06001,0.016122091,,0.016122091,401.1337461,24881,,24881
1437843,06001,0.000151627,0.001573152,0.000340569,9.772635547,24881,3814,28695
1437846,06009,,0.000502008,0.000502008,5,,9960,9960
1437848,06009,,0.001405622,0.001405622,14,,9960,9960
1437849,06009,0.015665743,0.002911647,0.014538844,1638.905745,102766,9960,112726
1437850,06009,0.046115344,,0.046115344,4739.089396,102766,,102766
1437851,06009,0.056374465,,0.056374465,5793.378318,102766,,102766
1437852,06009,0.029907353,,0.029907353,3073.459054,102766,,102766
1437853,06009,0.000159613,,0.000159613,16.40277977,102766,,102766
1437854,06009,,0.000100402,0.000100402,1,,9960,9960
1437856,06009,,0.00060241,0.00060241,6,,9960,9960
1437872,06006,,0.003871467,0.003871467,10,,2583,2583
1437875,06006,,0.012388695,0.012388695,32,,2583,2583
1441007,06001,,0.000262192,0.000262192,1,,3814,3814
1441014,06001,,0.000524384,0.000524384,2,,3814,3814
1441015,06001,,0.001573152,0.001573152,6,,3814,3814
1441016,06001,,0.004719455,0.004719455,18,,3814,3814
1441017,06001,,0.001573152,0.001573152,6,,3814,3814
1441018,06001,0.00644104,,0.00644104,160.2595149,24881,,24881
1441019,06001,0.049807144,,0.049807144,1239.25156,24881,,24881
1441020,06001,0.19201603,,0.19201603,4777.550845,24881,,24881
1441021,06001,0.114951506,,0.114951506,2860.108423,24881,,24881
1441022,06001,0.024725995,0.002884111,0.021822878,626.2074775,24881,3814,28695
1441022,06009,0.000325968,,0.000325968,33.49842979,102766,,102766
1441023,06009,0.003853621,0.000702811,0.003575228,403.0211937,102766,9960,112726
1441024,06009,,0.000401606,0.000401606,4,,9960,9960
1441025,06009,,0.000903614,0.000903614,9,,9960,9960
1441026,06009,,0.001104418,0.001104418,11,,9960,9960
1441027,06009,0.00053923,0.000702811,0.000553683,62.41449441,102766,9960,112726
1441028,06009,0.021145021,0.000502008,0.01932109,2177.989185,102766,9960,112726
1441029,06009,0.015913346,,0.015913346,1635.350905,102766,,102766
1441030,06009,0.00724675,0.000301205,0.006633071,747.7195179,102766,9960,112726
1441031,06009,2.5144E-06,0.000401606,3.77765E-05,4.258395286,102766,9960,112726
1441032,06009,,0.00060241,0.00060241,6,,9960,9960
1441033,06009,,0.000200803,0.000200803,2,,9960,9960
1441039,06009,,0.001305221,0.001305221,13,,9960,9960
1441049,06006,,0.001935734,0.001935734,5,,2583,2583
1441056,06006,,0.06039489,0.06039489,156,,2583,2583
1444183,06001,,0.000524384,0.000524384,2,,3814,3814
1444194,06001,,0.000262192,0.000262192,1,,3814,3814
1444197,06001,0.045916808,0.000262192,0.039848618,1143.456095,24881,3814,28695
1444198,06001,0.141061353,0.000786576,0.122416711,3512.747532,24881,3814,28695
1444199,06001,0.021687121,,0.021687121,539.5972544,24881,,24881
1444200,06001,0.031435234,,0.031435234,782.1400505,24881,,24881
1444200,06009,0.000460445,,0.000460445,47.31812283,102766,,102766
1444201,06009,0.002772404,,0.002772404,284.9088516,102766,,102766
1444202,06009,0.007339702,0.000100402,0.006700067,755.2718027,102766,9960,112726
1444203,06009,0.013437771,0.001405622,0.01237466,1394.945932,102766,9960,112726
1444204,06009,0.010945871,,0.010945871,1124.863341,102766,,102766
1444205,06009,0.013895436,0.000200803,0.012685435,1429.978355,102766,9960,112726
1444206,06009,0.001771947,,0.001771947,182.0958804,102766,,102766
1444207,06009,3.09437E-05,0.000502008,7.2565E-05,8.179963009,102766,9960,112726
1444208,06009,,0.000100402,0.000100402,1,,9960,9960
1444209,06009,,0.000502008,0.000502008,5,,9960,9960
1444228,06006,,0.014711576,0.014711576,38,,2583,2583
1444247,16026,,0.02980521,0.02980521,127,,4261,4261
1447358,06007,,4.73261E-05,4.73261E-05,1,,21130,21130
1447359,06007,,4.73261E-05,4.73261E-05,1,,21130,21130
1447368,06001,,0.000524384,0.000524384,2,,3814,3814
1447376,06001,0.000713375,0.001048768,0.000757954,21.74947857,24881,3814,28695
1447377,06001,0.023527006,0.01363398,0.022212073,637.3754256,24881,3814,28695
1447378,06001,0.050024335,0.015469324,0.04543145,1303.65547,24881,3814,28695
1447378,06009,,0.000100402,0.000100402,1,,9960,9960
1447379,06009,,0.001104418,0.001104418,11,,9960,9960
1447382,06009,,0.001004016,0.001004016,10,,9960,9960
1447383,06009,0.000527771,,0.000527771,54.2369629,102766,,102766
1447384,06009,2.78419E-05,,2.78419E-05,2.861199767,102766,,102766
1447385,06009,,0.000100402,0.000100402,1,,9960,9960
1447386,06009,,0.001104418,0.001104418,11,,9960,9960
1447387,06009,,0.002309237,0.002309237,23,,9960,9960
1447388,06009,,0.000702811,0.000702811,7,,9960,9960
1447415,06006,,0.01897019,0.01897019,49,,2583,2583
1450545,06001,,0.00131096,0.00131096,5,,3814,3814
1450546,06001,,0.001573152,0.001573152,6,,3814,3814
1450553,06001,,0.002359727,0.002359727,9,,3814,3814
1450554,06001,1.25758E-05,,1.25758E-05,0.31289885,24881,,24881
1450555,06001,0.114756554,0.001048768,0.099643068,2859.257827,24881,3814,28695
1450556,06001,0.013374081,0.000262192,0.011631313,333.7605135,24881,3814,28695
1450557,06001,,0.001048768,0.001048768,4,,3814,3814
1450560,06009,,0.000100402,0.000100402,1,,9960,9960
1450561,06009,,0.000803213,0.000803213,8,,9960,9960
1450563,06009,,0.001305221,0.001305221,13,,9960,9960
1450565,06009,,0.000401606,0.000401606,4,,9960,9960
1450566,06009,,0.000100402,0.000100402,1,,9960,9960
1450567,06009,,0.000401606,0.000401606,4,,9960,9960
1450568,06009,,0.000502008,0.000502008,5,,9960,9960
1450581,06006,,0.00232288,0.00232288,6,,2583,2583
1453732,06001,,0.002884111,0.002884111,11,,3814,3814
1453733,06001,0.015940891,0.001835343,0.01406605,403.6252993,24881,3814,28695
1453734,06001,,0.001048768,0.001048768,4,,3814,3814
1453742,06009,,0.00060241,0.00060241,6,,9960,9960
1453743,06009,,0.00311245,0.00311245,31,,9960,9960
1453745,06009,,0.000301205,0.000301205,3,,9960,9960
1453757,06006,,0.001935734,0.001935734,5,,2583,2583
1453758,06006,,0.00116144,0.00116144,3,,2583,2583
1453760,06006,,0.114208285,0.114208285,295,,2583,2583
1453778,06002,,0.037180968,0.037180968,354,,9521,9521
1456887,06007,,9.46522E-05,9.46522E-05,2,,21130,21130
1456900,06001,,0.145254326,0.145254326,554,,3814,3814
1456911,06001,,0.000786576,0.000786576,3,,3814,3814
1456913,06001,,0.000524384,0.000524384,2,,3814,3814
1456916,06009,,0.000100402,0.000100402,1,,9960,9960
1456922,06009,,0.002710843,0.002710843,27,,9960,9960
1456923,06009,,0.000401606,0.000401606,4,,9960,9960
1456937,06006,,0.000774293,0.000774293,2,,2583,2583
1460077,06001,,0.000262192,0.000262192,1,,3814,3814
1460078,06001,,0.000262192,0.000262192,1,,3814,3814
1460081,06001,,0.000524384,0.000524384,2,,3814,3814
1460089,06001,,0.00550603,0.00550603,21,,3814,3814
1460096,06009,,0.000502008,0.000502008,5,,9960,9960
1460101,06009,,0.001606426,0.001606426,16,,9960,9960
1460102,06009,,0.000903614,0.000903614,9,,9960,9960
1460112,06006,0.174626043,0.013162989,0.095935653,508.4589595,2717,2583,5300
1460113,06006,0.06833812,,0.06833812,185.6746719,2717,,2717
1460122,06006,,0.010065815,0.010065815,26,,2583,2583
1463237,06007,,0.000378609,0.000378609,8,,21130,21130
1463255,06001,,0.000262192,0.000262192,1,,3814,3814
1463266,06001,,0.000524384,0.000524384,2,,3814,3814
1463269,06001,,0.000786576,0.000786576,3,,3814,3814
1463270,06001,,0.000786576,0.000786576,3,,3814,3814
1463272,06009,,0.001506024,0.001506024,15,,9960,9960
1463274,06009,,0.000100402,0.000100402,1,,9960,9960
1463275,06009,,0.177208835,0.177208835,1765,,9960,9960
1463280,06009,,0.001004016,0.001004016,10,,9960,9960
1463288,06006,,0.156020132,0.156020132,403,,2583,2583
1463290,06006,0.563206151,,0.563206151,1530.231112,2717,,2717
1463291,06006,0.188286832,0.005807201,0.099353834,526.5753219,2717,2583,5300
1463293,06006,,0.035230352,0.035230352,91,,2583,2583
1466414,06007,,0.000189304,0.000189304,4,,21130,21130
1466415,06007,,9.46522E-05,9.46522E-05,2,,21130,21130
1466429,06007,,0.071131093,0.071131093,1503,,21130,21130
1466448,06001,,0.002097535,0.002097535,8,,3814,3814
1466468,06006,0.004227353,,0.004227353,11.48571693,2717,,2717
1466469,06006,0.001315487,,0.001315487,3.574178624,2717,,2717
1466471,06006,,0.001548587,0.001548587,4,,2583,2583
1466472,06006,,0.18931475,0.18931475,489,,2583,2583
1466479,06006,,0.000774293,0.000774293,2,,2583,2583
1469586,06007,1.33794E-05,,1.33794E-05,1.8769907,140290,,140290
1469587,06007,2.80731E-05,,2.80731E-05,3.938379672,140290,,140290
1469593,06007,,0.000141978,0.000141978,3,,21130,21130
1469594,06007,,4.73261E-05,4.73261E-05,1,,21130,21130
1469596,06007,,0.000141978,0.000141978,3,,21130,21130
1469602,06007,,0.030336015,0.030336015,641,,21130,21130
1469605,06007,,0.000283956,0.000283956,6,,21130,21130
1469606,06007,,0.042262186,0.042262186,893,,21130,21130
1469608,06007,,0.00023663,0.00023663,5,,21130,21130
1469609,06007,,0.028821581,0.028821581,609,,21130,21130
1469618,06001,,0.274777137,0.274777137,1048,,3814,3814
1469626,06001,,0.000786576,0.000786576,3,,3814,3814
1469627,06001,,0.002621919,0.002621919,10,,3814,3814
1469628,06009,,0.000100402,0.000100402,1,,9960,9960
1469629,06009,,0.001506024,0.001506024,15,,9960,9960
1469631,06009,,0.00060241,0.00060241,6,,9960,9960
1469636,06009,,0.087148594,0.087148594,868,,9960,9960
1469640,06009,,0.00060241,0.00060241,6,,9960,9960
1469649,06006,,0.00116144,0.00116144,3,,2583,2583
1469664,06002,,0.000210062,0.000210062,2,,9521,9521
1469665,06002,,0.000105031,0.000105031,1,,9521,9521
1472762,06007,0.002778438,,0.002778438,389.7871359,140290,,140290
1472763,06007,0.002748115,,0.002748115,385.5330528,140290,,140290
1472764,06007,0.009383449,,0.009383449,1316.403991,140290,,140290
1472765,06007,0.00309082,0.00023663,0.002717204,438.6110855,140290,21130,161420
1472771,06007,,9.46522E-05,9.46522E-05,2,,21130,21130
1472772,06007,,0.000331283,0.000331283,7,,21130,21130
1472773,06007,,0.000189304,0.000189304,4,,21130,21130
1472775,06007,,9.46522E-05,9.46522E-05,2,,21130,21130
1472777,06007,,0.000283956,0.000283956,6,,21130,21130
1472802,06001,,0.000524384,0.000524384,2,,3814,3814
1472809,06009,,0.000401606,0.000401606,4,,9960,9960
1472818,06009,,0.000401606,0.000401606,4,,9960,9960
1472827,06006,,0.005807201,0.005807201,15,,2583,2583
1472833,06006,,0.001548587,0.001548587,4,,2583,2583
1475940,06007,0.000355746,0.000378609,0.000358739,57.90760267,140290,21130,161420
1475941,06007,0.001061601,,0.001061601,148.9319422,140290,,140290
1475942,06007,0.003024444,0.001845717,0.002870148,463.2992634,140290,21130,161420
1475948,06007,,0.000141978,0.000141978,3,,21130,21130
1475951,06007,,0.00023663,0.00023663,5,,21130,21130
1475953,06007,,0.000709891,0.000709891,15,,21130,21130
1475967,06007,,4.73261E-05,4.73261E-05,1,,21130,21130
1475985,06009,,0.000301205,0.000301205,3,,9960,9960
1475987,06009,,0.000401606,0.000401606,4,,9960,9960
1476018,06002,,0.032244512,0.032244512,307,,9521,9521
1479118,06007,0.001119236,,0.001119236,157.0176275,140290,,140290
1479119,06007,0.002899397,,0.002899397,406.7563971,140290,,140290
1479120,06007,0.004955786,,0.004955786,695.247168,140290,,140290
1479123,06007,0.001067328,,0.001067328,149.7353798,140290,,140290
1479128,06007,,0.00023663,0.00023663,5,,21130,21130
1479130,06007,,0.001230478,0.001230478,26,,21130,21130
1479160,06001,0.032876503,,0.032876503,818.0002745,24881,,24881
1479161,06001,,0.123230205,0.123230205,470,,3814,3814
1479163,06009,,0.000502008,0.000502008,5,,9960,9960
1479183,06006,,0.054974835,0.054974835,142,,2583,2583
1482296,06007,0.003021794,,0.003021794,423.9274494,140290,,140290
1482297,06007,0.028733992,,0.028733992,4031.091668,140290,,140290
1482298,06007,0.042351378,,0.042351378,5941.474847,140290,,140290
1482299,06007,0.032653171,,0.032653171,4580.913389,140290,,140290
1482300,06007,0.014584999,,0.014584999,2046.129547,140290,,140290
1482301,06007,0.007544827,,0.007544827,1058.463826,140290,,140290
1482302,06007,0.002155163,0.002271652,0.002170411,350.3477966,140290,21130,161420
1482303,06007,0.001158598,9.46522E-05,0.001019327,164.5397558,140290,21130,161420
1482304,06007,0.000236227,,0.000236227,33.14021876,140290,,140290
1482305,06007,0.0006756,,0.0006756,94.77989358,140290,,140290
1482306,06007,0.000174931,0.000331283,0.000195398,31.54109763,140290,21130,161420
1482307,06007,,0.000993848,0.000993848,21,,21130,21130
1482337,06001,0.022742929,,0.022742929,565.8668277,24881,,24881
1482338,06001,0.055147815,0.001835343,0.04806178,1379.132787,24881,3814,28695
1482344,06009,,0.000702811,0.000702811,7,,9960,9960
1482353,06009,,0.006626506,0.006626506,66,,9960,9960
1482356,06006,,0.015485869,0.015485869,40,,2583,2583
1482373,06002,,0.018800546,0.018800546,179,,9521,9521
1482384,14065,,0.009657262,0.009657262,51,,5281,5281
1485474,06007,8.64808E-07,,8.64808E-07,0.121323911,140290,,140290
1485475,06007,0.007412925,,0.007412925,1039.9592,140290,,140290
1485476,06007,0.008098132,,0.008098132,1136.086897,140290,,140290
1485477,06007,0.012351752,,0.012351752,1732.827229,140290,,140290
1485478,06007,0.019582534,,0.019582534,2747.233738,140290,,140290
1485479,06007,0.025580691,,0.025580691,3588.715093,140290,,140290
1485480,06007,0.004459112,,0.004459112,625.5688347,140290,,140290
1485481,06007,0.027454659,,0.027454659,3851.614055,140290,,140290
1485482,06007,0.01830207,,0.01830207,2567.597397,140290,,140290
1485483,06007,0.006910371,0.001467108,0.006197844,1000.455985,140290,21130,161420
1485484,06007,9.94633E-05,0.036961666,0.004924754,794.9537115,140290,21130,161420
1485485,06007,,0.056034075,0.056034075,1184,,21130,21130
1485515,06001,,0.004457263,0.004457263,17,,3814,3814
1485517,06001,,0.000786576,0.000786576,3,,3814,3814
1485535,06002,,0.000315093,0.000315093,3,,9521,9521
1485544,06006,,0.00116144,0.00116144,3,,2583,2583
1488655,06007,0.008596344,,0.008596344,1205.981046,140290,,140290
1488656,06007,0.002958757,,0.002958757,415.083988,140290,,140290
1488657,06007,0.02751751,0.000520587,0.023983592,3871.43141,140290,21130,161420
1488658,06007,6.13314E-05,9.46522E-05,6.56931E-05,10.60418693,140290,21130,161420
1488659,06007,0.010304514,,0.010304514,1445.620277,140290,,140290
1488660,06007,0.006500612,,0.006500612,911.9709197,140290,,140290
1488661,06007,4.32587E-05,,4.32587E-05,6.068756865,140290,,140290
1488698,06009,,0.000100402,0.000100402,1,,9960,9960
1488699,06009,,0.000702811,0.000702811,7,,9960,9960
1488700,06009,7.8658E-09,,7.8658E-09,0.000808337,102766,,102766
1488709,06009,,0.00060241,0.00060241,6,,9960,9960
1488710,06009,,0.000401606,0.000401606,4,,9960,9960
1491832,06007,0.000139891,,0.000139891,19.62528144,140290,,140290
1491833,06007,0.010626342,,0.010626342,1490.769506,140290,,140290
1491834,06007,1.20575E-05,,1.20575E-05,1.691549846,140290,,140290
1491835,06007,0.004905396,,0.004905396,688.1780481,140290,,140290
1491836,06007,2.63592E-05,,2.63592E-05,3.697935933,140290,,140290
1491843,06007,,0.000189304,0.000189304,4,,21130,21130
1491850,06007,,0.000757217,0.000757217,16,,21130,21130
1491878,06009,0.023665388,,0.023665388,2431.997217,102766,,102766
1491879,06009,0.007263932,,0.007263932,746.4852476,102766,,102766
1491888,06002,,0.000420124,0.000420124,4,,9521,9521
1491913,06002,,0.000630186,0.000630186,6,,9521,9521
1495010,06007,0.006674235,,0.006674235,936.3284684,140290,,140290
1495011,06007,0.008783577,,0.008783577,1232.248009,140290,,140290
1495012,06007,0.011015118,,0.011015118,1545.310917,140290,,140290
1495013,06007,0.00016753,,0.00016753,23.50280606,140290,,140290
1495014,06007,6.93964E-05,,6.93964E-05,9.735617353,140290,,140290
1495021,06007,,4.73261E-05,4.73261E-05,1,,21130,21130
1495031,06007,,9.46522E-05,9.46522E-05,2,,21130,21130
1495034,06007,,4.73261E-05,4.73261E-05,1,,21130,21130
1495055,06009,2.40549E-06,0.000100402,1.1064E-05,1.247202537,102766,9960,112726
1495056,06009,0.004911034,0.000301205,0.004503729,507.6873603,102766,9960,112726
1495057,06009,0.001037136,,0.001037136,106.5822785,102766,,102766
1495082,06002,,0.173826279,0.173826279,1655,,9521,9521
1495089,06002,,0.000315093,0.000315093,3,,9521,9521
1495091,06002,,0.000525155,0.000525155,5,,9521,9521
1495095,14065,,0.043173641,0.043173641,228,,5281,5281
1498183,06007,1.72807E-05,,1.72807E-05,2.424307451,140290,,140290
1498184,06007,0.000369801,,0.000369801,51.87937101,140290,,140290
1498185,06007,4.32135E-07,,4.32135E-07,0.060624246,140290,,140290
1498187,06007,0.002082642,,0.002082642,292.1739015,140290,,140290
1498188,06007,0.002617824,,0.002617824,367.2544989,140290,,140290
1498189,06007,0.035287271,,0.035287271,4950.451218,140290,,140290
1498190,06007,0.020307596,,0.020307596,2848.95266,140290,,140290
1498191,06007,2.65545E-05,9.46522E-05,3.54685E-05,5.725330976,140290,21130,161420
1498201,06007,,0.000615239,0.000615239,13,,21130,21130
1498233,06009,,0.000100402,0.000100402,1,,9960,9960
1498240,06004,,0.036619718,0.036619718,130,,3550,3550
1498245,06002,,0.000420124,0.000420124,4,,9521,9521
1498246,06002,,0.001995589,0.001995589,19,,9521,9521
1498248,06002,,0.000840248,0.000840248,8,,9521,9521
1501357,06007,0.00013036,,0.00013036,18.28818197,140290,,140290
1501362,06007,0.000919861,,0.000919861,129.0473392,140290,,140290
1501363,06007,0.001810741,,0.001810741,254.0287973,140290,,140290
1501364,06007,0.008591495,,0.008591495,1205.300881,140290,,140290
1501365,06007,0.018882608,4.73261E-05,0.016417056,2650.041121,140290,21130,161420
1501366,06007,0.029414813,,0.029414813,4126.604072,140290,,140290
1501367,06007,0.044440436,,0.044440436,6234.548702,140290,,140290
1501372,06007,,0.046568859,0.046568859,984,,21130,21130
1501379,06007,,0.000331283,0.000331283,7,,21130,21130
1501396,06001,,0.008390142,0.008390142,32,,3814,3814
1501411,06009,,0.000100402,0.000100402,1,,9960,9960
1501422,06002,,0.001155341,0.001155341,11,,9521,9521
1501423,06002,,0.000735217,0.000735217,7,,9521,9521
1501424,06002,,0.001575465,0.001575465,15,,9521,9521
1501426,06002,,0.000945279,0.000945279,9,,9521,9521
1501427,06002,,0.027938242,0.027938242,266,,9521,9521
1501438,06002,,0.000630186,0.000630186,6,,9521,9521
1504530,06007,,9.46522E-05,9.46522E-05,2,,21130,21130
1504534,06007,,0.002082347,0.002082347,44,,21130,21130
1504535,06007,0.002014945,,0.002014945,282.6766602,140290,,140290
1504536,06007,1.60478E-05,,1.60478E-05,2.25134988,140290,,140290
1504539,06007,0.000180901,,0.000180901,25.37861781,140290,,140290
1504540,06007,0.004273058,,0.004273058,599.4673083,140290,,140290
1504541,06007,0.021289331,,0.021289331,2986.680235,140290,,140290
1504542,06007,0.032953058,,0.032953058,4622.984551,140290,,140290
1504543,06007,0.014739926,0.000331283,0.012853824,2074.864205,140290,21130,161420
1504544,06007,0.01463256,,0.01463256,2052.801848,140290,,140290
1504545,06007,0,,0,0,140290,,140290
1504558,06007,,0.00023663,0.00023663,5,,21130,21130
1504561,06007,,0.000283956,0.000283956,6,,21130,21130
1504601,06002,,0.063963869,0.063963869,609,,9521,9521
1504602,06002,,0.001155341,0.001155341,11,,9521,9521
1504603,06002,,0.000105031,0.000105031,1,,9521,9521
1504604,06002,,0.000315093,0.000315093,3,,9521,9521
1504606,06002,,0.054195988,0.054195988,516,,9521,9521
1504624,06002,,0.030879109,0.030879109,294,,9521,9521
1504628,14065,,0.000378716,0.000378716,2,,5281,5281
1507713,06007,0.004400353,,0.004400353,617.3255315,140290,,140290
1507714,06007,0.003787264,,0.003787264,531.3152618,140290,,140290
1507715,06007,0.000311619,,0.000311619,43.71699562,140290,,140290
1507716,06007,0.002019913,,0.002019913,283.373646,140290,,140290
1507717,06007,0.019474868,,0.019474868,2732.129187,140290,,140290
1507718,06007,0.033172345,,0.033172345,4653.748305,140290,,140290
1507719,06007,0.03969886,,0.03969886,5569.353117,140290,,140290
1507720,06007,0.020451391,,0.020451391,2869.125628,140290,,140290
1507721,06007,0.026878333,,0.026878333,3770.761309,140290,,140290
1507722,06007,0.000656136,,0.000656136,92.0493124,140290,,140290
1507727,06007,,0.103454804,0.103454804,2186,,21130,21130
1507754,06001,,0.001835343,0.001835343,7,,3814,3814
1507770,06004,,0.137183099,0.137183099,487,,3550,3550
1507778,06002,,0.000420124,0.000420124,4,,9521,9521
1507779,06002,,0.000840248,0.000840248,8,,9521,9521
1507803,06002,,0.000420124,0.000420124,4,,9521,9521
1507807,14065,,0.000378716,0.000378716,2,,5281,5281
1510889,06007,,0.070279224,0.070279224,1485,,21130,21130
1510891,06007,0.001740554,,0.001740554,244.1823549,140290,,140290
1510892,06007,0.004987576,,0.004987576,699.7070522,140290,,140290
1510893,06007,0.000369319,0.000283956,0.000358145,57.8117049,140290,21130,161420
1510894,06007,0.000612271,,0.000612271,85.89556167,140290,,140290
1510895,06007,0.017374726,,0.017374726,2437.500294,140290,,140290
1510896,06007,0.045842064,,0.045842064,6431.183189,140290,,140290
1510897,06007,0.048510434,,0.048510434,6805.528778,140290,,140290
1510898,06007,0.013286805,,0.013286805,1864.005846,140290,,140290
1510899,06007,0.003769556,,0.003769556,528.8309548,140290,,140290
1510900,06007,5.58148E-05,9.46522E-05,6.08986E-05,9.830255858,140290,21130,161420
1510914,06007,,0.000520587,0.000520587,11,,21130,21130
1510932,06004,,0.001690141,0.001690141,6,,3550,3550
1510956,06002,,0.000210062,0.000210062,2,,9521,9521
1510957,06002,,0.000315093,0.000315093,3,,9521,9521
1510958,06002,,0.021006197,0.021006197,200,,9521,9521
1510961,06002,,0.000105031,0.000105031,1,,9521,9521
1510962,06002,,0.000105031,0.000105031,1,,9521,9521
1510971,06002,,0.000420124,0.000420124,4,,9521,9521
1510982,06002,,0.000105031,0.000105031,1,,9521,9521
1510985,14065,,0.000757432,0.000757432,4,,5281,5281
1514057,06007,,9.46522E-05,9.46522E-05,2,,21130,21130
1514065,06007,,0.062328443,0.062328443,1317,,21130,21130
1514071,06007,,4.73261E-05,4.73261E-05,1,,21130,21130
1514072,06007,4.34443E-05,,4.34443E-05,6.094801274,140290,,140290
1514073,06007,0.005924636,,0.005924636,831.1671656,140290,,140290
1514074,06007,0.019774661,0.000331283,0.017229508,2781.187127,140290,21130,161420
1514075,06007,0.012151615,0.001230478,0.01072203,1730.750072,140290,21130,161420
1514076,06007,2.5154E-05,,2.5154E-05,3.528855431,140290,,140290
1514077,06007,8.99811E-05,,8.99811E-05,12.62344531,140290,,140290
1514078,06007,7.87219E-08,,7.87219E-08,0.011043901,140290,,140290
1514098,06007,,0.000141978,0.000141978,3,,21130,21130
1514109,06004,,0.00084507,0.00084507,3,,3550,3550
1514111,06004,,0.02084507,0.02084507,74,,3550,3550
1514132,06002,,0.000945279,0.000945279,9,,9521,9521
1514133,06002,,0.000735217,0.000735217,7,,9521,9521
1514135,06002,,0.001470434,0.001470434,14,,9521,9521
1514140,06002,,0.022581662,0.022581662,215,,9521,9521
1514143,06002,,0.002415713,0.002415713,23,,9521,9521
1514147,06002,,0.000420124,0.000420124,4,,9521,9521
1514149,06002,,0.000105031,0.000105031,1,,9521,9521
1514156,06002,,0.000210062,0.000210062,2,,9521,9521
1517241,06007,,0.000141978,0.000141978,3,,21130,21130
1517242,06007,,0.00023663,0.00023663,5,,21130,21130
1517252,06007,,0.000141978,0.000141978,3,,21130,21130
1517253,06007,0.005481502,0.000189304,0.00478875,772.9999672,140290,21130,161420
1517254,06007,0.010164964,,0.010164964,1426.04281,140290,,140290
1517263,06007,,9.46522E-05,9.46522E-05,2,,21130,21130
1517285,06004,,0.00056338,0.00056338,2,,3550,3550
1517306,06004,,0.00084507,0.00084507,3,,3550,3550
1517313,06002,,0.000630186,0.000630186,6,,9521,9521
1517320,06002,,0.142001891,0.142001891,1352,,9521,9521
1517326,06002,,0.001365403,0.001365403,13,,9521,9521
1517334,06002,,0.001470434,0.001470434,14,,9521,9521
1517338,06002,,0.000525155,0.000525155,5,,9521,9521
1517339,06002,,0.011553408,0.011553408,110,,9521,9521
1517341,14065,,0.00397652,0.00397652,21,,5281,5281
1520417,06007,,0.00023663,0.00023663,5,,21130,21130
1520418,06007,,0.000378609,0.000378609,8,,21130,21130
1520419,06007,,0.000141978,0.000141978,3,,21130,21130
1520429,06007,,0.005347847,0.005347847,113,,21130,21130
1520430,06007,,9.46522E-05,9.46522E-05,2,,21130,21130
1520431,06007,,0.001751065,0.001751065,37,,21130,21130
1520432,06007,0.009472929,,0.009472929,1328.957276,140290,,140290
1520439,06007,,0.014008519,0.014008519,296,,21130,21130
1520443,06007,,0.000804543,0.000804543,17,,21130,21130
1520453,06007,,0.000331283,0.000331283,7,,21130,21130
1520473,06004,0.008758313,0.003380282,0.007773427,150.687886,15835,3550,19385
1520474,06004,0.035017889,,0.035017889,554.5082644,15835,,15835
1520475,06004,0.003098786,,0.003098786,49.06928155,15835,,15835
1520479,06004,,0.002816901,0.002816901,10,,3550,3550
1520483,06004,,0.00084507,0.00084507,3,,3550,3550
1520484,06004,,0.00028169,0.00028169,1,,3550,3550
1520485,06004,,0.002816901,0.002816901,10,,3550,3550
1520495,06002,,0.000105031,0.000105031,1,,9521,9521
1520497,06002,,0.000210062,0.000210062,2,,9521,9521
1520509,06002,,0.000210062,0.000210062,2,,9521,9521
1520514,06002,,0.000105031,0.000105031,1,,9521,9521
1520515,06002,,0.001365403,0.001365403,13,,9521,9521
1520517,06002,,0.000105031,0.000105031,1,,9521,9521
1520520,14065,,0.042794925,0.042794925,226,,5281,5281
1523582,14022,,0.002066471,0.002066471,12,,5807,5807
1523593,06007,,9.46522E-05,9.46522E-05,2,,21130,21130
1523609,06007,,0.027875059,0.027875059,589,,21130,21130
1523651,06004,0.011929446,,0.011929446,188.902782,15835,,15835
1523652,06004,0.058806398,,0.058806398,931.1993045,15835,,15835
1523653,06004,0.038595235,,0.038595235,611.1555514,15835,,15835
1523659,06004,,0.18056338,0.18056338,641,,3550,3550
1523660,06004,,0.00056338,0.00056338,2,,3550,3550
1523671,06002,,0.000315093,0.000315093,3,,9521,9521
1523672,06002,,0.000210062,0.000210062,2,,9521,9521
1523676,06002,,0.000735217,0.000735217,7,,9521,9521
1523679,06002,,0.000210062,0.000210062,2,,9521,9521
1523680,06002,,0.000210062,0.000210062,2,,9521,9521
1523681,06002,,0.000315093,0.000315093,3,,9521,9521
1523683,06002,,0.003360991,0.003360991,32,,9521,9521
1523687,06002,,0.000945279,0.000945279,9,,9521,9521
1523688,06002,,0.000315093,0.000315093,3,,9521,9521
1526761,06007,,0.004070043,0.004070043,86,,21130,21130
1526762,06007,,0.000378609,0.000378609,8,,21130,21130
1526764,06007,,0.000141978,0.000141978,3,,21130,21130
1526765,06007,,9.46522E-05,9.46522E-05,2,,21130,21130
1526769,06007,,0.00023663,0.00023663,5,,21130,21130
1526770,06007,,0.000425935,0.000425935,9,,21130,21130
1526787,06007,,0.000615239,0.000615239,13,,21130,21130
1526805,06007,,0.011547563,0.011547563,244,,21130,21130
1526808,06007,,4.73261E-05,4.73261E-05,1,,21130,21130
1526830,06004,0.000115842,,0.000115842,1.834353147,15835,,15835
1526831,06004,0.000103733,,0.000103733,1.642611859,15835,,15835
1526838,06004,,0.001690141,0.001690141,6,,3550,3550
1526839,06004,,0.002253521,0.002253521,8,,3550,3550
1526840,06004,,0.00056338,0.00056338,2,,3550,3550
1526848,06002,,0.000945279,0.000945279,9,,9521,9521
1526849,06002,,0.012603718,0.012603718,120,,9521,9521
1526850,06002,,0.000945279,0.000945279,9,,9521,9521
1526851,06002,,0.000630186,0.000630186,6,,9521,9521
1526852,06002,,0.0149144,0.0149144,142,,9521,9521
1526861,06002,,0.000840248,0.000840248,8,,9521,9521
1526865,06002,,0.000315093,0.000315093,3,,9521,9521
1526866,06002,,0.000630186,0.000630186,6,,9521,9521
1526867,06002,,0.015439555,0.015439555,147,,9521,9521
1526869,06002,,0.018275391,0.018275391,174,,9521,9521
1526870,06002,,0.000525155,0.000525155,5,,9521,9521
1526872,06002,,0.000420124,0.000420124,4,,9521,9521
1526875,06002,,0.000420124,0.000420124,4,,9521,9521
1526877,14065,,0.00094679,0.00094679,5,,5281,5281
1529941,06007,,0.000141978,0.000141978,3,,21130,21130
1529945,06007,,9.46522E-05,9.46522E-05,2,,21130,21130
1529946,06007,,0.016611453,0.016611453,351,,21130,21130
1529954,06007,,0.00023663,0.00023663,5,,21130,21130
1529960,06007,,9.46522E-05,9.46522E-05,2,,21130,21130
1529963,06007,,0.000520587,0.000520587,11,,21130,21130
1529973,06007,,9.46522E-05,9.46522E-05,2,,21130,21130
1529974,06007,,0.000567913,0.000567913,12,,21130,21130
1529988,06007,,0.006105064,0.006105064,129,,21130,21130
1529989,06007,,0.001656413,0.001656413,35,,21130,21130
1530012,06004,,0.028450704,0.028450704,101,,3550,3550
1530017,06004,,0.002816901,0.002816901,10,,3550,3550
1530018,06004,,0.001690141,0.001690141,6,,3550,3550
1530019,06004,,0.002535211,0.002535211,9,,3550,3550
1530020,06004,0.019119822,0.00056338,0.015721557,304.7623847,15835,3550,19385
1530021,06004,0.07799699,0.00028169,0.063764887,1236.08234,15835,3550,19385
1530023,06004,,0.00028169,0.00028169,1,,3550,3550
1530027,06002,,0.019010608,0.019010608,181,,9521,9521
1530030,06002,,0.000735217,0.000735217,7,,9521,9521
1530032,06002,,0.000525155,0.000525155,5,,9521,9521
1530033,06002,,0.000315093,0.000315093,3,,9521,9521
1530034,06002,,0.000315093,0.000315093,3,,9521,9521
1530042,06002,,0.000420124,0.000420124,4,,9521,9521
1530043,06002,,0.000735217,0.000735217,7,,9521,9521
1530044,06002,,0.000525155,0.000525155,5,,9521,9521
1530045,06002,,0.000315093,0.000315093,3,,9521,9521
1530051,06002,,0.000105031,0.000105031,1,,9521,9521
1530055,14065,,0.002272297,0.002272297,12,,5281,5281
1533116,14022,,0.001377648,0.001377648,8,,5807,5807
1533117,14022,,0.037540899,0.037540899,218,,5807,5807
1533118,14022,,0.00086103,0.00086103,5,,5807,5807
1533122,06007,,4.73261E-05,4.73261E-05,1,,21130,21130
1533188,06004,,0.001408451,0.001408451,5,,3550,3550
1533189,06004,,0.001126761,0.001126761,4,,3550,3550
1533197,06004,,0.00084507,0.00084507,3,,3550,3550
1533198,06004,0.050625906,0.001126761,0.041561064,805.6612208,15835,3550,19385
1533199,06004,0.188927355,,0.188927355,2991.664672,15835,,15835
1533200,06004,0.001428973,0.003380282,0.001786318,34.62778175,15835,3550,19385
1533203,06002,,0.000210062,0.000210062,2,,9521,9521
1533204,06002,,0.000420124,0.000420124,4,,9521,9521
1533205,06002,,0.000420124,0.000420124,4,,9521,9521
1533206,06002,,0.001365403,0.001365403,13,,9521,9521
1533207,06002,3.55408E-05,,3.55408E-05,4.882670486,137382,,137382
1533208,06002,0.00038359,0.000735217,0.00040638,59.69842508,137382,9521,146903
1533209,06002,4.37912E-05,0.000735217,8.86035E-05,13.0161269,137382,9521,146903
1533220,06002,,0.000420124,0.000420124,4,,9521,9521
1533221,06002,,0.00850751,0.00850751,81,,9521,9521
1533223,06002,,0.000105031,0.000105031,1,,9521,9521
1533225,06002,,0.000315093,0.000315093,3,,9521,9521
1533229,06002,,0.013969121,0.013969121,133,,9521,9521
1536292,14022,,0.001205442,0.001205442,7,,5807,5807
1536297,14022,,0.000172206,0.000172206,1,,5807,5807
1536298,06007,,0.0417416,0.0417416,882,,21130,21130
1536299,06007,,0.000425935,0.000425935,9,,21130,21130
1536319,06007,,0.000141978,0.000141978,3,,21130,21130
1536321,06007,,0.023710364,0.023710364,501,,21130,21130
1536376,06004,0.041808864,0.003661972,0.034822974,675.0433583,15835,3550,19385
1536377,06004,0.341419892,,0.341419892,5406.383988,15835,,15835
1536378,06004,0.036165144,,0.036165144,572.6750539,15835,,15835
1536382,06002,,0.002835837,0.002835837,27,,9521,9521
1536384,06002,2.01016E-05,0.002520744,0.000182172,26.76160071,137382,9521,146903
1536385,06002,7.89308E-05,0.000420124,0.000101044,14.84366773,137382,9521,146903
1536386,06002,0.000580818,,0.000580818,79.79397006,137382,,137382
1536387,06002,0.000221654,,0.000221654,30.45125489,137382,,137382
1536390,06002,,0.000105031,0.000105031,1,,9521,9521
1536400,06002,,0.000525155,0.000525155,5,,9521,9521
1536401,06002,,0.000630186,0.000630186,6,,9521,9521
1536403,06002,,0.006616952,0.006616952,63,,9521,9521
1536407,06002,,0.000420124,0.000420124,4,,9521,9521
1539474,14022,,0.003271913,0.003271913,19,,5807,5807
1539475,14022,,0.000344412,0.000344412,2,,5807,5807
1539477,06007,,4.73261E-05,4.73261E-05,1,,21130,21130
1539478,06007,,9.46522E-05,9.46522E-05,2,,21130,21130
1539542,06004,,0.083661972,0.083661972,297,,3550,3550
1539553,06004,,0.001408451,0.001408451,5,,3550,3550
1539554,06004,,0.002535211,0.002535211,9,,3550,3550
1539555,06004,0.078740845,,0.078740845,1246.861275,15835,,15835
1539556,06004,0.007340561,0.007323944,0.007337518,142.2377874,15835,3550,19385
1539559,06002,0.000196295,,0.000196295,26.96744018,137382,,137382
1539560,06002,,0.000420124,0.000420124,4,,9521,9521
1539562,06002,0.000555507,0.000420124,0.000546733,80.316652,137382,9521,146903
1539563,06002,0.003412976,,0.003412976,468.8814788,137382,,137382
1539564,06002,0.005269602,,0.005269602,723.9484659,137382,,137382
1539565,06002,0.005788019,0.001890558,0.005535419,813.1696486,137382,9521,146903
1539566,06002,0.018878676,0.000420124,0.01768235,2597.59023,137382,9521,146903
1539567,06002,0.031321685,0.000105031,0.029298488,4304.035772,137382,9521,146903
1539568,06002,,0.000210062,0.000210062,2,,9521,9521
1539569,06002,,0.001155341,0.001155341,11,,9521,9521
1539571,06002,,0.040226867,0.040226867,383,,9521,9521
1539572,06005,,0.000141985,0.000141985,1,,7043,7043
1539589,14065,,0.000189358,0.000189358,1,,5281,5281
1542648,14022,,0.00086103,0.00086103,5,,5807,5807
1542649,14022,,0.002927501,0.002927501,17,,5807,5807
1542650,14022,,0.000688824,0.000688824,4,,5807,5807
1542674,06007,,0.002934217,0.002934217,62,,21130,21130
1542688,06007,,0.084145764,0.084145764,1778,,21130,21130
1542731,06004,,0.001690141,0.001690141,6,,3550,3550
1542733,06004,,0.00056338,0.00056338,2,,3550,3550
1542734,06004,,0.00028169,0.00028169,1,,3550,3550
1542735,06004,,0.001690141,0.001690141,6,,3550,3550
1542736,06002,0.000562438,,0.000562438,77.26879466,137382,,137382
1542737,06002,0.006036094,,0.006036094,829.2507151,137382,,137382
1542738,06002,0.001335337,0.000840248,0.001303249,191.451233,137382,9521,146903
1542739,06002,0.004027891,0.001785527,0.00388256,570.3597371,137382,9521,146903
1542740,06002,0.034362046,0.000420124,0.03216222,4724.726571,137382,9521,146903
1542741,06002,0.026548166,,0.026548166,3647.240116,137382,,137382
1542742,06002,0.015870696,,0.015870696,2180.34792,137382,,137382
1542743,06002,0.034482662,,0.034482662,4737.297083,137382,,137382
1542744,06002,0.046307249,,0.046307249,6361.782528,137382,,137382
1542745,06002,0.056594351,,0.056594351,7775.045176,137382,,137382
1542746,06002,0.017994429,0.005776704,0.017202581,2527.110706,137382,9521,146903
1542747,06002,0.005218022,0.001365403,0.004968328,729.8623027,137382,9521,146903
1542748,06002,,0.005671673,0.005671673,54,,9521,9521
1542759,06005,,0.005963368,0.005963368,42,,7043,7043
1542766,14065,,0.001325507,0.001325507,7,,5281,5281
1542767,14065,,0.009657262,0.009657262,51,,5281,5281
1545829,14022,,0.00086103,0.00086103,5,,5807,5807
1545830,14022,6.62326E-05,0.004821767,0.000773957,30.19978445,33213,5807,39020
1545831,14022,1.84753E-05,0.00086103,0.000143865,5.613619181,33213,5807,39020
1545832,14022,1.7866E-05,0.002238677,0.00034837,13.59338221,33213,5807,39020
1545835,06007,,0.026786559,0.026786559,566,,21130,21130
1545850,06007,,0.00373876,0.00373876,79,,21130,21130
1545851,06007,,0.00023663,0.00023663,5,,21130,21130
1545856,06007,,0.005347847,0.005347847,113,,21130,21130
1545895,06004,,0.043661972,0.043661972,155,,3550,3550
1545907,06004,,0.122816901,0.122816901,436,,3550,3550
1545909,06004,,0.07915493,0.07915493,281,,3550,3550
1545914,06002,0.001875652,,0.001875652,257.6808675,137382,,137382
1545914,06004,,0.143661972,0.143661972,510,,3550,3550
1545915,06002,0.004875915,,0.004875915,669.862918,137382,,137382
1545915,06010,0.02371761,,0.02371761,2789.190951,117600,,117600
1545916,06002,0.00682399,,0.00682399,937.4934154,137382,,137382
1545916,06010,0.008834078,,0.008834078,1038.88755,117600,,117600
1545917,06002,0.016773506,,0.016773506,2304.377822,137382,,137382
1545917,06010,6.2762E-05,,6.2762E-05,7.380816528,117600,,117600
1545918,06002,0.03615575,,0.03615575,4967.149262,137382,,137382
1545919,06002,0.029251233,,0.029251233,4018.592829,137382,,137382
1545920,06002,0.030984822,,0.030984822,4256.756753,137382,,137382
1545921,06002,0.043650828,,0.043650828,5996.838056,137382,,137382
1545922,06002,0.053492914,,0.053492914,7348.963503,137382,,137382
1545923,06002,0.045848566,,0.045848566,6298.767641,137382,,137382
1545924,06002,0.036780861,,0.036780861,5053.028198,137382,,137382
1545925,06002,0.003583144,,0.003583144,492.2595538,137382,,137382
1545933,06005,,0.00056794,0.00056794,4,,7043,7043
1545935,06005,,0.000141985,0.000141985,1,,7043,7043
1545945,14065,,0.000378716,0.000378716,2,,5281,5281
1549008,14022,0.012790891,,0.012790891,424.8238698,33213,,33213
1549009,14022,0.118428967,,0.118428967,3933.381275,33213,,33213
1549010,14022,0.09199896,,0.09199896,3055.561456,33213,,33213
1549011,06007,,0.000899195,0.000899195,19,,21130,21130
1549011,14022,0.021698172,,0.021698172,720.6614,33213,,33213
1549012,06007,,0.000189304,0.000189304,4,,21130,21130
1549013,06007,,0.000331283,0.000331283,7,,21130,21130
1549017,06007,,0.01230478,0.01230478,260,,21130,21130
1549026,06007,,0.00350213,0.00350213,74,,21130,21130
1549049,06007,,0.016753431,0.016753431,354,,21130,21130
1549091,06004,,0.002253521,0.002253521,8,,3550,3550
1549093,06010,0.018685793,0.002546689,0.018368813,2203.449282,117600,2356,119956
1549094,06002,1.70779E-05,,1.70779E-05,2.346198359,137382,,137382
1549094,06010,0.054246907,,0.054246907,6379.436223,117600,,117600
1549095,06002,0.00166949,,0.00166949,229.3578798,137382,,137382
1549095,06010,0.060658943,,0.060658943,7133.491735,117600,,117600
1549096,06002,0.018305664,,0.018305664,2514.86868,137382,,137382
1549096,06010,0.035129566,,0.035129566,4131.236994,117600,,117600
1549097,06002,0.037834009,,0.037834009,5197.711858,137382,,137382
1549098,06002,0.034256964,,0.034256964,4706.290195,137382,,137382
1549099,06002,0.038184918,,0.038184918,5245.920461,137382,,137382
1549100,06002,0.028930311,,0.028930311,3974.503951,137382,,137382
1549101,06002,0.021789976,,0.021789976,2993.550514,137382,,137382
1549102,06002,0.016065715,0.000630186,0.015065315,2213.140023,137382,9521,146903
1549103,06002,0.001144821,,0.001144821,157.2778072,137382,,137382
1549104,06002,,0.000525155,0.000525155,5,,9521,9521
1549109,06005,,0.14113304,0.14113304,994,,7043,7043
1552186,14022,0.002794402,,0.002794402,92.8104644,33213,,33213
1552187,14022,0.125983025,,0.125983025,4184.2742,33213,,33213
1552188,14022,0.095729072,,0.095729072,3179.449677,33213,,33213
1552189,14022,0.066202739,,0.066202739,2198.791583,33213,,33213
1552197,14022,,0.036163251,0.036163251,210,,5807,5807
1552212,06007,,0.000567913,0.000567913,12,,21130,21130
1552226,06007,,0.000331283,0.000331283,7,,21130,21130
1552229,06007,,0.000283956,0.000283956,6,,21130,21130
1552249,06004,,0.064788732,0.064788732,230,,3550,3550
1552265,06010,,0.000848896,0.000848896,2,,2356,2356
1552268,06004,,0.00028169,0.00028169,1,,3550,3550
1552270,06010,,0.002546689,0.002546689,6,,2356,2356
1552271,06010,,0.000424448,0.000424448,1,,2356,2356
1552272,06010,0.033768037,,0.033768037,3971.121122,117600,,117600
1552273,06010,0.086822535,,0.086822535,10210.33008,117600,,117600
1552274,06002,0.002380784,,0.002380784,327.0768244,137382,,137382
1552274,06010,0.06879949,,0.06879949,8090.820076,117600,,117600
1552275,06002,0.030114614,,0.030114614,4137.205854,137382,,137382
1552275,06010,0.019985435,,0.019985435,2350.287158,117600,,117600
1552276,06002,0.038961858,,0.038961858,5352.658034,137382,,137382
1552276,06010,0.00752282,,0.00752282,884.6836016,117600,,117600
1552277,06002,0.031830604,,0.031830604,4372.951988,137382,,137382
1552278,06002,0.014103198,,0.014103198,1937.525562,137382,,137382
1552279,06002,0.008376234,,0.008376234,1150.743806,137382,,137382
1552280,06002,0.0008532,,0.0008532,117.2143892,137382,,137382
1552281,06002,0.000802552,,0.000802552,110.2562264,137382,,137382
1552283,06005,,0.00028397,0.00028397,2,,7043,7043
1552284,06005,,0.000709925,0.000709925,5,,7043,7043
1552288,06005,,0.000425955,0.000425955,3,,7043,7043
1552296,06005,,0.075677978,0.075677978,533,,7043,7043
1552300,14108,,0.000600691,0.000600691,4,,6659,6659
1555365,14022,0.010617011,,0.010617011,352.6227779,33213,,33213
1555366,14022,0.000311244,,0.000311244,10.33735698,33213,,33213
1555367,14022,0.000237235,,0.000237235,7.879273064,33213,,33213
1555369,06007,,9.46522E-05,9.46522E-05,2,,21130,21130
1555370,06007,,0.000141978,0.000141978,3,,21130,21130
1555371,14022,,0.004649561,0.004649561,27,,5807,5807
1555390,06007,,0.01206815,0.01206815,255,,21130,21130
1555402,06007,,0.0186938,0.0186938,395,,21130,21130
1555407,06007,,0.000473261,0.000473261,10,,21130,21130
1555409,06007,,0.017179366,0.017179366,363,,21130,21130
1555429,06004,,0.00084507,0.00084507,3,,3550,3550
1555432,06004,,0.00056338,0.00056338,2,,3550,3550
1555443,06010,,0.000848896,0.000848896,2,,2356,2356
1555446,06004,,0.00028169,0.00028169,1,,3550,3550
1555448,06010,0.000146316,0.013582343,0.000410207,49.20677928,117600,2356,119956
1555449,06010,0.020983169,0.000424448,0.020579385,2468.620669,117600,2356,119956
1555450,06010,0.021717024,,0.021717024,2553.921995,117600,,117600
1555451,06010,0.04153118,,0.04153118,4884.066791,117600,,117600
1555452,06010,0.047130682,,0.047130682,5542.568243,117600,,117600
1555453,06002,4.28909E-05,,4.28909E-05,5.892431447,137382,,137382
1555453,06010,0.050381996,,0.050381996,5924.92269,117600,,117600
1555454,06002,0.006584745,,0.006584745,904.6253705,137382,,137382
1555454,06010,0.016902763,,0.016902763,1987.764893,117600,,117600
1555455,06002,0.024241556,,0.024241556,3330.353406,137382,,137382
1555456,06002,0.004587646,,0.004587646,630.2600061,137382,,137382
1555457,06002,0.000101619,,0.000101619,13.96063729,137382,,137382
1555458,06002,2.27077E-05,0.000420124,4.84648E-05,7.119628814,137382,9521,146903
1555459,06002,0,0.001995589,0.000129337,19,137382,9521,146903
1555459,06005,7.78361E-05,,7.78361E-05,1.561702663,20064,,20064
1555460,06005,0.000346484,,0.000346484,6.951846549,20064,,20064
1555461,06005,,0.000709925,0.000709925,5,,7043,7043
1555467,06005,,0.000425955,0.000425955,3,,7043,7043
1555476,06005,,0.00056794,0.00056794,4,,7043,7043
1558622,06010,,0.002971138,0.002971138,7,,2356,2356
1558623,06010,,0.000424448,0.000424448,1,,2356,2356
1558624,06010,,0.000848896,0.000848896,2,,2356,2356
1558625,06010,,0.002971138,0.002971138,7,,2356,2356
1558626,06010,0.005164895,0.006366723,0.0051885,622.3916672,117600,2356,119956
1558627,06010,0.004264869,,0.004264869,501.548643,117600,,117600
1558628,06010,0.000549368,0.002546689,0.000588597,70.6057064,117600,2356,119956
1558629,06010,0.014147186,,0.014147186,1663.7091,117600,,117600
1558630,06010,0.043939205,,0.043939205,5167.250521,117600,,117600
1558631,06010,0.058143202,,0.058143202,6837.640518,117600,,117600
1558632,06002,0.00044021,,0.00044021,60.476991,137382,,137382
1558632,06010,0.01106421,,0.01106421,1301.151129,117600,,117600
1558633,06002,0.009692724,0.0074572,0.009547836,1402.605768,137382,9521,146903
1558633,06010,3.18047E-08,,3.18047E-08,0.003740231,117600,,117600
1558634,06002,0.002278527,,0.002278527,313.0286328,137382,,137382
1558635,06002,1.48846E-05,0.000210062,2.75343E-05,4.044871765,137382,9521,146903
1558637,06005,7.88047E-05,,7.88047E-05,1.581138267,20064,,20064
1558638,06005,0.069620782,0.001987789,0.05204823,1410.871375,20064,7043,27107
1558639,06005,0.023033638,0.002981684,0.017823695,483.1469053,20064,7043,27107
1558640,06005,,0.069856595,0.069856595,492,,7043,7043
1558656,14108,,0.000150173,0.000150173,1,,6659,6659
1561751,06007,,0.014434453,0.014434453,305,,21130,21130
1561762,06007,,0.001798391,0.001798391,38,,21130,21130
1561770,06008,,0.027607362,0.027607362,99,,3586,3586
1561800,06010,,0.004244482,0.004244482,10,,2356,2356
1561805,06010,,0.000424448,0.000424448,1,,2356,2356
1561806,06010,,0.001697793,0.001697793,4,,2356,2356
1561807,06010,0.003003703,,0.003003703,353.235476,117600,,117600
1561808,06010,0.037721318,,0.037721318,4436.026983,117600,,117600
1561809,06010,0.058318297,,0.058318297,6858.231744,117600,,117600
1561810,06010,0.021403298,,0.021403298,2517.027831,117600,,117600
1561811,06002,0.000132531,,0.000132531,18.20742888,137382,,137382
1561812,06002,2.1497E-05,0.000525155,5.41398E-05,7.953305319,137382,9521,146903
1561813,06002,,0.013759059,0.013759059,131,,9521,9521
1561816,06005,0.002515662,0.00056794,0.002009601,54.4742421,20064,7043,27107
1561817,06005,0.046422086,0.000709925,0.034545052,936.4127319,20064,7043,27107
1561819,06005,,0.00056794,0.00056794,4,,7043,7043
1561823,06005,,0.00028397,0.00028397,2,,7043,7043
1564902,14022,,0.002066471,0.002066471,12,,5807,5807
1564933,06007,,0.00638902,0.00638902,135,,21130,21130
1564934,06007,,0.026833885,0.026833885,567,,21130,21130
1564971,06010,,0.064091681,0.064091681,151,,2356,2356
1564977,06010,,0.001273345,0.001273345,3,,2356,2356
1564979,06010,,0.000848896,0.000848896,2,,2356,2356
1564980,06003,,0.000428816,0.000428816,3,,6996,6996
1564982,06010,,0.000424448,0.000424448,1,,2356,2356
1564984,06003,,0.001858205,0.001858205,13,,6996,6996
1564984,06010,0.00420259,,0.00420259,494.224564,117600,,117600
1564985,06010,0.004693518,0.000848896,0.004618007,553.9576726,117600,2356,119956
1564986,06010,0.034277177,,0.034277177,4030.995969,117600,,117600
1564987,06010,0.058667663,0.003395586,0.05758209,6907.317205,117600,2356,119956
1564988,06010,0.00518342,,0.00518342,609.5701708,117600,,117600
1564989,06002,,0.000945279,0.000945279,9,,9521,9521
1564990,06002,,0.086335469,0.086335469,822,,9521,9521
1564990,06010,,0.002122241,0.002122241,5,,2356,2356
1564998,06005,,0.00056794,0.00056794,4,,7043,7043
1565001,06005,,0.000141985,0.000141985,1,,7043,7043
1565012,14108,,0.000450518,0.000450518,3,,6659,6659
1568081,14022,,0.005510591,0.005510591,32,,5807,5807
1568130,06008,,0.001952036,0.001952036,7,,3586,3586
1568149,06010,,0.000848896,0.000848896,2,,2356,2356
1568151,06010,,0.00466893,0.00466893,11,,2356,2356
1568152,06010,,0.000424448,0.000424448,1,,2356,2356
1568161,06003,,0.000714694,0.000714694,5,,6996,6996
1568163,06003,1.0073E-05,0.000714694,0.000246071,5.139934371,13892,6996,20888
1568164,06010,0.012479646,,0.012479646,1467.606421,117600,,117600
1568165,06010,0.005738841,,0.005738841,674.8877396,117600,,117600
1568167,06010,,0.010186757,0.010186757,24,,2356,2356
1568168,06010,,0.003820034,0.003820034,9,,2356,2356
1568172,06005,,0.00113588,0.00113588,8,,7043,7043
1568174,06005,,0.012636661,0.012636661,89,,7043,7043
1568175,06005,,0.030952719,0.030952719,218,,7043,7043
1568179,06005,,0.000425955,0.000425955,3,,7043,7043
1568191,14108,,0.000150173,0.000150173,1,,6659,6659
1571283,14027,,0.000203735,0.000203735,3,,14725,14725
1571299,06008,,0.20022309,0.20022309,718,,3586,3586
1571309,06008,,0.004182934,0.004182934,15,,3586,3586
1571331,06010,,0.000848896,0.000848896,2,,2356,2356
1571332,06010,,0.039473684,0.039473684,93,,2356,2356
1571333,06010,,0.191001698,0.191001698,450,,2356,2356
1571334,06010,,0.002971138,0.002971138,7,,2356,2356
1571336,06003,,0.000571755,0.000571755,4,,6996,6996
1571337,06003,,0.001000572,0.001000572,7,,6996,6996
1571339,06003,1.43443E-05,,1.43443E-05,0.199270863,13892,,13892
1571340,06003,0.009168898,0.000142939,0.006145841,128.3743266,13892,6996,20888
1571341,06003,0.001213568,,0.001213568,16.85888231,13892,,13892
1571342,06010,1.04541E-05,,1.04541E-05,1.229406651,117600,,117600
1571343,06010,,0.000424448,0.000424448,1,,2356,2356
1571345,06010,,0.002546689,0.002546689,6,,2356,2356
1571346,06010,,0.008913413,0.008913413,21,,2356,2356
1571353,06005,,0.005679398,0.005679398,40,,7043,7043
1571356,06005,,0.00085191,0.00085191,6,,7043,7043
1571357,06005,,0.00085191,0.00085191,6,,7043,7043
1574461,14027,,0.028658744,0.028658744,422,,14725,14725
1574476,14027,,0.010933786,0.010933786,161,,14725,14725
1574479,06008,,0.000278862,0.000278862,1,,3586,3586
1574484,06008,,0.01868377,0.01868377,67,,3586,3586
1574486,06008,,0.004461796,0.004461796,16,,3586,3586
1574495,06010,,0.002971138,0.002971138,7,,2356,2356
1574500,06010,,0.12860781,0.12860781,303,,2356,2356
1574501,06010,,0.101443124,0.101443124,239,,2356,2356
1574512,06010,,0.029711375,0.029711375,70,,2356,2356
1574517,06003,0.047155684,0.000285878,0.03145762,657.086764,13892,6996,20888
1574518,06003,0.125156281,,0.125156281,1738.671052,13892,,13892
1574519,06003,0.053247393,,0.053247393,739.712777,13892,,13892
1574520,06003,0.004865518,0.043453402,0.017789725,371.5917828,13892,6996,20888
1574520,06010,,0.001697793,0.001697793,4,,2356,2356
1574533,06005,,0.00028397,0.00028397,2,,7043,7043
1574534,06005,0.030049782,,0.030049782,602.9188361,20064,,20064
1574535,06005,0.061976598,0.00085191,0.046095048,1249.498467,20064,7043,27107
1574536,06005,0.003104875,,0.003104875,62.29620292,20064,,20064
1577649,14027,,0.014736842,0.014736842,217,,14725,14725
1577659,06008,,0.032905745,0.032905745,118,,3586,3586
1577670,06008,,0.000557724,0.000557724,2,,3586,3586
1577676,06010,,0.001273345,0.001273345,3,,2356,2356
1577677,06010,,0.000424448,0.000424448,1,,2356,2356
1577680,06010,,0.000424448,0.000424448,1,,2356,2356
1577693,06003,,0.000142939,0.000142939,1,,6996,6996
1577695,06003,0.006110859,0.001429388,0.004542898,94.8920575,13892,6996,20888
1577696,06003,0.229376922,,0.229376922,3186.504199,13892,,13892
1577697,06003,0.158273432,0.003287593,0.106364157,2221.734522,13892,6996,20888
1577698,06003,0.012123261,0.002144082,0.008780943,183.4163433,13892,6996,20888
1577700,06010,,0.002971138,0.002971138,7,,2356,2356
1577701,06010,,0.006366723,0.006366723,15,,2356,2356
1577703,06010,,0.073429542,0.073429542,173,,2356,2356
1577704,06010,,0.001697793,0.001697793,4,,2356,2356
1577705,06010,,0.079371817,0.079371817,187,,2356,2356
1577708,06005,,0.081073406,0.081073406,571,,7043,7043
1577712,06005,0.094053759,,0.094053759,1887.094626,20064,,20064
1577713,06005,0.198239369,,0.198239369,3977.474708,20064,,20064
1577714,06005,0.013198907,0.00056794,0.009917101,268.8228634,20064,7043,27107
1580818,14027,,0.000271647,0.000271647,4,,14725,14725
1580819,14027,,0.069541596,0.069541596,1024,,14725,14725
1580825,14027,,0.000135823,0.000135823,2,,14725,14725
1580832,14027,,0.002580645,0.002580645,38,,14725,14725
1580842,06008,,0.001115449,0.001115449,4,,3586,3586
1580873,06003,,0.006575186,0.006575186,46,,6996,6996
1580874,06003,0.015668742,,0.015668742,217.6701611,13892,,13892
1580875,06003,0.016058597,0.000857633,0.010967351,229.0860247,13892,6996,20888
1580876,06003,0.00122818,0.000571755,0.001008324,21.06187604,13892,6996,20888
1580881,06010,,0.001273345,0.001273345,3,,2356,2356
1580885,06005,,0.125230726,0.125230726,882,,7043,7043
1580890,06005,0.01008527,,0.01008527,202.3508606,20064,,20064
1580891,06005,0.013278228,,0.013278228,266.4143721,20064,,20064
1580892,06005,0.004741283,0.000993895,0.003767629,102.1291089,20064,7043,27107
1580896,06005,,0.025131336,0.025131336,177,,7043,7043
1580903,14103,,0.005095541,0.005095541,4,,785,785
1583972,14022,,0.016359566,0.016359566,95,,5807,5807
1583997,14027,,0.036061121,0.036061121,531,,14725,14725
1584020,06008,,0.005298383,0.005298383,19,,3586,3586
1584052,06003,,0.000571755,0.000571755,4,,6996,6996
1584053,06003,,0.001143511,0.001143511,8,,6996,6996
1584057,06003,,0.000428816,0.000428816,3,,6996,6996
1584060,06005,,0.000141985,0.000141985,1,,7043,7043
1584060,06010,,0.005517827,0.005517827,13,,2356,2356
1584071,06005,,0.00028397,0.00028397,2,,7043,7043
1584074,06005,,0.112310095,0.112310095,791,,7043,7043
1587140,14027,,0.006451613,0.006451613,95,,14725,14725
1587175,14027,,0.000135823,0.000135823,2,,14725,14725
1587186,14027,,0.000339559,0.000339559,5,,14725,14725
1587194,06008,,0.045733408,0.045733408,164,,3586,3586
1587195,06008,,0.025934189,0.025934189,93,,3586,3586
1587198,06008,,0.011433352,0.011433352,41,,3586,3586
1587199,06008,,0.000836587,0.000836587,3,,3586,3586
1587212,06008,,0.001115449,0.001115449,4,,3586,3586
1587221,06003,,0.008004574,0.008004574,56,,6996,6996
1587227,06003,,0.000285878,0.000285878,2,,6996,6996
1587233,06003,,0.000857633,0.000857633,6,,6996,6996
1587234,06003,,0.000714694,0.000714694,5,,6996,6996
1587236,06003,,0.001858205,0.001858205,13,,6996,6996
1590340,14027,,6.79117E-05,6.79117E-05,1,,14725,14725
1590373,06008,,0.001394311,0.001394311,5,,3586,3586
1590374,06008,,0.255995538,0.255995538,918,,3586,3586
1590378,06008,,0.000278862,0.000278862,1,,3586,3586
1590402,06003,,0.272298456,0.272298456,1905,,6996,6996
1590411,06003,,0.000285878,0.000285878,2,,6996,6996
1590412,06003,,0.002572899,0.002572899,18,,6996,6996
1590413,06003,,0.014008005,0.014008005,98,,6996,6996
1590414,06003,0.035136619,,0.035136619,488.1179109,13892,,13892
1590417,06010,,0.003395586,0.003395586,8,,2356,2356
1590428,06005,,0.259690473,0.259690473,1829,,7043,7043
1590429,06005,,0.000141985,0.000141985,1,,7043,7043
1593504,14027,,0.008760611,0.008760611,129,,14725,14725
1593518,14027,,0.005432937,0.005432937,80,,14725,14725
1593531,14027,,0.000203735,0.000203735,3,,14725,14725
1593544,14027,,0.002852292,0.002852292,42,,14725,14725
1593546,14027,,0.003870968,0.003870968,57,,14725,14725
1593582,06003,,0.102487136,0.102487136,717,,6996,6996
1593589,06003,,0.000714694,0.000714694,5,,6996,6996
1593590,06003,,0.002572899,0.002572899,18,,6996,6996
1593591,06003,0.152852402,0.001143511,0.102040673,2131.425571,13892,6996,20888
1593592,06003,0.075081816,0.005717553,0.051849703,1083.036588,13892,6996,20888
1593595,06010,,0.011035654,0.011035654,26,,2356,2356
1593596,06005,,0.000141985,0.000141985,1,,7043,7043
1593606,06005,0.009297031,,0.009297031,186.5356368,20064,,20064
1596683,14027,,0.00040747,0.00040747,6,,14725,14725
1596699,14027,,0.000543294,0.000543294,8,,14725,14725
1596709,14027,,0.003803056,0.003803056,56,,14725,14725
1596711,14027,,0.002308998,0.002308998,34,,14725,14725
1596714,14027,,0.000814941,0.000814941,12,,14725,14725
1596732,06008,7.75304E-05,,7.75304E-05,0.355709634,4588,,4588
1596733,06008,0.001684264,,0.001684264,7.727401307,4588,,4588
1596734,06008,0.126349217,,0.126349217,579.6902094,4588,,4588
1596735,06008,0.008121589,,0.008121589,37.26184816,4588,,4588
1596744,06008,,0.003904071,0.003904071,14,,3586,3586
1596763,06003,,0.000714694,0.000714694,5,,6996,6996
1596769,06003,0.043062368,,0.043062368,598.2224157,13892,,13892
1596770,06003,0.014195047,0.000428816,0.009584335,200.1975929,13892,6996,20888
1596771,06003,,0.006575186,0.006575186,46,,6996,6996
1596773,06010,,0.000424448,0.000424448,1,,2356,2356
1596783,06005,0.048393206,,0.048393206,970.9612797,20064,,20064
1596784,06005,0.20536318,,0.20536318,4120.406846,20064,,20064
1596785,06005,0.020183914,0.006815278,0.016710446,452.9700604,20064,7043,27107
1596786,06005,,0.00028397,0.00028397,2,,7043,7043
1599889,14027,,0.007062818,0.007062818,104,,14725,14725
1599890,14027,,0.015755518,0.015755518,232,,14725,14725
1599900,14027,,0.000882852,0.000882852,13,,14725,14725
1599910,06008,4.03143E-05,,4.03143E-05,0.184962095,4588,,4588
1599911,06008,0.00996788,0.000557724,0.005839568,47.73263283,4588,3586,8174
1599912,06008,0.823446038,0.002230898,0.463172305,3785.970423,4588,3586,8174
1599913,06008,0.011639061,,0.011639061,53.40001016,4588,,4588
1599946,06003,,0.002001144,0.002001144,14,,6996,6996
1599948,06003,,0.051172098,0.051172098,358,,6996,6996
1599952,06010,,0.000848896,0.000848896,2,,2356,2356
1599958,06005,,0.000709925,0.000709925,5,,7043,7043
1599959,06005,,0.000425955,0.000425955,3,,7043,7043
1599961,06005,0.067736499,0.000709925,0.050321508,1364.065125,20064,7043,27107
1599962,06005,0.077724008,,0.077724008,1559.454502,20064,,20064
1599963,06005,0.000478796,,0.000478796,9.606568521,20064,,20064
1599967,14103,,0.472611465,0.472611465,371,,785,785
1603041,14027,,0.134397284,0.134397284,1979,,14725,14725
1603074,14027,,0.005772496,0.005772496,85,,14725,14725
1603084,14027,,0.005976231,0.005976231,88,,14725,14725
1603087,06008,,0.020078081,0.020078081,72,,3586,3586
1603090,06008,0.018456364,0.000557724,0.010604086,86.67779764,4588,3586,8174
1603091,06008,0.000217759,,0.000217759,0.999078857,4588,,4588
1603099,06008,,0.004740658,0.004740658,17,,3586,3586
1603116,06003,,0.001143511,0.001143511,8,,6996,6996
1603121,06003,,0.041166381,0.041166381,288,,6996,6996
1603122,06003,,0.000285878,0.000285878,2,,6996,6996
1603124,06003,,0.028158948,0.028158948,197,,6996,6996
1603125,06003,,0.000571755,0.000571755,4,,6996,6996
1603126,06003,,0.001858205,0.001858205,13,,6996,6996
1603127,06003,,0.000571755,0.000571755,4,,6996,6996
1603128,06003,,0.000285878,0.000285878,2,,6996,6996
1603130,06010,,0.095925297,0.095925297,226,,2356,2356
1603135,06005,,0.024563396,0.024563396,173,,7043,7043
1603136,06005,,0.001277865,0.001277865,9,,7043,7043
1603142,14103,0.042312374,,0.042312374,273.8033728,6471,,6471
1603143,14103,0.007523084,0.01656051,0.00850081,61.6818794,6471,785,7256
1603145,14103,,0.026751592,0.026751592,21,,785,785
1603149,14103,,0.289171975,0.289171975,227,,785,785
1606226,14027,,0.002920204,0.002920204,43,,14725,14725
1606240,14027,,0.000135823,0.000135823,2,,14725,14725
1606243,14027,,0.000203735,0.000203735,3,,14725,14725
1606269,06008,,0.001115449,0.001115449,4,,3586,3586
1606276,06008,,0.000836587,0.000836587,3,,3586,3586
1606277,06008,,0.023982153,0.023982153,86,,3586,3586
1606303,06003,,0.003144654,0.003144654,22,,6996,6996
1606304,06003,,0.250571755,0.250571755,1753,,6996,6996
1606305,06003,,0.001286449,0.001286449,9,,6996,6996
1606306,06003,,0.000142939,0.000142939,1,,6996,6996
1606307,06010,,0.00466893,0.00466893,11,,2356,2356
1606308,06010,,0.002546689,0.002546689,6,,2356,2356
1606309,06010,,0.059847199,0.059847199,141,,2356,2356
1606311,06005,,0.00113588,0.00113588,8,,7043,7043
1606320,14103,0.209125095,,0.209125095,1353.248492,6471,,6471
1606321,14103,0.217711473,,0.217711473,1408.810939,6471,,6471
1606322,14103,0.001327832,,0.001327832,8.592398769,6471,,6471
1609402,14027,,0.000135823,0.000135823,2,,14725,14725
1609420,14027,,0.001901528,0.001901528,28,,14725,14725
1609433,14027,,0.001018676,0.001018676,15,,14725,14725
1609436,14027,,0.002173175,0.002173175,32,,14725,14725
1609440,14027,,0.001222411,0.001222411,18,,14725,14725
1609450,06008,,0.000278862,0.000278862,1,,3586,3586
1609465,06003,,0.000285878,0.000285878,2,,6996,6996
1609472,06003,,0.014722699,0.014722699,103,,6996,6996
1609477,06003,,0.052458548,0.052458548,367,,6996,6996
1609480,06003,,0.001572327,0.001572327,11,,6996,6996
1609483,06003,,0.000857633,0.000857633,6,,6996,6996
1609485,06010,,0.001273345,0.001273345,3,,2356,2356
1609498,14103,0.002605935,0.007643312,0.00315091,22.86300481,6471,785,7256
1609500,14103,,0.008917197,0.008917197,7,,785,785
1612580,14027,,0.000203735,0.000203735,3,,14725,14725
1612594,14027,,0.010458404,0.010458404,154,,14725,14725
1612600,14027,,0.003327674,0.003327674,49,,14725,14725
1612609,14027,,0.00196944,0.00196944,29,,14725,14725
1612610,14027,,0.010662139,0.010662139,157,,14725,14725
1612614,14027,,0.001426146,0.001426146,21,,14725,14725
1612617,14027,,0.006179966,0.006179966,91,,14725,14725
1612618,14027,,0.01466893,0.01466893,216,,14725,14725
1612627,06008,,0.05716676,0.05716676,205,,3586,3586
1612631,06008,,0.004461796,0.004461796,16,,3586,3586
1612641,06003,,0.010005718,0.010005718,70,,6996,6996
1612650,14122,,0.004120444,0.004120444,13,,3155,3155
1612661,06003,,0.000857633,0.000857633,6,,6996,6996
1612680,14103,,0.001273885,0.001273885,1,,785,785
1615763,14027,,0.01582343,0.01582343,233,,14725,14725
1615776,14027,,0.000475382,0.000475382,7,,14725,14725
1615783,14027,,0.006451613,0.006451613,95,,14725,14725
1615791,14027,,0.007402377,0.007402377,109,,14725,14725
1615793,14027,,0.002037351,0.002037351,30,,14725,14725
1615821,06003,,0.000142939,0.000142939,1,,6996,6996
1615825,06003,,0.000142939,0.000142939,1,,6996,6996
1615839,06003,,0.000142939,0.000142939,1,,6996,6996
1615847,06005,,0.00028397,0.00028397,2,,7043,7043
1615852,14103,,0.005095541,0.005095541,4,,785,785
1615853,14103,,0.095541401,0.095541401,75,,785,785
1615858,14103,0.016202338,,0.016202338,104.8453283,6471,,6471
1615859,14103,0.114381806,0.006369427,0.102696343,745.1646663,6471,785,7256
1615860,14103,0.010106137,,0.010106137,65.39681217,6471,,6471
1618936,14027,,0.000271647,0.000271647,4,,14725,14725
1618953,14027,,0.001833616,0.001833616,27,,14725,14725
1618960,14027,,0.000679117,0.000679117,10,,14725,14725
1618966,14027,,0.000950764,0.000950764,14,,14725,14725
1618968,14027,,0.025874363,0.025874363,381,,14725,14725
1618969,14027,,0.000475382,0.000475382,7,,14725,14725
1618970,14027,,0.002037351,0.002037351,30,,14725,14725
1618981,06008,,0.077523703,0.077523703,278,,3586,3586
1618982,06008,,0.001952036,0.001952036,7,,3586,3586
1618986,06008,,0.03736754,0.03736754,134,,3586,3586
1618991,06008,,0.033742331,0.033742331,121,,3586,3586
1619008,14122,,0.063074485,0.063074485,199,,3155,3155
1619036,14103,0.003701697,,0.003701697,23.95367882,6471,,6471
1619037,14103,0.365611049,,0.365611049,2365.869099,6471,,6471
1619038,14103,0.009391179,,0.009391179,60.77031662,6471,,6471
1622121,14027,,0.000135823,0.000135823,2,,14725,14725
1622125,14027,0.139062914,0.010186757,0.029508509,511.1463882,2597,14725,17322
1622126,14027,0.303520406,,0.303520406,788.2424949,2597,,2597
1622127,14027,0.01284907,,0.01284907,33.36903591,2597,,2597
1622135,14027,,0.001018676,0.001018676,15,,14725,14725
1622141,14027,,0.008624788,0.008624788,127,,14725,14725
1622144,14027,,0.000543294,0.000543294,8,,14725,14725
1622147,14027,,0.000679117,0.000679117,10,,14725,14725
1622148,14027,,0.000882852,0.000882852,13,,14725,14725
1622152,14027,,0.000950764,0.000950764,14,,14725,14725
1622182,14122,,0.053882726,0.053882726,170,,3155,3155
1622187,14122,,0.017432647,0.017432647,55,,3155,3155
1622193,06003,,0.040451687,0.040451687,283,,6996,6996
1622194,06003,,0.001000572,0.001000572,7,,6996,6996
1625288,14027,,0.026757216,0.026757216,394,,14725,14725
1625302,14027,,0.000271647,0.000271647,4,,14725,14725
1625303,14027,0.202628238,,0.202628238,526.2255333,2597,,2597
1625304,14027,0.341939392,,0.341939392,888.0166005,2597,,2597
1625305,14027,0,,0,0,2597,,2597
1625308,14027,,0.004142615,0.004142615,61,,14725,14725
1625318,14027,,0.011205433,0.011205433,165,,14725,14725
1625320,14027,,0.002444822,0.002444822,36,,14725,14725
1625321,14027,,0.025602716,0.025602716,377,,14725,14725
1625324,14027,,0.005432937,0.005432937,80,,14725,14725
1625325,14027,,0.010594228,0.010594228,156,,14725,14725
1625331,14027,,0.009032258,0.009032258,133,,14725,14725
1625337,06008,,0.003346347,0.003346347,12,,3586,3586
1625366,14122,,0.244057052,0.244057052,770,,3155,3155
1625371,14122,,0.003169572,0.003169572,10,,3155,3155
1628475,14027,,0.000339559,0.000339559,5,,14725,14725
1628478,14027,,0.000135823,0.000135823,2,,14725,14725
1628479,14027,,6.79117E-05,6.79117E-05,1,,14725,14725
1628486,14027,,0.007877759,0.007877759,116,,14725,14725
1628499,14027,,0.000475382,0.000475382,7,,14725,14725
1628500,14027,,0.060373514,0.060373514,889,,14725,14725
1628501,14027,,0.000814941,0.000814941,12,,14725,14725
1628502,14027,,0.001494058,0.001494058,22,,14725,14725
1628503,14027,,0.001154499,0.001154499,17,,14725,14725
1628505,14027,,0.002444822,0.002444822,36,,14725,14725
1628528,14099,,0.000546548,0.000546548,3,,5489,5489
1628544,14122,,0.002535658,0.002535658,8,,3155,3155
1628547,14122,,0.034865293,0.034865293,110,,3155,3155
1628548,14122,,0.000950872,0.000950872,3,,3155,3155
1628549,14122,,0.004120444,0.004120444,13,,3155,3155
1628550,06003,,0.000714694,0.000714694,5,,6996,6996
1628552,06003,,0.006718125,0.006718125,47,,6996,6996
1628572,14108,,0.000901036,0.000901036,6,,6659,6659
1631655,14027,,0.000271647,0.000271647,4,,14725,14725
1631670,14027,,0.002852292,0.002852292,42,,14725,14725
1631671,14027,,0.000814941,0.000814941,12,,14725,14725
1631675,14027,,0.006519525,0.006519525,96,,14725,14725
1631677,14027,,0.000271647,0.000271647,4,,14725,14725
1631679,14027,,0.017724958,0.017724958,261,,14725,14725
1631680,14027,,0.013039049,0.013039049,192,,14725,14725
1631681,14027,,0.001629881,0.001629881,24,,14725,14725
1631684,14027,,0.085025467,0.085025467,1252,,14725,14725
1631692,06008,,0.086168433,0.086168433,309,,3586,3586
1631713,14099,,0.005647659,0.005647659,31,,5489,5489
1631717,14122,,0.049445325,0.049445325,156,,3155,3155
1631727,14122,,0.004437401,0.004437401,14,,3155,3155
1631746,14103,,0.064968153,0.064968153,51,,785,785
1634811,14043,,0.010297998,0.010297998,160,,15537,15537
1634813,14043,,0.018922572,0.018922572,294,,15537,15537
1634834,14027,,0.007266553,0.007266553,107,,14725,14725
1634856,14027,,0.007402377,0.007402377,109,,14725,14725
1634857,14027,,0.000814941,0.000814941,12,,14725,14725
1634864,14027,,0.00040747,0.00040747,6,,14725,14725
1634865,14027,,0.000203735,0.000203735,3,,14725,14725
1634866,14027,,0.000271647,0.000271647,4,,14725,14725
1634867,14027,,0.000882852,0.000882852,13,,14725,14725
1634874,14099,,0.022772818,0.022772818,125,,5489,5489
1634875,14099,,0.003461468,0.003461468,19,,5489,5489
1634876,14099,,0.003825833,0.003825833,21,,5489,5489
1634892,14122,,0.008240887,0.008240887,26,,3155,3155
1634896,14122,,0.038985737,0.038985737,123,,3155,3155
1637988,14043,0.011912237,0.001866512,0.005250105,122.999464,7891,15537,23428
1637989,14043,,0.001737787,0.001737787,27,,15537,15537
1637990,14043,,0.000128725,0.000128725,2,,15537,15537
1637994,14043,,0.098474609,0.098474609,1530,,15537,15537
1637998,14021,,0.011758418,0.011758418,44,,3742,3742
1638008,14027,,0.01582343,0.01582343,233,,14725,14725
1638020,14027,,0.000135823,0.000135823,2,,14725,14725
1638034,14027,,0.017928693,0.017928693,264,,14725,14725
1638035,14027,,0.009575552,0.009575552,141,,14725,14725
1638037,14027,,0.000814941,0.000814941,12,,14725,14725
1638045,14027,,0.017317487,0.017317487,255,,14725,14725
1638051,14099,,0.021679723,0.021679723,119,,5489,5489
1638053,14099,,0.000182183,0.000182183,1,,5489,5489
1638066,14099,,0.00145746,0.00145746,8,,5489,5489
1638067,14099,,0.002732738,0.002732738,15,,5489,5489
1638069,14099,,0.003825833,0.003825833,21,,5489,5489
1638074,14122,,0.019968304,0.019968304,63,,3155,3155
1638078,14122,,0.038034865,0.038034865,120,,3155,3155
1641168,14043,,6.43625E-05,6.43625E-05,1,,15537,15537
1641173,14043,,0.024071571,0.024071571,374,,15537,15537
1641174,14043,,0.000193087,0.000193087,3,,15537,15537
1641177,14021,,0.141101015,0.141101015,528,,3742,3742
1641198,14027,,0.059083192,0.059083192,870,,14725,14725
1641200,14027,,0.007877759,0.007877759,116,,14725,14725
1641210,14027,,0.007877759,0.007877759,116,,14725,14725
1641213,14027,,0.0075382,0.0075382,111,,14725,14725
1641245,14122,,0.015530903,0.015530903,49,,3155,3155
1641246,14122,,0.073217116,0.073217116,231,,3155,3155
1641249,14122,,0.064976228,0.064976228,205,,3155,3155
1641253,14122,,0.006973059,0.006973059,22,,3155,3155
1641257,14122,,0.042789223,0.042789223,135,,3155,3155
1644347,14043,,0.00025745,0.00025745,4,,15537,15537
1644351,14043,,6.43625E-05,6.43625E-05,1,,15537,15537
1644379,14027,,0.00237691,0.00237691,35,,14725,14725
1644387,14027,,0.001222411,0.001222411,18,,14725,14725
1644389,14027,,0.002037351,0.002037351,30,,14725,14725
1644403,14099,,0.00856258,0.00856258,47,,5489,5489
1644433,14122,,0.018700475,0.018700475,59,,3155,3155
1647524,14043,,0.000193087,0.000193087,3,,15537,15537
1647558,14027,,0.006383701,0.006383701,94,,14725,14725
1647608,14122,,0.013946117,0.013946117,44,,3155,3155