GRIDCODE,CVENTMUN,LONG_VIALIDADES TOTAL x SENTIDO x MUNICIPIO (m),LONG VIALIDAD x SENTIDO x CELDA
1345709,16014,295402.0602,3268.541892
1345710,16014,295402.0602,552.6988239
1352060,16014,295402.0602,6327.297442
1352061,16014,295402.0602,808.4443485
1352067,16014,295402.0602,23472.9072
1352068,16014,295402.0602,11694.75245
1355238,16014,295402.0602,1734.601747
1355239,16014,295402.0602,5987.839117
1355244,16014,295402.0602,498.8608166
1355245,16014,295402.0602,18653.18517
1355246,16014,295402.0602,26477.11845
1355247,16014,295402.0602,313.8858774
1358422,16014,295402.0602,688.9419493
1358423,16014,295402.0602,22092.5979
1358424,16014,295402.0602,39260.825
1358425,16014,295402.0602,4957.141161
1358430,16014,295402.0602,1241.994089
1358431,16014,295402.0602,1506.689027
1361601,16014,295402.0602,7243.609322
1361602,16014,295402.0602,5848.791981
1361603,16014,295402.0602,45.72330645
1361608,16014,295402.0602,3572.205338
1361609,16014,295402.0602,1778.943817
1361610,16014,295402.0602,41.88336092
1361611,16014,295402.0602,901.2920965
1364777,16014,295402.0602,2206.228657
1367950,06009,802494.891,1938.098326
1367951,06009,802494.891,1559.852708
1367955,16014,295402.0602,6367.992288
1367966,16014,295402.0602,6924.221884
1371130,06009,802494.891,185.1143812
1371144,16014,295402.0602,145.3549487
1374307,06009,802494.891,15154.00077
1374308,06009,802494.891,17220.03382
1374313,16014,295402.0602,19729.3319
1374314,16014,295402.0602,592.7915958
1374321,16014,295402.0602,5676.814735
1377485,06009,802494.891,19593.45086
1377486,06009,802494.891,11901.93302
1377491,16014,295402.0602,3532.452027
1377492,16014,295402.0602,977.4247005
1380662,06009,802494.891,3527.214055
1380663,06009,802494.891,6616.756126
1380672,16014,295402.0602,36.92143294
1380673,16014,295402.0602,14207.17518
1380674,16014,295402.0602,10681.15124
1383852,16014,295402.0602,1247.998877
1393394,16014,295402.0602,150.4396271
1393395,16014,295402.0602,473.9654588
1396562,06009,802494.891,274.5906355
1396563,06009,802494.891,5663.33721
1396572,16014,295402.0602,3550.554422
1396573,16014,295402.0602,10561.54016
1399733,06009,802494.891,1208.180039
1399734,06009,802494.891,12309.90979
1402912,06009,802494.891,1417.249859
1412452,06006,100099.5341,602.3703939
1412457,16014,295402.0602,2618.766047
1415609,06009,802494.891,4642.088978
1415610,06009,802494.891,10739.01464
1415613,06009,802494.891,3843.077801
1415614,06009,802494.891,194.2732718
1415620,06009,802494.891,3862.921302
1415630,06006,100099.5341,848.6076259
1415637,16014,295402.0602,3063.664684
1418771,06001,335457.9861,3426.192787
1418772,06001,335457.9861,2176.155634
1418787,06009,802494.891,117.5679026
1418788,06009,802494.891,3799.739644
1418815,16014,295402.0602,5.412958263
1421949,06001,335457.9861,2111.767723
1421960,06009,802494.891,140.6129357
1421961,06009,802494.891,2724.588567
1421980,06006,100099.5341,1588.580833
1421981,06006,100099.5341,1572.332886
1421987,06006,100099.5341,10202.26447
1425135,06009,802494.891,171.2217534
1425138,06009,802494.891,1179.941459
1425139,06009,802494.891,33604.24035
1425140,06009,802494.891,9201.599908
1428313,06009,802494.891,2643.393213
1428314,06009,802494.891,4292.841345
1428316,06009,802494.891,20247.78965
1428317,06009,802494.891,34052.95738
1428318,06009,802494.891,18910.60521
1428319,06009,802494.891,1136.041549
1428326,06009,802494.891,5234.23741
1428327,06009,802494.891,568.2012985
1428340,06006,100099.5341,840.7735082
1428351,06002,1449598.03,1978.407497
1428352,06002,1449598.03,720.2637621
1431476,06001,335457.9861,1890.598006
1431477,06001,335457.9861,4068.081813
1431478,06001,335457.9861,20.60479021
1431494,06009,802494.891,23024.2321
1431495,06009,802494.891,31273.01319
1431496,06009,802494.891,25084.70989
1431497,06009,802494.891,29003.13642
1431498,06009,802494.891,3263.557613
1431511,06006,100099.5341,1071.498832
1431518,06006,100099.5341,182.0521933
1431529,06002,1449598.03,829.482004
1431530,06002,1449598.03,648.2061243
1434653,06001,335457.9861,16237.69443
1434654,06001,335457.9861,19444.74904
1434671,06009,802494.891,3699.580009
1434672,06009,802494.891,44246.44587
1434673,06009,802494.891,27634.01018
1434674,06009,802494.891,24402.63155
1434675,06009,802494.891,21494.88546
1434676,06009,802494.891,3874.116144
1437831,06001,335457.9861,3942.172425
1437840,06001,335457.9861,410.0199256
1437841,06001,335457.9861,5117.98455
1437842,06001,335457.9861,2490.926656
1437843,06001,335457.9861,221.8845222
1437849,06009,802494.891,8958.025095
1437850,06009,802494.891,35615.12126
1437851,06009,802494.891,31127.48636
1437852,06009,802494.891,30902.27142
1437853,06009,802494.891,6920.939879
1441018,06001,335457.9861,2861.668825
1441019,06001,335457.9861,16017.36392
1441020,06001,335457.9861,38334.13829
1441021,06001,335457.9861,26106.40024
1441022,06001,335457.9861,7138.413846
1441022,06009,802494.891,393.3251752
1441023,06009,802494.891,10913.47395
1441027,06009,802494.891,1732.896796
1441028,06009,802494.891,19592.71452
1441029,06009,802494.891,10707.80943
1441030,06009,802494.891,3924.778399
1441031,06009,802494.891,633.9433148
1441055,06006,100099.5341,22.25964556
1441056,06006,100099.5341,4178.177724
1444197,06001,335457.9861,8846.090687
1444198,06001,335457.9861,28257.33039
1444199,06001,335457.9861,5185.324823
1444200,06001,335457.9861,10902.21708
1444200,06009,802494.891,221.9235013
1444201,06009,802494.891,4988.48922
1444202,06009,802494.891,15634.82125
1444203,06009,802494.891,16094.1528
1444204,06009,802494.891,10824.33946
1444205,06009,802494.891,18859.58148
1444206,06009,802494.891,3891.682667
1444207,06009,802494.891,1527.968814
1444227,06006,100099.5341,417.1581368
1444228,06006,100099.5341,1427.514962
1444247,16026,62057.92018,5486.025237
1447377,06001,335457.9861,4468.899909
1447378,06001,335457.9861,18490.48482
1447415,06006,100099.5341,1708.101588
1450554,06001,335457.9861,2.833156121
1450555,06001,335457.9861,27518.59596
1450556,06001,335457.9861,1822.772365
1453722,06001,335457.9861,471.4524601
1453733,06001,335457.9861,5313.224983
1453760,06006,100099.5341,5145.586215
1453761,06006,100099.5341,3366.354005
1453777,06002,1449598.03,1378.162665
1453778,06002,1449598.03,14797.00173
1456900,06001,335457.9861,11419.1295
1456938,06006,100099.5341,1471.653943
1456939,06006,100099.5341,1433.658554
1460078,06001,335457.9861,56.38206986
1460097,06009,802494.891,6137.057075
1460098,06009,802494.891,2657.966905
1460112,06006,100099.5341,5149.408651
1460113,06006,100099.5341,4225.097572
1463275,06009,802494.891,7045.831678
1463276,06009,802494.891,919.0915304
1463288,06006,100099.5341,7644.233876
1463289,06006,100099.5341,144.1873417
1463290,06006,100099.5341,19496.506
1463291,06006,100099.5341,6152.063599
1463293,06006,100099.5341,826.3036178
1466429,06007,1649829.639,10609.27903
1466430,06007,1649829.639,633.5736427
1466431,06007,1649829.639,3484.174194
1466458,06009,802494.891,263.5633332
1466466,06006,100099.5341,2229.620177
1466468,06006,100099.5341,1127.693061
1466469,06006,100099.5341,126.1374463
1466471,06006,100099.5341,140.2879195
1466472,06006,100099.5341,9559.391931
1469602,06007,1649829.639,7738.585926
1469606,06007,1649829.639,10096.36565
1469607,06007,1649829.639,9099.829111
1469608,06007,1649829.639,1451.73244
1469609,06007,1649829.639,5376.101594
1469618,06001,335457.9861,10253.46213
1469619,06001,335457.9861,4283.996823
1469636,06009,802494.891,9810.46636
1469637,06009,802494.891,9629.219098
1472762,06007,1649829.639,7599.274101
1472763,06007,1649829.639,11354.89747
1472764,06007,1649829.639,18557.13325
1472765,06007,1649829.639,4208.495874
1472780,06007,1649829.639,143.7503598
1472784,06007,1649829.639,1647.124353
1472796,06001,335457.9861,3043.347435
1472797,06001,335457.9861,2827.069113
1475940,06007,1649829.639,4648.36497
1475941,06007,1649829.639,5425.740149
1475942,06007,1649829.639,4387.834375
1475982,06001,335457.9861,1196.316372
1475983,06001,335457.9861,2012.992476
1476018,06002,1449598.03,9706.386034
1476019,06002,1449598.03,697.4926454
1479118,06007,1649829.639,1327.23746
1479119,06007,1649829.639,1273.347136
1479120,06007,1649829.639,439.5410081
1479123,06007,1649829.639,1036.931411
1479160,06001,335457.9861,14573.32135
1479161,06001,335457.9861,1382.97513
1479183,06006,100099.5341,4209.522723
1479196,06002,1449598.03,441.7597709
1482296,06007,1649829.639,934.7171286
1482297,06007,1649829.639,31244.4372
1482298,06007,1649829.639,32075.05156
1482299,06007,1649829.639,27608.72493
1482300,06007,1649829.639,13924.74626
1482301,06007,1649829.639,18615.13078
1482302,06007,1649829.639,5226.917743
1482303,06007,1649829.639,502.5124786
1482304,06007,1649829.639,407.381422
1482305,06007,1649829.639,4315.390617
1482306,06007,1649829.639,24.79143874
1482307,06007,1649829.639,2046.409399
1482308,06007,1649829.639,44.95602911
1482337,06001,335457.9861,6110.146143
1482338,06001,335457.9861,15002.80352
1482356,06006,100099.5341,2388.772769
1482357,06006,100099.5341,601.3618907
1482373,06002,1449598.03,5678.482901
1482374,06002,1449598.03,1133.479378
1482384,14065,183351.8242,2446.282932
1485475,06007,1649829.639,5823.959948
1485476,06007,1649829.639,4750.386941
1485477,06007,1649829.639,16527.4064
1485478,06007,1649829.639,21114.51542
1485479,06007,1649829.639,18890.52986
1485480,06007,1649829.639,2610.590248
1485481,06007,1649829.639,22989.84583
1485482,06007,1649829.639,20934.98604
1485483,06007,1649829.639,15493.06009
1485484,06007,1649829.639,8804.617195
1485485,06007,1649829.639,13672.71908
1485486,06007,1649829.639,3042.991339
1485551,06002,1449598.03,1223.492405
1488655,06007,1649829.639,12225.36784
1488656,06007,1649829.639,3807.353527
1488657,06007,1649829.639,33617.62737
1488658,06007,1649829.639,286.5166565
1488659,06007,1649829.639,10319.06149
1488660,06007,1649829.639,6630.850537
1491833,06007,1649829.639,14126.19165
1491834,06007,1649829.639,5422.940606
1491835,06007,1649829.639,14902.53002
1491836,06007,1649829.639,1733.050903
1491878,06009,802494.891,21597.54854
1491879,06009,802494.891,5496.659349
1491904,06002,1449598.03,2365.296828
1495010,06007,1649829.639,8606.377139
1495011,06007,1649829.639,10116.62042
1495012,06007,1649829.639,22016.844
1495013,06007,1649829.639,10044.00457
1495014,06007,1649829.639,376.6998335
1495055,06009,802494.891,76.39595017
1495056,06009,802494.891,7806.575778
1495057,06009,802494.891,711.771196
1495062,06004,204330.5876,759.712046
1495082,06002,1449598.03,16177.46486
1495083,06002,1449598.03,9076.654793
1495095,14065,183351.8242,5308.830476
1495096,14065,183351.8242,15.58144931
1498183,06007,1649829.639,34.71051895
1498184,06007,1649829.639,10938.49568
1498187,06007,1649829.639,7683.974092
1498188,06007,1649829.639,6275.035605
1498189,06007,1649829.639,22412.65793
1498190,06007,1649829.639,29664.16261
1498191,06007,1649829.639,8673.257515
1498192,06007,1649829.639,2334.193075
1498240,06004,204330.5876,2217.865979
1498260,06002,1449598.03,2218.124979
1498261,06002,1449598.03,3259.875075
1501357,06007,1649829.639,477.4757097
1501362,06007,1649829.639,14400.22652
1501363,06007,1649829.639,4198.162175
1501364,06007,1649829.639,16210.92448
1501365,06007,1649829.639,23648.12256
1501366,06007,1649829.639,17508.45696
1501367,06007,1649829.639,30323.59166
1501368,06007,1649829.639,475.8747228
1501371,06007,1649829.639,1786.364924
1501372,06007,1649829.639,4552.004995
1501427,06002,1449598.03,7680.689835
1501428,06002,1449598.03,5328.953271
1501446,06002,1449598.03,4681.321806
1504535,06007,1649829.639,5582.776316
1504539,06007,1649829.639,10.60987485
1504540,06007,1649829.639,14044.42248
1504541,06007,1649829.639,19189.93374
1504542,06007,1649829.639,39616.97152
1504543,06007,1649829.639,26599.04616
1504544,06007,1649829.639,20739.86235
1504545,06007,1649829.639,671.6839223
1504548,06007,1649829.639,3485.802262
1504549,06007,1649829.639,2702.316695
1504550,06007,1649829.639,766.5420027
1504592,06004,204330.5876,752.6058815
1504600,06002,1449598.03,2081.106412
1504601,06002,1449598.03,6643.319666
1504605,06002,1449598.03,1975.468234
1504606,06002,1449598.03,5089.783842
1504624,06002,1449598.03,6983.321595
1507713,06007,1649829.639,10979.6296
1507714,06007,1649829.639,15063.44778
1507715,06007,1649829.639,11474.68781
1507716,06007,1649829.639,5185.951558
1507717,06007,1649829.639,25971.15942
1507718,06007,1649829.639,36525.78942
1507719,06007,1649829.639,40086.21596
1507720,06007,1649829.639,22220.12325
1507721,06007,1649829.639,35218.89441
1507722,06007,1649829.639,1724.191845
1507726,06007,1649829.639,7947.085189
1507727,06007,1649829.639,27274.63301
1507770,06004,204330.5876,11670.09668
1507771,06004,204330.5876,94.9392296
1507779,06002,1449598.03,12.7021809
1510888,06007,1649829.639,33.65275761
1510889,06007,1649829.639,14362.05669
1510890,06007,1649829.639,9011.190413
1510891,06007,1649829.639,9289.475514
1510892,06007,1649829.639,18248.89991
1510893,06007,1649829.639,2626.870387
1510894,06007,1649829.639,3899.809589
1510895,06007,1649829.639,14944.7734
1510896,06007,1649829.639,36654.32374
1510897,06007,1649829.639,39124.60752
1510898,06007,1649829.639,35976.25601
1510899,06007,1649829.639,12579.00594
1510905,06007,1649829.639,1994.782012
1510957,06002,1449598.03,3384.766123
1510958,06002,1449598.03,1063.980204
1514064,06007,1649829.639,418.4655475
1514065,06007,1649829.639,6973.877903
1514072,06007,1649829.639,752.0896417
1514073,06007,1649829.639,3552.795051
1514074,06007,1649829.639,27870.75604
1514075,06007,1649829.639,24630.47681
1514076,06007,1649829.639,1611.037588
1514077,06007,1649829.639,9079.325132
1514140,06002,1449598.03,3950.730627
1517243,06007,1649829.639,11837.50751
1517252,06007,1649829.639,426.7448163
1517253,06007,1649829.639,13747.75336
1517254,06007,1649829.639,11274.54199
1517320,06002,1449598.03,10685.69048
1517338,06002,1449598.03,1588.43416
1517339,06002,1449598.03,5318.097299
1517341,14065,183351.8242,73.0006058
1520429,06007,1649829.639,1501.572363
1520431,06007,1649829.639,45.25103776
1520432,06007,1649829.639,12593.04863
1520439,06007,1649829.639,4652.569414
1520473,06004,204330.5876,919.4815042
1520474,06004,204330.5876,15210.65448
1520475,06004,204330.5876,2363.991628
1520498,06002,1449598.03,3347.255321
1520519,14065,183351.8242,38.91803928
1520520,14065,183351.8242,2937.41445
1523608,06007,1649829.639,7701.993852
1523617,06007,1649829.639,130.6924839
1523651,06004,204330.5876,4289.958684
1523652,06004,204330.5876,23716.59654
1523653,06004,204330.5876,8371.193771
1523659,06004,204330.5876,9777.569785
1523674,06002,1449598.03,470.6952065
1523682,06002,1449598.03,656.1965781
1523683,06002,1449598.03,1227.463192
1523689,06002,1449598.03,429.82196
1523698,14065,183351.8242,1357.949529
1523699,14065,183351.8242,194.1880877
1526804,06007,1649829.639,3752.194018
1526805,06007,1649829.639,5418.702845
1526809,06007,1649829.639,1296.082138
1526810,06007,1649829.639,2144.700069
1526831,06004,204330.5876,246.7268928
1526849,06002,1449598.03,2699.706608
1526852,06002,1449598.03,3641.749514
1526867,06002,1449598.03,2748.703663
1526869,06002,1449598.03,4426.667767
1526870,06002,1449598.03,569.1324096
1529946,06007,1649829.639,1887.823128
1529947,06007,1649829.639,2159.230146
1529982,06007,1649829.639,2229.830669
1529988,06007,1649829.639,2030.577326
1530012,06004,204330.5876,2690.175761
1530020,06004,204330.5876,2607.117667
1530021,06004,204330.5876,10621.10124
1530027,06002,1449598.03,3351.250154
1530047,06002,1449598.03,57.82875695
1530048,06002,1449598.03,94.03322069
1533116,14022,420022.2843,7.836614894
1533117,14022,420022.2843,3682.696891
1533143,06007,1649829.639,3876.356093
1533144,06007,1649829.639,1613.547444
1533198,06004,204330.5876,3571.638976
1533199,06004,204330.5876,19839.59535
1533200,06004,204330.5876,122.4362346
1533208,06002,1449598.03,4396.372387
1533209,06002,1449598.03,411.3148253
1533221,06002,1449598.03,4017.700123
1533222,06002,1449598.03,89.03775144
1533228,06002,1449598.03,18.07491792
1533229,06002,1449598.03,1663.092276
1536298,06007,1649829.639,6311.311638
1536299,06007,1649829.639,3058.854885
1536321,06007,1649829.639,5524.714196
1536322,06007,1649829.639,4231.793299
1536364,06004,204330.5876,287.907721
1536376,06004,204330.5876,2446.155393
1536377,06004,204330.5876,30177.42186
1536378,06004,204330.5876,1527.449813
1536384,06002,1449598.03,199.4664542
1536385,06002,1449598.03,2536.278032
1536386,06002,1449598.03,9601.8979
1536387,06002,1449598.03,2561.319163
1536388,06002,1449598.03,1182.47125
1539476,06007,1649829.639,3567.824796
1539500,06007,1649829.639,469.8474904
1539510,06007,1649829.639,4100.867306
1539511,06007,1649829.639,2815.482141
1539542,06004,204330.5876,8680.005061
1539555,06004,204330.5876,7353.721257
1539556,06004,204330.5876,5911.613516
1539559,06002,1449598.03,635.5621227
1539562,06002,1449598.03,3407.171272
1539563,06002,1449598.03,17316.43197
1539564,06002,1449598.03,15404.31462
1539565,06002,1449598.03,14025.38433
1539566,06002,1449598.03,26361.70708
1539567,06002,1449598.03,24735.03177
1539568,06002,1449598.03,1041.222422
1539571,06002,1449598.03,3944.811217
1542688,06007,1649829.639,19208.54976
1542689,06007,1649829.639,5048.404333
1542736,06002,1449598.03,1646.097622
1542737,06002,1449598.03,13920.11534
1542738,06002,1449598.03,3532.95468
1542739,06002,1449598.03,6908.614939
1542740,06002,1449598.03,36175.29119
1542741,06002,1449598.03,31308.04333
1542742,06002,1449598.03,27291.98646
1542743,06002,1449598.03,43867.96787
1542744,06002,1449598.03,41820.23148
1542745,06002,1449598.03,51311.28291
1542746,06002,1449598.03,29664.80787
1542747,06002,1449598.03,7672.557927
1542749,06002,1449598.03,3336.398307
1545830,14022,420022.2843,39.48039333
1545831,14022,420022.2843,334.5036427
1545835,06007,1649829.639,4905.25054
1545836,06007,1649829.639,6309.042508
1545849,06007,1649829.639,206.671327
1545850,06007,1649829.639,4683.681051
1545871,06007,1649829.639,4876.45699
1545895,06004,204330.5876,4154.870873
1545896,06004,204330.5876,341.0404955
1545907,06004,204330.5876,7537.836639
1545909,06004,204330.5876,2662.150161
1545914,06002,1449598.03,2796.969301
1545914,06004,204330.5876,7342.988464
1545915,06002,1449598.03,8882.288662
1545915,06010,931195.9708,12459.50987
1545916,06002,1449598.03,19183.58259
1545916,06010,931195.9708,4296.792654
1545917,06002,1449598.03,28189.61838
1545917,06010,931195.9708,585.1630321
1545918,06002,1449598.03,35271.66143
1545919,06002,1449598.03,20374.23104
1545920,06002,1449598.03,21557.01458
1545921,06002,1449598.03,27545.95312
1545922,06002,1449598.03,47919.15754
1545923,06002,1449598.03,52233.61701
1545924,06002,1449598.03,38191.42371
1545925,06002,1449598.03,6919.113139
1549008,14022,420022.2843,4211.380287
1549009,14022,420022.2843,24942.31272
1549010,14022,420022.2843,19110.22309
1549011,14022,420022.2843,6824.211554
1549013,06007,1649829.639,611.4834044
1549014,06007,1649829.639,449.3835902
1549016,06007,1649829.639,292.6473716
1549017,06007,1649829.639,5940.428711
1549027,06007,1649829.639,101.3635506
1549028,06007,1649829.639,801.5263999
1549049,06007,1649829.639,6122.291132
1549050,06007,1649829.639,1029.3537
1549071,06004,204330.5876,138.5797755
1549087,06004,204330.5876,1235.645291
1549093,06010,931195.9708,11416.48619
1549094,06002,1449598.03,15.35006959
1549094,06010,931195.9708,41218.9186
1549095,06002,1449598.03,3082.773396
1549095,06010,931195.9708,39486.12981
1549096,06002,1449598.03,15769.3382
1549096,06010,931195.9708,18830.82395
1549097,06002,1449598.03,24219.6952
1549098,06002,1449598.03,22948.91487
1549099,06002,1449598.03,33625.48134
1549100,06002,1449598.03,20957.13349
1549101,06002,1449598.03,35505.58146
1549102,06002,1449598.03,30460.10937
1549103,06002,1449598.03,7885.496943
1549105,06005,386704.079,3304.54474
1549109,06005,386704.079,5788.203866
1549110,06005,386704.079,12428.00157
1549118,06005,386704.079,1585.622422
1552186,14022,420022.2843,1758.430456
1552187,14022,420022.2843,34225.77199
1552188,14022,420022.2843,21111.0385
1552189,14022,420022.2843,20757.86668
1552195,06007,1649829.639,722.5695064
1552197,14022,420022.2843,4494.202947
1552198,14022,420022.2843,1635.780672
1552231,06007,1649829.639,5169.489191
1552232,06007,1649829.639,231.3977498
1552248,06004,204330.5876,1593.597515
1552249,06004,204330.5876,3096.145464
1552271,06010,931195.9708,3535.163041
1552272,06010,931195.9708,26297.37961
1552273,06010,931195.9708,40038.67108
1552274,06002,1449598.03,902.3527913
1552274,06010,931195.9708,36631.89826
1552275,06002,1449598.03,18881.97111
1552275,06010,931195.9708,12592.47678
1552276,06002,1449598.03,30525.72241
1552276,06010,931195.9708,4361.081648
1552277,06002,1449598.03,33085.95196
1552278,06002,1449598.03,23166.09912
1552279,06002,1449598.03,20628.89164
1552280,06002,1449598.03,12928.29496
1552281,06002,1449598.03,8490.816862
1552288,06005,386704.079,2473.027269
1552296,06005,386704.079,11537.27492
1552297,06005,386704.079,3577.274884
1555365,14022,420022.2843,2200.739953
1555367,14022,420022.2843,267.0931495
1555371,14022,420022.2843,3010.302024
1555376,14022,420022.2843,340.6188391
1555389,06007,1649829.639,945.9034943
1555390,06007,1649829.639,2961.250895
1555401,06007,1649829.639,1116.754905
1555402,06007,1649829.639,6185.542488
1555403,06007,1649829.639,2866.747713
1555409,06007,1649829.639,4852.426638
1555410,06007,1649829.639,115.9107427
1555448,06010,931195.9708,7659.160973
1555449,06010,931195.9708,44799.49922
1555450,06010,931195.9708,30804.93467
1555451,06010,931195.9708,38848.78598
1555452,06010,931195.9708,29473.87608
1555453,06002,1449598.03,167.2735622
1555453,06010,931195.9708,30646.28478
1555454,06002,1449598.03,2767.525822
1555454,06010,931195.9708,9719.828434
1555455,06002,1449598.03,40842.07472
1555456,06002,1449598.03,24881.76454
1555457,06002,1449598.03,10900.20341
1555458,06002,1449598.03,1507.746973
1555459,06002,1449598.03,3580.942777
1555459,06005,386704.079,168.3685207
1555460,06005,386704.079,2431.711478
1558567,06007,1649829.639,438.6044484
1558568,06007,1649829.639,1079.574938
1558572,06007,1649829.639,282.8062282
1558573,06007,1649829.639,716.4044529
1558626,06010,931195.9708,25094.4868
1558627,06010,931195.9708,11147.96193
1558628,06010,931195.9708,12727.8136
1558629,06010,931195.9708,20463.85941
1558630,06010,931195.9708,38968.70721
1558631,06010,931195.9708,34000.17486
1558632,06010,931195.9708,8909.983094
1558633,06002,1449598.03,29064.95117
1558633,06010,931195.9708,714.2929495
1558634,06002,1449598.03,23955.08341
1558635,06002,1449598.03,778.3026146
1558637,06005,386704.079,1141.413464
1558638,06005,386704.079,16376.16059
1558639,06005,386704.079,5552.734005
1558640,06005,386704.079,8276.591208
1561750,06007,1649829.639,1817.407814
1561751,06007,1649829.639,5243.358203
1561756,06007,1649829.639,2311.129136
1561769,06008,121545.1459,718.9158967
1561770,06008,121545.1459,4050.362332
1561803,06010,931195.9708,313.4392433
1561804,06010,931195.9708,7756.160393
1561805,06010,931195.9708,3763.030139
1561806,06010,931195.9708,11066.82417
1561807,06010,931195.9708,6337.731682
1561808,06010,931195.9708,32364.08739
1561809,06010,931195.9708,34822.41085
1561810,06010,931195.9708,31239.8774
1561811,06002,1449598.03,13172.42727
1561811,06010,931195.9708,1882.400123
1561812,06002,1449598.03,17988.22259
1561814,06002,1449598.03,2801.735392
1561815,06002,1449598.03,937.5726774
1561816,06005,386704.079,2367.065133
1561817,06005,386704.079,9387.508395
1561818,06005,386704.079,61.22288925
1564933,06007,1649829.639,2574.244893
1564934,06007,1649829.639,10232.89313
1564970,06010,931195.9708,171.9100187
1564971,06010,931195.9708,3097.232393
1564982,06010,931195.9708,3472.880274
1564984,06010,931195.9708,2823.415047
1564985,06010,931195.9708,10526.34466
1564986,06010,931195.9708,37642.00883
1564987,06010,931195.9708,35905.16879
1564988,06010,931195.9708,9357.884203
1564990,06002,1449598.03,12615.13155
1564994,06005,386704.079,816.3693119
1564995,06005,386704.079,1778.360565
1568111,06007,1649829.639,2940.214429
1568121,06008,121545.1459,3608.789133
1568163,06003,225489.4163,708.861692
1568164,06010,931195.9708,25019.23601
1568165,06010,931195.9708,16112.25455
1568168,06002,1449598.03,203.5753661
1568175,06005,386704.079,2151.638
1571298,06008,121545.1459,8.676412019
1571298,14027,279646.0661,17.7912529
1571299,06008,121545.1459,8637.439901
1571333,06010,931195.9708,7622.57327
1571339,06003,225489.4163,121.5272987
1571340,06003,225489.4163,5694.440978
1571341,06003,225489.4163,3196.87094
1571342,06010,931195.9708,279.0273953
1571349,06002,1449598.03,898.736555
1571350,06002,1449598.03,3168.622704
1571351,06002,1449598.03,14.23695059
1571353,06005,386704.079,144.729176
1574461,14027,279646.0661,5937.707407
1574462,14027,279646.0661,277.9758881
1574471,14027,279646.0661,132.0646191
1574476,14027,279646.0661,5069.007398
1574477,14027,279646.0661,266.4435768
1574499,06010,931195.9708,58.74999599
1574500,06010,931195.9708,9390.460446
1574501,06010,931195.9708,4567.457617
1574502,06010,931195.9708,1710.148101
1574517,06003,225489.4163,3716.148496
1574518,06003,225489.4163,18715.24516
1574519,06003,225489.4163,7652.662978
1574520,06003,225489.4163,3017.628317
1574521,06003,225489.4163,54.47398136
1574521,06010,931195.9708,5204.617374
1574525,06010,931195.9708,3698.627485
1574526,06010,931195.9708,85.83124936
1574527,06002,1449598.03,4139.95722
1574528,06002,1449598.03,8543.422087
1574534,06005,386704.079,6860.929471
1574535,06005,386704.079,20346.73328
1574536,06005,386704.079,2036.224596
1577639,14027,279646.0661,341.2664556
1577641,14027,279646.0661,2911.096617
1577642,14027,279646.0661,1303.460459
1577649,14027,279646.0661,3772.425947
1577654,14027,279646.0661,271.674517
1577658,06008,121545.1459,421.3226834
1577659,06008,121545.1459,679.7838213
1577678,06010,931195.9708,147.388456
1577695,06003,225489.4163,1622.981564
1577696,06003,225489.4163,30142.05211
1577697,06003,225489.4163,14249.80191
1577698,06003,225489.4163,4822.562666
1577699,06003,225489.4163,636.6719986
1577702,06010,931195.9708,505.0227642
1577703,06010,931195.9708,12368.68356
1577704,06010,931195.9708,3648.689239
1577705,06010,931195.9708,2320.406243
1577707,06005,386704.079,369.4252832
1577708,06005,386704.079,5526.062464
1577712,06005,386704.079,28848.45916
1577713,06005,386704.079,40003.08146
1577714,06005,386704.079,13924.37644
1577715,06005,386704.079,520.2151801
1577717,06005,386704.079,165.7597586
1577718,06005,386704.079,1882.445263
1580819,14027,279646.0661,8212.929246
1580820,14027,279646.0661,6333.259097
1580873,06003,225489.4163,3359.183831
1580874,06003,225489.4163,6508.090624
1580875,06003,225489.4163,5344.915139
1580876,06003,225489.4163,521.1247042
1580882,06005,386704.079,288.2778687
1580883,06005,386704.079,519.3031095
1580885,06005,386704.079,10937.53314
1580886,06005,386704.079,5347.713821
1580890,06005,386704.079,5311.926211
1580891,06005,386704.079,14394.07229
1580892,06005,386704.079,7692.615963
1580893,06005,386704.079,1631.26166
1580896,06005,386704.079,5475.288483
1583997,14027,279646.0661,10945.21102
1584015,06008,121545.1459,382.1785046
1584016,06008,121545.1459,13.42574607
1584060,06005,386704.079,2210.139309
1584063,06005,386704.079,4388.027536
1584068,06005,386704.079,999.1034547
1584069,06005,386704.079,53.29013692
1584074,06005,386704.079,8332.111641
1587140,14027,279646.0661,3339.723725
1587175,14027,279646.0661,805.0919348
1587193,06008,121545.1459,564.1654568
1587194,06008,121545.1459,1085.378413
1587249,06005,386704.079,1027.539683
1587250,06005,386704.079,1791.274652
1587252,06005,386704.079,4290.491051
1587253,06005,386704.079,79.67673044
1590318,14027,279646.0661,202.4611765
1590326,14027,279646.0661,23.29234118
1590373,06008,121545.1459,11337.31813
1590374,06008,121545.1459,7556.516015
1590401,06003,225489.4163,5761.377254
1590402,06003,225489.4163,8518.075069
1590412,06003,225489.4163,693.0023589
1590414,06003,225489.4163,1816.708346
1590416,06010,931195.9708,1763.924891
1590417,06010,931195.9708,3.801423612
1590427,06005,386704.079,8279.912438
1590428,06005,386704.079,12322.5095
1593503,14027,279646.0661,597.0199974
1593504,14027,279646.0661,3954.351764
1593580,06003,225489.4163,705.8796671
1593582,06003,225489.4163,7933.946
1593583,06003,225489.4163,180.2812813
1593590,06003,225489.4163,2050.446366
1593591,06003,225489.4163,16234.77611
1593592,06003,225489.4163,11072.89753
1593594,06010,931195.9708,549.4765937
1593595,06010,931195.9708,103.7100906
1593606,06005,386704.079,857.6189586
1596734,06008,121545.1459,5249.515044
1596769,06003,225489.4163,2358.182936
1596770,06003,225489.4163,820.783022
1596783,06005,386704.079,14413.22693
1596784,06005,386704.079,28049.97797
1596785,06005,386704.079,4900.68169
1599862,14027,279646.0661,1451.554585
1599863,14027,279646.0661,6434.291691
1599889,14027,279646.0661,1191.281211
1599890,14027,279646.0661,4306.984177
1599891,14027,279646.0661,356.7940522
1599896,14027,279646.0661,339.1377574
1599911,06008,121545.1459,4110.478635
1599912,06008,121545.1459,36328.19439
1599913,06008,121545.1459,853.1014704
1599947,06003,225489.4163,3947.717955
1599948,06003,225489.4163,4432.765528
1599949,06003,225489.4163,68.13429019
1599961,06005,386704.079,13726.80248
1599962,06005,386704.079,9064.054769
1599963,06005,386704.079,246.3684794
1599966,14103,89747.77085,2271.088579
1599967,14103,89747.77085,6546.33161
1603040,14027,279646.0661,4287.999714
1603041,14027,279646.0661,26874.84457
1603042,14027,279646.0661,659.204814
1603074,14027,279646.0661,1775.406762
1603090,06008,121545.1459,4688.309406
1603091,06008,121545.1459,115.0099878
1603121,06003,225489.4163,3793.133288
1603125,06003,225489.4163,101.495718
1603126,06003,225489.4163,87.40886757
1603127,06003,225489.4163,2230.593687
1603130,06010,931195.9708,4161.929368
1603135,06005,386704.079,5927.571051
1603142,14103,89747.77085,5323.537593
1603143,14103,89747.77085,1630.656339
1603149,14103,89747.77085,1527.330592
1606219,14027,279646.0661,1896.996386
1606298,06003,225489.4163,21.23423526
1606299,06003,225489.4163,1231.800328
1606304,06003,225489.4163,6294.072507
1606305,06003,225489.4163,10224.77625
1606309,06010,931195.9708,2981.303001
1606310,06010,931195.9708,619.7019309
1606311,06005,386704.079,2314.173431
1606320,14103,89747.77085,16024.66002
1606321,14103,89747.77085,18295.23098
1606322,14103,89747.77085,385.0042359
1606327,14103,89747.77085,197.615755
1609416,14027,279646.0661,542.9334705
1609417,14027,279646.0661,166.4010303
1609472,06003,225489.4163,1634.633865
1609473,06003,225489.4163,3760.446798
1609477,06003,225489.4163,7955.938989
1609478,06003,225489.4163,1379.015608
1609483,06003,225489.4163,1486.256524
1609498,14103,89747.77085,905.9903286
1612594,14027,279646.0661,697.9545597
1612595,14027,279646.0661,27.64402779
1612610,14027,279646.0661,1934.355906
1612618,14027,279646.0661,2412.222542
1612619,14027,279646.0661,1532.237161
1612627,06008,121545.1459,5385.469559
1615763,14027,279646.0661,5207.077834
1615788,14027,279646.0661,3157.784957
1615791,14027,279646.0661,865.5684675
1615829,14122,90396.58875,751.7069787
1615830,14122,90396.58875,2600.516561
1615858,14103,89747.77085,1240.68947
1615859,14103,89747.77085,7131.800029
1615860,14103,89747.77085,1783.20163
1618941,14027,279646.0661,97.00794319
1618968,14027,279646.0661,2406.170094
1618981,06008,121545.1459,5431.109657
1618986,06008,121545.1459,2231.972154
1618987,06008,121545.1459,718.812818
1618990,06008,121545.1459,1221.948515
1618991,06008,121545.1459,6617.10903
1619007,14122,90396.58875,1018.563855
1619008,14122,90396.58875,3674.602709
1619036,14103,89747.77085,566.6495076
1619037,14103,89747.77085,21462.47113
1619038,14103,89747.77085,1459.998678
1622110,14027,279646.0661,235.7170557
1622125,14027,279646.0661,8909.870062
1622126,14027,279646.0661,10049.39894
1622127,14027,279646.0661,509.0965071
1622141,14027,279646.0661,1243.944991
1622146,14027,279646.0661,420.7737432
1622153,14027,279646.0661,2063.398723
1622165,06008,121545.1459,115.3669554
1622169,06008,121545.1459,215.9823525
1622181,14122,90396.58875,656.0813663
1622182,14122,90396.58875,3618.839137
1622187,14122,90396.58875,2193.378344
1622193,06003,225489.4163,3969.708661
1625288,14027,279646.0661,9253.830633
1625303,14027,279646.0661,5070.116971
1625304,14027,279646.0661,8042.756083
1625308,14027,279646.0661,902.2790434
1625318,14027,279646.0661,720.3868969
1625319,14027,279646.0661,285.0011704
1625320,14027,279646.0661,393.5152198
1625321,14027,279646.0661,4429.367472
1625331,14027,279646.0661,2894.092094
1625365,14122,90396.58875,9092.573605
1625366,14122,90396.58875,10203.94654
1628486,14027,279646.0661,1016.658386
1628496,14027,279646.0661,93.80426965
1628499,14027,279646.0661,2153.231348
1628500,14027,279646.0661,8556.064171
1628506,14027,279646.0661,4118.370819
1628507,14027,279646.0661,435.4442788
1628515,06008,121545.1459,354.0761305
1628539,14122,90396.58875,495.681194
1628547,14122,90396.58875,1584.080304
1628552,06003,225489.4163,4633.798274
1628553,06003,225489.4163,4.884596622
1628568,14103,89747.77085,277.9018957
1631678,14027,279646.0661,3440.106813
1631679,14027,279646.0661,3191.159578
1631680,14027,279646.0661,225.0796331
1631684,14027,279646.0661,9711.560921
1631685,14027,279646.0661,2861.834187
1631692,06008,121545.1459,7316.554457
1631693,06008,121545.1459,1527.862891
1631717,14122,90396.58875,4880.367766
1631746,14103,89747.77085,2717.612468
1634811,14043,431871.3651,6769.764414
1634813,14043,431871.3651,6846.777092
1634814,14043,431871.3651,1480.778748
1634834,14027,279646.0661,3021.199588
1634856,14027,279646.0661,2300.048498
1634857,14027,279646.0661,115.4983266
1634858,14027,279646.0661,3137.540869
1634859,14027,279646.0661,172.3400702
1634874,14099,121634.5681,1847.547444
1634896,14122,90396.58875,2792.943774
1637988,14043,431871.3651,2854.720528
1637994,14043,431871.3651,7829.35507
1637995,14043,431871.3651,2105.716771
1637999,14021,301193.3395,178.5294451
1638008,14027,279646.0661,9547.805258
1638012,14027,279646.0661,2795.984109
1638020,14027,279646.0661,4391.090082
1638021,14027,279646.0661,2601.280838
1638034,14027,279646.0661,3494.641121
1638035,14027,279646.0661,3079.474588
1638045,14027,279646.0661,5212.593167
1638052,14099,121634.5681,1390.103326
1638077,14122,90396.58875,1343.542777
1638078,14122,90396.58875,1671.183779
1641172,14043,431871.3651,7417.108718
1641173,14043,431871.3651,3991.332938
1641176,14021,301193.3395,1336.64894
1641177,14021,301193.3395,11523.3264
1641186,14027,279646.0661,3920.413639
1641198,14027,279646.0661,5763.663602
1641199,14027,279646.0661,2316.16807
1641200,14027,279646.0661,1309.333147
1641209,14027,279646.0661,123.3179074
1641210,14027,279646.0661,1649.274289
1641246,14122,90396.58875,4199.872161
1641247,14122,90396.58875,185.5713126
1641249,14122,90396.58875,1005.85647
1641257,14122,90396.58875,1120.639766
1644350,14043,431871.3651,3206.77064
1644351,14043,431871.3651,1460.698195
1644424,14122,90396.58875,1074.8803
1644425,14122,90396.58875,485.232673
1647558,14027,279646.0661,4119.393701
1647602,14122,90396.58875,413.89394