GRIDCODE,CVENTMUN,Fur,Frur,Fpob,Suma de Pob_Urb_Cel,Suma de POB  RURAL en CELL,Promedio de POB_TOTxMUN rur,
6283204,02002,,5.06534E-05,5.06534E-05,,5,98710,
6283237,02002,,9.11762E-05,9.11762E-05,,9,98710,
6283238,02002,,0.000111438,0.000111438,,11,98710,
6283251,02002,0.000576472,0.00015196,0.000531743,483.1504348,15,98710,838116
6283252,02002,0.000938859,0.000131699,0.000853811,786.8726311,13,98710,838116
6283253,02002,0.000206168,,0.000206168,172.792322,,,838116
6283257,02002,,0.001864046,0.001864046,,184,98710,
6283259,02002,,0.000202614,0.000202614,,20,98710,
6283260,02002,,2.02614E-05,2.02614E-05,,2,98710,
6283265,26055,,0.000371609,0.000371609,,4,10764,
6283269,26055,,0.026198439,0.026198439,,282,10764,
6283270,26055,,0.005667038,0.005667038,,61,10764,
6283271,26055,,0.002415459,0.002415459,,26,10764,
6283272,26055,,0.000371609,0.000371609,,4,10764,
6283273,26055,,0.010312152,0.010312152,,111,10764,
6283274,26055,,0.001672241,0.001672241,,18,10764,
6283275,26055,,0.000371609,0.000371609,,4,10764,
6283278,26055,,9.29023E-05,9.29023E-05,,1,10764,
6283281,26055,,0.000464511,0.000464511,,5,10764,
6286415,02002,,6.07841E-05,6.07841E-05,,6,98710,
6286416,02002,,9.11762E-05,9.11762E-05,,9,98710,
6286417,02002,,6.07841E-05,6.07841E-05,,6,98710,
6286419,02002,,3.03921E-05,3.03921E-05,,3,98710,
6286425,02002,,0.000303921,0.000303921,,30,98710,
6286426,02002,,4.05227E-05,4.05227E-05,,4,98710,
6286427,02002,,0.000506534,0.000506534,,50,98710,
6286429,02002,0.001544658,,0.001544658,1294.602457,,,838116
6286430,02002,0.001929982,,0.001929982,1617.548698,,,838116
6286431,02002,1.45568E-05,1.01307E-05,1.40904E-05,12.20029807,1,98710,838116
6286432,02002,,1.01307E-05,1.01307E-05,,1,98710,
6286435,02002,,0.000131699,0.000131699,,13,98710,
6286436,02002,,1.01307E-05,1.01307E-05,,1,98710,
6286437,02002,,4.05227E-05,4.05227E-05,,4,98710,
6286439,02002,,0.007598014,0.007598014,,750,98710,
6286440,02002,,0.000374835,0.000374835,,37,98710,
6286441,02002,,4.05227E-05,4.05227E-05,,4,98710,
6286445,26055,,0.000278707,0.000278707,,3,10764,
6286449,26055,,0.001021925,0.001021925,,11,10764,
6286451,26055,,0.000464511,0.000464511,,5,10764,
6286452,26055,,0.07172055,0.07172055,,772,10764,
6289593,02002,,5.06534E-05,5.06534E-05,,5,98710,
6289594,02002,,0.000121568,0.000121568,,12,98710,
6289602,02002,,0.00058758,0.00058758,,58,98710,
6289604,02002,,0.000162091,0.000162091,,16,98710,
6289605,02002,,8.10455E-05,8.10455E-05,,8,98710,
6289606,02002,,0.000111438,0.000111438,,11,98710,
6289607,02002,0.001189449,6.07841E-05,0.001070525,996.8961185,6,98710,838116
6289608,02002,0.000854066,0.000749671,0.000843066,715.8064342,74,98710,838116
6289609,02002,2.16325E-05,0.0093101,0.001000325,18.13057362,919,98710,838116
6289610,02002,,1.01307E-05,1.01307E-05,,1,98710,
6289612,02002,,0.002552933,0.002552933,,252,98710,
6289613,02002,,0.000395097,0.000395097,,39,98710,
6289614,02002,,0.011559113,0.011559113,,1141,98710,
6289618,02002,,0.000182352,0.000182352,,18,98710,
6289622,26055,,0.000557414,0.000557414,,6,10764,
6289623,26055,,0.000464511,0.000464511,,5,10764,
6289624,26055,,0.001114827,0.001114827,,12,10764,
6289625,26055,,0.001207729,0.001207729,,13,10764,
6289626,26055,,0.003623188,0.003623188,,39,10764,
6289629,26055,,0.001300632,0.001300632,,14,10764,
6289630,26055,,0.001207729,0.001207729,,13,10764,
6289631,26055,,0.000743218,0.000743218,,8,10764,
6289632,26055,,0.001021925,0.001021925,,11,10764,
6292771,02002,,0.000273529,0.000273529,,27,98710,
6292779,02002,,7.09148E-05,7.09148E-05,,7,98710,
6292783,02002,,0.000101307,0.000101307,,10,98710,
6292785,02002,,9.11762E-05,9.11762E-05,,9,98710,
6292791,02002,,0.000425489,0.000425489,,42,98710,
6292792,02002,,0.000131699,0.000131699,,13,98710,
6292796,02002,,0.000405227,0.000405227,,40,98710,
6292797,02002,,4.05227E-05,4.05227E-05,,4,98710,
6292804,26055,,0.002601263,0.002601263,,28,10764,
6292806,26055,,0.037997027,0.037997027,,409,10764,
6292807,26055,,0.001300632,0.001300632,,14,10764,
6292808,26055,,9.29023E-05,9.29023E-05,,1,10764,
6292809,26055,,0.00204385,0.00204385,,22,10764,
6295949,02002,,0.000486273,0.000486273,,48,98710,
6295953,02002,,0.00295816,0.00295816,,292,98710,
6295956,02002,,0.016138183,0.016138183,,1593,98710,
6295962,02002,,0.000506534,0.000506534,,50,98710,
6295966,02002,,5.06534E-05,5.06534E-05,,5,98710,
6295969,02002,,0.000334313,0.000334313,,33,98710,
6295972,02002,,0.000324182,0.000324182,,32,98710,
6295977,26055,,0.000371609,0.000371609,,4,10764,
6295978,26055,,0.000371609,0.000371609,,4,10764,
6295981,26055,,0.000185805,0.000185805,,2,10764,
6295984,26055,,0.000371609,0.000371609,,4,10764,
6295987,26055,,0.000743218,0.000743218,,8,10764,
6295988,26055,,0.001300632,0.001300632,,14,10764,
6295990,26055,,0.030100334,0.030100334,,324,10764,
6299126,02002,,0.00177287,0.00177287,,175,98710,
6299127,02002,,0.000526796,0.000526796,,52,98710,
6299130,02002,,7.09148E-05,7.09148E-05,,7,98710,
6299134,02002,,3.03921E-05,3.03921E-05,,3,98710,
6299138,02002,,0.000162091,0.000162091,,16,98710,
6299140,02002,,0.00059771,0.00059771,,59,98710,
6299142,02002,,4.05227E-05,4.05227E-05,,4,98710,
6299147,02002,1.11194E-05,3.03921E-05,1.31501E-05,9.31932998,3,98710,838116
6299148,02002,8.22095E-05,,8.22095E-05,68.90107633,,,838116
6299149,02002,4.51448E-06,0.000547057,6.16802E-05,3.783659407,54,98710,838116
6299151,02002,,8.10455E-05,8.10455E-05,,8,98710,
6299153,02002,,0.000638233,0.000638233,,63,98710,
6299156,26055,,0.00083612,0.00083612,,9,10764,
6299157,26055,,0.001672241,0.001672241,,18,10764,
6299158,26055,,0.000185805,0.000185805,,2,10764,
6299160,26055,,0.000371609,0.000371609,,4,10764,
6299162,26055,,0.000278707,0.000278707,,3,10764,
6299165,26055,,0.000464511,0.000464511,,5,10764,
6302305,02002,,0.000607841,0.000607841,,60,98710,
6302306,02002,,0.000131699,0.000131699,,13,98710,
6302308,02002,,3.03921E-05,3.03921E-05,,3,98710,
6302309,02002,,0.000111438,0.000111438,,11,98710,
6302313,02002,,1.01307E-05,1.01307E-05,,1,98710,
6302318,02002,,0.000192483,0.000192483,,19,98710,
6302320,02002,,0.00014183,0.00014183,,14,98710,
6302322,02002,,1.01307E-05,1.01307E-05,,1,98710,
6302324,02002,1.86505E-05,3.03921E-05,1.98876E-05,15.6312487,3,98710,838116
6302325,02002,0.000371672,,0.000371672,311.5041942,,,838116
6302326,02002,0.002203777,,0.002203777,1847.020484,,,838116
6302327,02002,0.00311933,,0.00311933,2614.360798,,,838116
6302328,02002,,1.01307E-05,1.01307E-05,,1,98710,
6302332,02002,,0.000334313,0.000334313,,33,98710,
6302334,26055,,0.000557414,0.000557414,,6,10764,
6302335,26055,,0.000185805,0.000185805,,2,10764,
6302337,26055,,0.000371609,0.000371609,,4,10764,
6302339,26055,,0.001672241,0.001672241,,18,10764,
6302340,26055,,9.29023E-05,9.29023E-05,,1,10764,
6305482,02002,,9.11762E-05,9.11762E-05,,9,98710,
6305483,02002,,0.000233006,0.000233006,,23,98710,
6305485,02002,,0.000121568,0.000121568,,12,98710,
6305491,02002,,4.05227E-05,4.05227E-05,,4,98710,
6305496,02002,,0.000111438,0.000111438,,11,98710,
6305497,02002,,9.11762E-05,9.11762E-05,,9,98710,
6305498,02002,,6.07841E-05,6.07841E-05,,6,98710,
6305500,02002,,0.000131699,0.000131699,,13,98710,
6305501,02002,,6.07841E-05,6.07841E-05,,6,98710,
6305502,02002,0.000100127,3.03921E-05,9.27795E-05,83.91825854,3,98710,838116
6305503,02002,0.001965379,0.000131699,0.001772171,1647.21548,13,98710,838116
6305504,02002,0.004097988,,0.004097988,3434.589188,,,838116
6305505,02002,0.003864497,,0.003864497,3238.896434,,,838116
6305506,02002,1.45003E-05,1.01307E-05,1.40399E-05,12.15297259,1,98710,838116
6305510,02002,,4.05227E-05,4.05227E-05,,4,98710,
6305511,02002,,0.000212744,0.000212744,,21,98710,
6305512,02002,,0.000496404,0.000496404,,49,98710,
6305513,02002,,0.000263398,0.000263398,,26,98710,
6305513,26055,,0.002415459,0.002415459,,26,10764,
6305514,26055,,0.009661836,0.009661836,,104,10764,
6305515,26055,,0.000557414,0.000557414,,6,10764,
6305517,26055,,0.001579339,0.001579339,,17,10764,
6305518,26055,,0.002601263,0.002601263,,28,10764,
6305522,26055,,0.003530286,0.003530286,,38,10764,
6308670,02002,,0.015266944,0.015266944,,1507,98710,
6308674,02002,,9.11762E-05,9.11762E-05,,9,98710,
6308675,02002,,0.000263398,0.000263398,,26,98710,
6308676,02002,,6.07841E-05,6.07841E-05,,6,98710,
6308677,02002,,0.000111438,0.000111438,,11,98710,
6308679,02002,,5.06534E-05,5.06534E-05,,5,98710,
6308681,02002,0.000293673,,0.000293673,246.1319666,,,838116
6308682,02002,0.003441669,,0.003441669,2884.517717,,,838116
6308683,02002,0.000766916,,0.000766916,642.7644515,,,838116
6308684,02002,6.95521E-05,,6.95521E-05,58.29271751,,,838116
6308690,02002,,1.01307E-05,1.01307E-05,,1,98710,
6308691,02002,,0.000334313,0.000334313,,33,98710,
6308692,26055,,9.29023E-05,9.29023E-05,,1,10764,
6308695,26055,,0.002415459,0.002415459,,26,10764,
6308696,26055,,0.001672241,0.001672241,,18,10764,
6308698,26055,,0.000371609,0.000371609,,4,10764,
6311802,02002,,5.06534E-05,5.06534E-05,,5,98710,
6311839,02002,,0.000982677,0.000982677,,97,98710,
6311842,02002,,0.008621214,0.008621214,,851,98710,
6311846,02002,,6.07841E-05,6.07841E-05,,6,98710,
6311854,02002,,6.07841E-05,6.07841E-05,,6,98710,
6311856,02002,,0.000253267,0.000253267,,25,98710,
6311857,02002,,5.06534E-05,5.06534E-05,,5,98710,
6311858,02002,,2.02614E-05,2.02614E-05,,2,98710,
6311860,02002,,1.01307E-05,1.01307E-05,,1,98710,
6311861,02002,,3.03921E-05,3.03921E-05,,3,98710,
6311862,02002,,7.09148E-05,7.09148E-05,,7,98710,
6311863,02002,,0.000162091,0.000162091,,16,98710,
6311865,02002,,9.11762E-05,9.11762E-05,,9,98710,
6311866,02002,,0.002289535,0.002289535,,226,98710,
6311867,02002,,0.000192483,0.000192483,,19,98710,
6311868,02002,,2.02614E-05,2.02614E-05,,2,98710,
6311869,02002,,1.01307E-05,1.01307E-05,,1,98710,
6311872,26055,,0.00083612,0.00083612,,9,10764,
6311873,26055,,0.001765143,0.001765143,,19,10764,
6311874,26055,,0.000929023,0.000929023,,10,10764,
6311875,26055,,0.000371609,0.000371609,,4,10764,
6311876,26055,,0.000371609,0.000371609,,4,10764,
6311877,26055,,0.007525084,0.007525084,,81,10764,
6311878,26055,,0.000743218,0.000743218,,8,10764,
6311879,26055,,0.011148272,0.011148272,,120,10764,
6311880,26055,,0.09466741,0.09466741,,1019,10764,
6315017,02002,,2.02614E-05,2.02614E-05,,2,98710,
6315020,02002,,6.07841E-05,6.07841E-05,,6,98710,
6315023,02002,,1.01307E-05,1.01307E-05,,1,98710,
6315030,02002,,1.01307E-05,1.01307E-05,,1,98710,
6315035,02002,,0.010647351,0.010647351,,1051,98710,
6315037,02002,,4.05227E-05,4.05227E-05,,4,98710,
6315039,02002,,6.07841E-05,6.07841E-05,,6,98710,
6315041,02002,,5.06534E-05,5.06534E-05,,5,98710,
6315046,02002,,0.000101307,0.000101307,,10,98710,
6315047,02002,,8.10455E-05,8.10455E-05,,8,98710,
6315052,26055,,0.000371609,0.000371609,,4,10764,
6315054,26055,,0.009661836,0.009661836,,104,10764,
6315055,26055,,0.000371609,0.000371609,,4,10764,
6315056,26055,,0.000185805,0.000185805,,2,10764,
6315058,26055,,0.000185805,0.000185805,,2,10764,
6315059,26055,,0.000557414,0.000557414,,6,10764,
6318198,02002,,5.06534E-05,5.06534E-05,,5,98710,
6318203,02002,,0.015054199,0.015054199,,1486,98710,
6318208,02002,,7.09148E-05,7.09148E-05,,7,98710,
6318214,02002,,0.000192483,0.000192483,,19,98710,
6318218,02002,,0.000131699,0.000131699,,13,98710,
6318219,02002,,3.03921E-05,3.03921E-05,,3,98710,
6318222,02002,,5.06534E-05,5.06534E-05,,5,98710,
6318223,02002,,0.00015196,0.00015196,,15,98710,
6318225,02002,,8.10455E-05,8.10455E-05,,8,98710,
6318226,02002,,0.000131699,0.000131699,,13,98710,
6318228,02002,,1.01307E-05,1.01307E-05,,1,98710,
6318232,26055,,0.000557414,0.000557414,,6,10764,
6318233,26055,,0.000650316,0.000650316,,7,10764,
6321373,02002,,0.000101307,0.000101307,,10,98710,
6321378,02002,,1.01307E-05,1.01307E-05,,1,98710,
6321383,02002,,4.05227E-05,4.05227E-05,,4,98710,
6321384,02002,,3.03921E-05,3.03921E-05,,3,98710,
6321387,02002,,5.06534E-05,5.06534E-05,,5,98710,
6321396,02002,,2.02614E-05,2.02614E-05,,2,98710,
6321397,02002,,0.00354574,0.00354574,,350,98710,
6321398,02002,,0.0056124,0.0056124,,554,98710,
6321399,02002,,1.01307E-05,1.01307E-05,,1,98710,
6321401,02002,,3.03921E-05,3.03921E-05,,3,98710,
6321412,26055,,0.027406169,0.027406169,,295,10764,
6321416,26055,,0.000185805,0.000185805,,2,10764,
6324554,02002,,5.06534E-05,5.06534E-05,,5,98710,
6324556,02002,,0.000992807,0.000992807,,98,98710,
6324562,02002,,3.03921E-05,3.03921E-05,,3,98710,
6324565,02002,8.6098E-06,,8.6098E-06,7.216008845,,,838116
6324566,02002,3.48976E-06,,3.48976E-06,2.924824693,,,838116
6324578,02002,,0.001853916,0.001853916,,183,98710,
6324579,02002,,0.0008915,0.0008915,,88,98710,
6324583,02002,,0.000253267,0.000253267,,25,98710,
6324588,26055,,0.000185805,0.000185805,,2,10764,
6324589,26055,,0.001579339,0.001579339,,17,10764,
6324590,26055,,0.001207729,0.001207729,,13,10764,
6324591,26055,,0.000557414,0.000557414,,6,10764,
6324592,26055,,9.29023E-05,9.29023E-05,,1,10764,
6324594,26055,,9.29023E-05,9.29023E-05,,1,10764,
6327729,02002,,0.008965657,0.008965657,,885,98710,
6327732,02002,,0.000121568,0.000121568,,12,98710,
6327742,02002,0.000266211,,0.000266211,223.1153884,,,838116
6327743,02002,0.000911483,1.01307E-05,0.000816511,763.9284096,1,98710,838116
6327744,02002,0.00076348,,0.00076348,639.8848998,,,838116
6327748,02002,,8.10455E-05,8.10455E-05,,8,98710,
6327749,02002,,1.01307E-05,1.01307E-05,,1,98710,
6327751,02002,,0.000395097,0.000395097,,39,98710,
6327752,02002,,0.002431365,0.002431365,,240,98710,
6327754,02002,,0.015327728,0.015327728,,1513,98710,
6327756,02002,,0.001266336,0.001266336,,125,98710,
6327757,02002,,1.01307E-05,1.01307E-05,,1,98710,
6327758,02002,,0.000172222,0.000172222,,17,98710,
6327760,02002,,0.001165029,0.001165029,,115,98710,
6327761,02002,,0.00058758,0.00058758,,58,98710,
6327762,02002,,0.000131699,0.000131699,,13,98710,
6327763,02002,,0.000212744,0.000212744,,21,98710,
6327764,02002,,0.000233006,0.000233006,,23,98710,
6327764,26055,,0.000185805,0.000185805,,2,10764,
6327765,26055,,9.29023E-05,9.29023E-05,,1,10764,
6327766,26055,,0.000650316,0.000650316,,7,10764,
6327770,26055,,0.000557414,0.000557414,,6,10764,
6327771,26055,,9.29023E-05,9.29023E-05,,1,10764,
6330872,02002,,2.02614E-05,2.02614E-05,,2,98710,
6330910,02002,,2.02614E-05,2.02614E-05,,2,98710,
6330919,02002,0.00027242,3.03921E-05,0.000246919,228.3199657,3,98710,838116
6330920,02002,0.001436146,3.03921E-05,0.001288026,1203.656583,3,98710,838116
6330921,02002,0.001367698,,0.001367698,1146.289475,,,838116
6330922,02002,0.000541259,,0.000541259,453.6382078,,,838116
6330925,02002,,7.09148E-05,7.09148E-05,,7,98710,
6330926,02002,,0.000131699,0.000131699,,13,98710,
6330927,02002,,6.07841E-05,6.07841E-05,,6,98710,
6330928,02002,,0.000283659,0.000283659,,28,98710,
6330929,02002,,5.06534E-05,5.06534E-05,,5,98710,
6330930,02002,,0.000567318,0.000567318,,56,98710,
6330931,02002,,0.00029379,0.00029379,,29,98710,
6330934,02002,,0.000131699,0.000131699,,13,98710,
6330935,02002,,0.00266437,0.00266437,,263,98710,
6330938,02002,,0.000486273,0.000486273,,48,98710,
6330941,02002,,6.07841E-05,6.07841E-05,,6,98710,
6330945,26055,,0.003530286,0.003530286,,38,10764,
6330948,26055,,0.010590858,0.010590858,,114,10764,
6330949,26055,,0.003623188,0.003623188,,39,10764,
6330951,26055,,0.169546637,0.169546637,,1825,10764,
6334088,02002,,5.06534E-05,5.06534E-05,,5,98710,
6334097,02002,2.76483E-09,,2.76483E-09,0.00231725,,,838116
6334098,02002,0.00052669,0.000628103,0.000537376,441.4275176,62,98710,838116
6334099,02002,8.30391E-05,,8.30391E-05,69.5963695,,,838116
6334101,02002,,1.01307E-05,1.01307E-05,,1,98710,
6334104,02002,,0.000131699,0.000131699,,13,98710,
6334106,02002,,0.000192483,0.000192483,,19,98710,
6334107,02002,,0.000506534,0.000506534,,50,98710,
6334108,02002,,0.00059771,0.00059771,,59,98710,
6334109,02002,,6.07841E-05,6.07841E-05,,6,98710,
6334110,02002,,0.000354574,0.000354574,,35,98710,
6334111,02002,,0.024192078,0.024192078,,2388,98710,
6334112,02002,,0.003778746,0.003778746,,373,98710,
6334119,02002,,4.05227E-05,4.05227E-05,,4,98710,
6334123,26055,,0.000464511,0.000464511,,5,10764,
6334124,26055,,0.000464511,0.000464511,,5,10764,
6334127,26055,,0.003065775,0.003065775,,33,10764,
6337277,02002,,0.001104245,0.001104245,,109,98710,
6337280,02002,,1.01307E-05,1.01307E-05,,1,98710,
6337284,02002,,6.07841E-05,6.07841E-05,,6,98710,
6337286,02002,,0.000131699,0.000131699,,13,98710,
6337287,02002,,0.000374835,0.000374835,,37,98710,
6337288,02002,,0.000111438,0.000111438,,11,98710,
6337289,02002,,6.07841E-05,6.07841E-05,,6,98710,
6337291,02002,,0.001945092,0.001945092,,192,98710,
6337292,02002,,0.000709148,0.000709148,,70,98710,
6337300,26055,,0.000650316,0.000650316,,7,10764,
6337301,26055,,0.001207729,0.001207729,,13,10764,
6337302,26055,,0.000557414,0.000557414,,6,10764,
6337303,26055,,9.29023E-05,9.29023E-05,,1,10764,
6337304,26055,,0.000278707,0.000278707,,3,10764,
6337306,26055,,0.004459309,0.004459309,,48,10764,
6337307,26055,,9.29023E-05,9.29023E-05,,1,10764,
6337309,26055,,0.000185805,0.000185805,,2,10764,
6340452,02002,,1.01307E-05,1.01307E-05,,1,98710,
6340455,02002,,2.02614E-05,2.02614E-05,,2,98710,
6340463,02002,,6.07841E-05,6.07841E-05,,6,98710,
6340464,02002,,7.09148E-05,7.09148E-05,,7,98710,
6340465,02002,,0.000415358,0.000415358,,41,98710,
6340466,02002,,6.07841E-05,6.07841E-05,,6,98710,
6340467,02002,,0.001671563,0.001671563,,165,98710,
6340470,02002,,0.000992807,0.000992807,,98,98710,
6340473,02002,,4.05227E-05,4.05227E-05,,4,98710,
6340475,02002,,0.000253267,0.000253267,,25,98710,
6340480,26055,,0.000278707,0.000278707,,3,10764,
6340481,26055,,0.000185805,0.000185805,,2,10764,
6340484,26055,,0.000278707,0.000278707,,3,10764,
6340485,26055,,0.020995912,0.020995912,,226,10764,
6340486,26055,,0.000743218,0.000743218,,8,10764,
6340487,26055,,0.000650316,0.000650316,,7,10764,
6340488,26055,,0.003344482,0.003344482,,36,10764,
6343633,02002,,0.000101307,0.000101307,,10,98710,
6343638,02002,,0.014821193,0.014821193,,1463,98710,
6343641,02002,,0.000354574,0.000354574,,35,98710,
6343642,02002,,8.10455E-05,8.10455E-05,,8,98710,
6343643,02002,,0.000192483,0.000192483,,19,98710,
6343644,02002,,0.014730017,0.014730017,,1454,98710,
6343645,02002,,0.00029379,0.00029379,,29,98710,
6343646,02002,,9.11762E-05,9.11762E-05,,9,98710,
6343648,02002,,0.000303921,0.000303921,,30,98710,
6343649,02002,,0.00118529,0.00118529,,117,98710,
6343650,02002,,3.03921E-05,3.03921E-05,,3,98710,
6343651,02002,,0.00147908,0.00147908,,146,98710,
6343653,02002,,4.05227E-05,4.05227E-05,,4,98710,
6343657,26055,,0.000371609,0.000371609,,4,10764,
6343658,26055,,0.000371609,0.000371609,,4,10764,
6343663,26055,,0.001300632,0.001300632,,14,10764,
6343664,26055,,0.005574136,0.005574136,,60,10764,
6343665,26055,,0.000650316,0.000650316,,7,10764,
6343666,26055,,9.29023E-05,9.29023E-05,,1,10764,
6343667,26055,,0.000557414,0.000557414,,6,10764,
6343668,26055,0.000228859,0.000185805,0.000226261,38.35994807,2,10764,167614
6343669,26055,3.61861E-05,,3.61861E-05,6.065289896,,,167614
6346811,02002,0.000586908,,0.000586908,491.8965858,,,838116
6346812,02002,0.000179355,,0.000179355,150.3206705,,,838116
6346819,02002,,9.11762E-05,9.11762E-05,,9,98710,
6346820,02002,,3.03921E-05,3.03921E-05,,3,98710,
6346821,02002,,0.00015196,0.00015196,,15,98710,
6346822,02002,,6.07841E-05,6.07841E-05,,6,98710,
6346823,02002,,0.001134637,0.001134637,,112,98710,
6346825,02002,,7.09148E-05,7.09148E-05,,7,98710,
6346827,02002,,0.001549995,0.001549995,,153,98710,
6346830,02002,,0.003495087,0.003495087,,345,98710,
6346838,26055,,0.001114827,0.001114827,,12,10764,
6346839,26055,,0.000557414,0.000557414,,6,10764,
6346840,26055,,0.001114827,0.001114827,,12,10764,
6346841,26055,,0.00287997,0.00287997,,31,10764,
6346843,26055,,0.000464511,0.000464511,,5,10764,
6346844,26055,,0.000278707,0.000278707,,3,10764,
6346846,26055,0.002568784,0.001765143,0.002520289,430.5641909,19,10764,167614
6346847,26055,0.004823833,,0.004823833,808.5419791,,,167614
6349988,02002,0.000216648,,0.000216648,181.5757676,,,838116
6349989,02002,0.001328517,,0.001328517,1113.451275,,,838116
6349990,02002,0.000549359,,0.000549359,460.4267147,,,838116
6349999,02002,,0.00014183,0.00014183,,14,98710,
6350003,02002,,3.03921E-05,3.03921E-05,,3,98710,
6350004,02002,,9.11762E-05,9.11762E-05,,9,98710,
6350006,02002,,4.05227E-05,4.05227E-05,,4,98710,
6350007,02002,,0.000344443,0.000344443,,34,98710,
6350008,02002,,0.000395097,0.000395097,,39,98710,
6350009,02002,,0.000303921,0.000303921,,30,98710,
6350014,26055,,0.000464511,0.000464511,,5,10764,
6350016,26055,,9.29023E-05,9.29023E-05,,1,10764,
6350018,26055,,0.002694166,0.002694166,,29,10764,
6350020,26055,,0.000743218,0.000743218,,8,10764,
6350021,26055,,0.00083612,0.00083612,,9,10764,
6350022,26055,,0.000278707,0.000278707,,3,10764,
6350023,26055,,0.000650316,0.000650316,,7,10764,
6350024,26055,0.001076584,,0.001076584,180.4506047,,,167614
6350025,26055,0.01020233,,0.01020233,1710.053406,,,167614
6353166,02002,5.45058E-05,,5.45058E-05,45.68215436,,,838116
6353167,02002,0.000928603,,0.000928603,778.2768507,,,838116
6353168,02002,0.000492778,,0.000492778,413.0055263,,,838116
6353169,02002,2.42979E-05,,2.42979E-05,20.36447351,,,838116
6353171,02002,,0.001762739,0.001762739,,174,98710,
6353173,02002,,0.01580387,0.01580387,,1560,98710,
6353176,02002,,0.010363692,0.010363692,,1023,98710,
6353178,02002,,0.010748658,0.010748658,,1061,98710,
6353179,02002,,0.004153581,0.004153581,,410,98710,
6353180,02002,,0.000101307,0.000101307,,10,98710,
6353182,02002,,0.000162091,0.000162091,,16,98710,
6353183,02002,,0.000182352,0.000182352,,18,98710,
6353184,02002,,0.000435619,0.000435619,,43,98710,
6353185,02002,,0.000121568,0.000121568,,12,98710,
6353186,02002,,0.000405227,0.000405227,,40,98710,
6353187,02002,,0.000172222,0.000172222,,17,98710,
6353188,02002,,0.001732347,0.001732347,,171,98710,
6353189,02002,,0.003292473,0.003292473,,325,98710,
6353194,26055,,0.001858045,0.001858045,,20,10764,
6353196,26055,,0.000371609,0.000371609,,4,10764,
6353197,26055,,0.000743218,0.000743218,,8,10764,
6353198,26055,,0.002229654,0.002229654,,24,10764,
6353199,26055,,0.000929023,0.000929023,,10,10764,
6353200,26055,,0.000464511,0.000464511,,5,10764,
6353201,26055,,0.001486436,0.001486436,,16,10764,
6353202,26055,,0.000557414,0.000557414,,6,10764,
6353203,26055,0.006374325,,0.006374325,1068.426114,,,167614
6356342,02002,,0.008094418,0.008094418,,799,98710,
6356343,02002,,2.02614E-05,2.02614E-05,,2,98710,
6356345,02002,,9.11762E-05,9.11762E-05,,9,98710,
6356350,02002,,8.10455E-05,8.10455E-05,,8,98710,
6356353,02002,,4.05227E-05,4.05227E-05,,4,98710,
6356358,02002,,0.000101307,0.000101307,,10,98710,
6356360,02002,,2.02614E-05,2.02614E-05,,2,98710,
6356364,02002,,5.06534E-05,5.06534E-05,,5,98710,
6356365,02002,,6.07841E-05,6.07841E-05,,6,98710,
6356366,02002,,4.05227E-05,4.05227E-05,,4,98710,
6356367,02002,,0.001580387,0.001580387,,156,98710,
6356374,26055,,0.00204385,0.00204385,,22,10764,
6356375,26055,,0.003251579,0.003251579,,35,10764,
6356376,26055,,0.001207729,0.001207729,,13,10764,
6356377,26055,,0.000371609,0.000371609,,4,10764,
6356378,26055,,0.000650316,0.000650316,,7,10764,
6356379,26055,,0.000929023,0.000929023,,10,10764,
6356380,26055,0.000721397,0.000557414,0.000711502,120.9163029,6,10764,167614
6356381,26055,0.011680294,,0.011680294,1957.780764,,,167614
6359507,02002,,0.000374835,0.000374835,,37,98710,
6359523,02002,,0.000932023,0.000932023,,92,98710,
6359531,02002,,0.008661736,0.008661736,,855,98710,
6359539,02002,,1.01307E-05,1.01307E-05,,1,98710,
6359541,02002,,0.000172222,0.000172222,,17,98710,
6359542,02002,,0.00220849,0.00220849,,218,98710,
6359544,02002,,0.000121568,0.000121568,,12,98710,
6359546,02002,,0.000172222,0.000172222,,17,98710,
6359551,26055,,0.002415459,0.002415459,,26,10764,
6359552,26055,,0.001114827,0.001114827,,12,10764,
6359554,26055,,0.000371609,0.000371609,,4,10764,
6359555,26055,,0.000929023,0.000929023,,10,10764,
6359556,26055,,0.003065775,0.003065775,,33,10764,
6359557,26055,,0.000743218,0.000743218,,8,10764,
6359558,26055,0.002174813,0.000557414,0.002077213,364.5290874,6,10764,167614
6359559,26055,0.014075773,,0.014075773,2359.296661,,,167614
6362684,02002,,0.004974167,0.004974167,,491,98710,
6362690,02002,,2.02614E-05,2.02614E-05,,2,98710,
6362693,02002,,0.000668625,0.000668625,,66,98710,
6362697,02002,,0.000263398,0.000263398,,26,98710,
6362700,02002,,0.000202614,0.000202614,,20,98710,
6362701,02002,,0.000243136,0.000243136,,24,98710,
6362707,02002,,1.01307E-05,1.01307E-05,,1,98710,
6362714,02002,,1.01307E-05,1.01307E-05,,1,98710,
6362716,02002,,0.001043461,0.001043461,,103,98710,
6362717,02002,,6.07841E-05,6.07841E-05,,6,98710,
6362721,02002,,0.000192483,0.000192483,,19,98710,
6362723,02002,,0.000111438,0.000111438,,11,98710,
6362724,02002,,8.10455E-05,8.10455E-05,,8,98710,
6362725,02002,,1.01307E-05,1.01307E-05,,1,98710,
6362727,26055,,9.29023E-05,9.29023E-05,,1,10764,
6362730,26055,,0.00287997,0.00287997,,31,10764,
6362731,26055,,0.000278707,0.000278707,,3,10764,
6362732,26055,,0.000371609,0.000371609,,4,10764,
6362734,26055,,0.000185805,0.000185805,,2,10764,
6362736,26055,1.33383E-06,,1.33383E-06,0.223569409,,,167614
6362737,26055,0.001172898,0.000743218,0.001146969,196.5940988,8,10764,167614
6365862,02002,,0.006341809,0.006341809,,626,98710,
6365864,02002,,6.07841E-05,6.07841E-05,,6,98710,
6365865,02002,,0.000121568,0.000121568,,12,98710,
6365870,02002,,4.05227E-05,4.05227E-05,,4,98710,
6365873,02002,,1.01307E-05,1.01307E-05,,1,98710,
6365877,02002,,9.11762E-05,9.11762E-05,,9,98710,
6365878,02002,,3.03921E-05,3.03921E-05,,3,98710,
6365879,02002,,0.000182352,0.000182352,,18,98710,
6365882,02002,,0.000101307,0.000101307,,10,98710,
6365883,02002,,0.000233006,0.000233006,,23,98710,
6365887,02002,,0.000101307,0.000101307,,10,98710,
6365901,02002,,0.0047209,0.0047209,,466,98710,
6365902,02002,,4.05227E-05,4.05227E-05,,4,98710,
6365903,02002,,0.000709148,0.000709148,,70,98710,
6365906,26055,,0.000185805,0.000185805,,2,10764,
6365915,26055,6.19234E-06,0.000185805,1.70308E-05,1.037923602,2,10764,167614
6369039,02002,,0.000384966,0.000384966,,38,98710,
6369040,02002,,0.00014183,0.00014183,,14,98710,
6369046,02002,1.37399E-05,,1.37399E-05,11.51562499,,,838116
6369047,02002,3.74194E-06,,3.74194E-06,3.136183715,,,838116
6369056,02002,,0.000111438,0.000111438,,11,98710,
6369057,02002,,0.00679769,0.00679769,,671,98710,
6369058,02002,,2.02614E-05,2.02614E-05,,2,98710,
6369060,02002,,0.000557188,0.000557188,,55,98710,
6369061,02002,,8.10455E-05,8.10455E-05,,8,98710,
6369062,02002,,0.000273529,0.000273529,,27,98710,
6369063,02002,,0.00015196,0.00015196,,15,98710,
6369064,02002,,0.00015196,0.00015196,,15,98710,
6369065,02002,,0.000273529,0.000273529,,27,98710,
6369068,02002,,0.023412015,0.023412015,,2311,98710,
6369069,02002,,0.009077095,0.009077095,,896,98710,
6369071,02002,,4.05227E-05,4.05227E-05,,4,98710,
6369073,02002,,1.01307E-05,1.01307E-05,,1,98710,
6369078,02002,,8.10455E-05,8.10455E-05,,8,98710,
6369081,02002,,0.000121568,0.000121568,,12,98710,
6369082,02002,,4.05227E-05,4.05227E-05,,4,98710,
6369088,02002,,5.06534E-05,5.06534E-05,,5,98710,
6369089,02002,,2.02614E-05,2.02614E-05,,2,98710,
6372219,02002,,0.005055212,0.005055212,,499,98710,
6372224,02002,0.001023325,,0.001023325,857.6653948,,,838116
6372225,02002,0.001170185,,0.001170185,980.7504269,,,838116
6372229,02002,,7.09148E-05,7.09148E-05,,7,98710,
6372238,02002,,0.000111438,0.000111438,,11,98710,
6372240,02002,,0.000101307,0.000101307,,10,98710,
6372241,02002,,9.11762E-05,9.11762E-05,,9,98710,
6372242,02002,,0.000111438,0.000111438,,11,98710,
6372244,02002,,0.000233006,0.000233006,,23,98710,
6372246,02002,,1.01307E-05,1.01307E-05,,1,98710,
6372248,02002,,0.000668625,0.000668625,,66,98710,
6372249,02002,,4.05227E-05,4.05227E-05,,4,98710,
6372251,02002,,0.000749671,0.000749671,,74,98710,
6372253,02002,,0.013970216,0.013970216,,1379,98710,
6372261,02002,,5.06534E-05,5.06534E-05,,5,98710,
6372264,02002,,0.009573498,0.009573498,,945,98710,
6372265,02002,,0.000172222,0.000172222,,17,98710,
6372267,02002,,0.000415358,0.000415358,,41,98710,
6372268,02002,,2.02614E-05,2.02614E-05,,2,98710,
6372270,02002,,0.004254888,0.004254888,,420,98710,
6375395,02002,,0.000324182,0.000324182,,32,98710,
6375402,02002,0.001057771,,0.001057771,886.5351537,,,838116
6375403,02002,0.000413304,0.000415358,0.000413521,346.3968783,41,98710,838116
6375405,02002,,0.000628103,0.000628103,,62,98710,
6375414,02002,,6.07841E-05,6.07841E-05,,6,98710,
6375417,02002,,0.000780063,0.000780063,,77,98710,
6375418,02002,,3.03921E-05,3.03921E-05,,3,98710,
6375426,02002,,6.07841E-05,6.07841E-05,,6,98710,
6375428,02002,,0.008246378,0.008246378,,814,98710,
6375436,02002,,0.009725458,0.009725458,,960,98710,
6375438,02002,,9.11762E-05,9.11762E-05,,9,98710,
6375439,02002,0.00035852,,0.00035852,300.4811321,,,838116
6375440,02002,0.000204283,,0.000204283,171.2130178,,,838116
6375441,02002,,0.00015196,0.00015196,,15,98710,
6375443,02002,,0.000202614,0.000202614,,20,98710,
6375444,02002,,0.000192483,0.000192483,,19,98710,
6375445,02002,,0.00015196,0.00015196,,15,98710,
6375446,02002,,0.001398035,0.001398035,,138,98710,
6375448,02002,,6.07841E-05,6.07841E-05,,6,98710,
6375449,02002,,8.10455E-05,8.10455E-05,,8,98710,
6378571,02002,,7.09148E-05,7.09148E-05,,7,98710,
6378573,02002,,0.000769932,0.000769932,,76,98710,
6378580,02002,4.21643E-10,,4.21643E-10,0.000353386,,,838116
6378584,02002,,1.01307E-05,1.01307E-05,,1,98710,
6378587,02002,,0.006362071,0.006362071,,628,98710,
6378589,02002,,5.06534E-05,5.06534E-05,,5,98710,
6378593,02002,,0.000172222,0.000172222,,17,98710,
6378595,02002,,0.000101307,0.000101307,,10,98710,
6378596,02002,,6.07841E-05,6.07841E-05,,6,98710,
6378597,02002,,2.02614E-05,2.02614E-05,,2,98710,
6378604,02002,,0.017029683,0.017029683,,1681,98710,
6378612,02002,,5.06534E-05,5.06534E-05,,5,98710,
6378614,02002,,6.07841E-05,6.07841E-05,,6,98710,
6378617,02002,0.002612479,,0.002612479,2189.560452,,,838116
6378618,02002,0.001789677,,0.001789677,1499.956763,,,838116
6378620,02002,,6.07841E-05,6.07841E-05,,6,98710,
6378621,02002,,0.000101307,0.000101307,,10,98710,
6378622,02002,,0.000314051,0.000314051,,31,98710,
6378626,02002,,2.02614E-05,2.02614E-05,,2,98710,
6381754,02002,,6.07841E-05,6.07841E-05,,6,98710,
6381757,02002,,5.06534E-05,5.06534E-05,,5,98710,
6381760,02002,,0.000111438,0.000111438,,11,98710,
6381761,02002,,0.000466012,0.000466012,,46,98710,
6381762,02002,,5.06534E-05,5.06534E-05,,5,98710,
6381770,02002,,4.05227E-05,4.05227E-05,,4,98710,
6381771,02002,,0.000861108,0.000861108,,85,98710,
6381772,02002,,7.09148E-05,7.09148E-05,,7,98710,
6381774,02002,,8.10455E-05,8.10455E-05,,8,98710,
6381775,02002,,0.000334313,0.000334313,,33,98710,
6381778,02002,,5.06534E-05,5.06534E-05,,5,98710,
6381786,02002,,1.01307E-05,1.01307E-05,,1,98710,
6381790,02002,,0.006311417,0.006311417,,623,98710,
6381793,02002,,4.05227E-05,4.05227E-05,,4,98710,
6381794,02002,,3.03921E-05,3.03921E-05,,3,98710,
6381795,02002,0.000661588,,0.000661588,554.4871262,,,838116
6381796,02002,0.000459724,0.000577449,0.000472128,385.3016358,57,98710,838116
6381797,02002,,8.10455E-05,8.10455E-05,,8,98710,
6381798,02002,,1.01307E-05,1.01307E-05,,1,98710,
6381799,02002,,0.000111438,0.000111438,,11,98710,
6381800,02002,,7.09148E-05,7.09148E-05,,7,98710,
6381802,02002,,0.005997366,0.005997366,,592,98710,
6381804,02002,,0.000202614,0.000202614,,20,98710,
6384924,02002,,0.001205552,0.001205552,,119,98710,
6384925,02002,,0.000172222,0.000172222,,17,98710,
6384926,02002,,7.09148E-05,7.09148E-05,,7,98710,
6384928,02002,,0.000830716,0.000830716,,82,98710,
6384929,02002,,0.000243136,0.000243136,,24,98710,
6384931,02002,,5.06534E-05,5.06534E-05,,5,98710,
6384932,02002,,0.000678756,0.000678756,,67,98710,
6384934,02002,,9.11762E-05,9.11762E-05,,9,98710,
6384935,02002,,0.000222875,0.000222875,,22,98710,
6384938,02002,,0.000101307,0.000101307,,10,98710,
6384939,02002,,0.000101307,0.000101307,,10,98710,
6384946,02002,,0.001762739,0.001762739,,174,98710,
6384947,02002,,0.000162091,0.000162091,,16,98710,
6384951,02002,,6.07841E-05,6.07841E-05,,6,98710,
6384952,02002,,0.000121568,0.000121568,,12,98710,
6384954,02002,,0.008611083,0.008611083,,850,98710,
6384955,02002,,3.03921E-05,3.03921E-05,,3,98710,
6384957,02002,,4.05227E-05,4.05227E-05,,4,98710,
6384959,02002,,0.000101307,0.000101307,,10,98710,
6384967,02002,,0.000324182,0.000324182,,32,98710,
6384970,02002,,5.06534E-05,5.06534E-05,,5,98710,
6384971,02002,,3.03921E-05,3.03921E-05,,3,98710,
6384972,02002,,1.01307E-05,1.01307E-05,,1,98710,
6384973,02002,,0.000536926,0.000536926,,53,98710,
6384975,02002,,0.001286597,0.001286597,,127,98710,
6384977,02002,,0.000111438,0.000111438,,11,98710,
6384978,02002,,0.000243136,0.000243136,,24,98710,
6384982,02002,,0.002259143,0.002259143,,223,98710,
6388102,02002,,0.000111438,0.000111438,,11,98710,
6388103,02002,,4.05227E-05,4.05227E-05,,4,98710,
6388104,02002,,5.06534E-05,5.06534E-05,,5,98710,
6388106,02002,,0.00147908,0.00147908,,146,98710,
6388107,02002,,0.000729409,0.000729409,,72,98710,
6388110,02002,,0.000749671,0.000749671,,74,98710,
6388111,02002,,8.10455E-05,8.10455E-05,,8,98710,
6388112,02002,,0.002411103,0.002411103,,238,98710,
6388115,02002,,2.02614E-05,2.02614E-05,,2,98710,
6388125,02002,,0.000202614,0.000202614,,20,98710,
6388134,02002,,2.02614E-05,2.02614E-05,,2,98710,
6388138,02002,,0.000131699,0.000131699,,13,98710,
6388139,02002,,6.07841E-05,6.07841E-05,,6,98710,
6388142,02002,,1.01307E-05,1.01307E-05,,1,98710,
6388145,02002,,7.09148E-05,7.09148E-05,,7,98710,
6388146,02002,,0.000202614,0.000202614,,20,98710,
6388147,02002,,9.11762E-05,9.11762E-05,,9,98710,
6388148,02002,,6.07841E-05,6.07841E-05,,6,98710,
6388149,02002,,4.05227E-05,4.05227E-05,,4,98710,
6388150,02002,,0.000172222,0.000172222,,17,98710,
6388152,02002,,0.000111438,0.000111438,,11,98710,
6388153,02002,,0.001215682,0.001215682,,120,98710,
6388154,02002,,0.001165029,0.001165029,,115,98710,
6388155,02002,,0.00014183,0.00014183,,14,98710,
6388156,02002,,0.00014183,0.00014183,,14,98710,
6388157,02002,,0.005642792,0.005642792,,557,98710,
6388160,02002,,0.000101307,0.000101307,,10,98710,
6388161,02002,,0.000162091,0.000162091,,16,98710,
6391279,02002,,6.07841E-05,6.07841E-05,,6,98710,
6391280,02002,,4.05227E-05,4.05227E-05,,4,98710,
6391281,02002,,4.05227E-05,4.05227E-05,,4,98710,
6391282,02002,,5.06534E-05,5.06534E-05,,5,98710,
6391283,02002,,0.000466012,0.000466012,,46,98710,
6391284,02002,,0.000283659,0.000283659,,28,98710,
6391290,02002,,0.010414345,0.010414345,,1028,98710,
6391291,02002,,1.01307E-05,1.01307E-05,,1,98710,
6391300,02002,,0.00457907,0.00457907,,452,98710,
6391303,02002,,5.06534E-05,5.06534E-05,,5,98710,
6391305,02002,,3.03921E-05,3.03921E-05,,3,98710,
6391309,02002,,2.02614E-05,2.02614E-05,,2,98710,
6391323,02002,,0.000314051,0.000314051,,31,98710,
6391324,02002,,0.000374835,0.000374835,,37,98710,
6391325,02002,,6.07841E-05,6.07841E-05,,6,98710,
6391327,02002,,9.11762E-05,9.11762E-05,,9,98710,
6391328,02002,,0.000111438,0.000111438,,11,98710,
6391330,02002,,8.10455E-05,8.10455E-05,,8,98710,
6391331,02002,,0.000202614,0.000202614,,20,98710,
6391333,02002,,9.11762E-05,9.11762E-05,,9,98710,
6391334,02002,,6.07841E-05,6.07841E-05,,6,98710,
6391335,02002,,0.000172222,0.000172222,,17,98710,
6391338,02002,,6.07841E-05,6.07841E-05,,6,98710,
6391339,02002,,9.11762E-05,9.11762E-05,,9,98710,
6394457,02002,,0.000101307,0.000101307,,10,98710,
6394458,02002,,1.01307E-05,1.01307E-05,,1,98710,
6394459,02002,,7.09148E-05,7.09148E-05,,7,98710,
6394460,02002,,7.09148E-05,7.09148E-05,,7,98710,
6394461,02002,,0.000749671,0.000749671,,74,98710,
6394462,02002,,0.000162091,0.000162091,,16,98710,
6394465,02002,,2.02614E-05,2.02614E-05,,2,98710,
6394466,02002,,0.000273529,0.000273529,,27,98710,
6394467,02002,,8.10455E-05,8.10455E-05,,8,98710,
6394482,02002,,1.01307E-05,1.01307E-05,,1,98710,
6394486,02002,9.09892E-05,,9.09892E-05,76.25952124,,,838116
6394487,02002,1.68238E-05,,1.68238E-05,14.10026534,,,838116
6394498,02002,,0.009370884,0.009370884,,925,98710,
6394499,02002,,0.000192483,0.000192483,,19,98710,
6394500,02002,,4.05227E-05,4.05227E-05,,4,98710,
6394501,02002,,0.00029379,0.00029379,,29,98710,
6394502,02002,,0.000172222,0.000172222,,17,98710,
6394503,02002,,7.09148E-05,7.09148E-05,,7,98710,
6394508,02002,,3.03921E-05,3.03921E-05,,3,98710,
6394511,02002,,0.00015196,0.00015196,,15,98710,
6394512,02002,,0.000283659,0.000283659,,28,98710,
6394513,02002,,0.000121568,0.000121568,,12,98710,
6394514,02002,,5.06534E-05,5.06534E-05,,5,98710,
6397634,02002,,1.01307E-05,1.01307E-05,,1,98710,
6397638,02002,,2.02614E-05,2.02614E-05,,2,98710,
6397639,02002,,0.007324486,0.007324486,,723,98710,
6397640,02002,,0.000800324,0.000800324,,79,98710,
6397641,02002,,4.05227E-05,4.05227E-05,,4,98710,
6397642,02002,,0.000222875,0.000222875,,22,98710,
6397643,02002,,0.000253267,0.000253267,,25,98710,
6397644,02002,,0.000243136,0.000243136,,24,98710,
6397645,02002,,0.000344443,0.000344443,,34,98710,
6397646,02002,,0.000233006,0.000233006,,23,98710,
6397652,02002,4.43365E-06,,4.43365E-06,3.715912172,,,838116
6397653,02002,0.000132494,,0.000132494,111.0453635,,,838116
6397654,02002,4.52783E-05,,4.52783E-05,37.94846157,,,838116
6397664,02002,0.000747225,,0.000747225,626.2608238,,,838116
6397665,02002,0.001048286,,0.001048286,878.5853491,,,838116
6397666,02002,0.000212682,,0.000212682,178.2521766,,,838116
6397667,02002,9.83572E-05,,9.83572E-05,82.43470973,,,838116
6397668,02002,9.23207E-05,,9.23207E-05,77.37544149,,,838116
6397669,02002,7.13742E-05,0.000172222,8.20002E-05,59.81989181,17,98710,838116
6397670,02002,,0.000162091,0.000162091,,16,98710,
6397671,02002,,0.00014183,0.00014183,,14,98710,
6397672,02002,,0.011356499,0.011356499,,1121,98710,
6397674,02002,,0.001418296,0.001418296,,140,98710,
6397675,02002,,5.06534E-05,5.06534E-05,,5,98710,
6397677,02002,,3.03921E-05,3.03921E-05,,3,98710,
6397678,02002,0.000153336,,0.000153336,128.5133559,,,838116
6397679,02002,0.001051236,,0.001051236,881.0576743,,,838116
6397681,02002,,2.02614E-05,2.02614E-05,,2,98710,
6397682,02002,,0.000253267,0.000253267,,25,98710,
6397683,02002,,4.05227E-05,4.05227E-05,,4,98710,
6397684,02002,,2.02614E-05,2.02614E-05,,2,98710,
6397685,02002,,0.000111438,0.000111438,,11,98710,
6397686,02002,,0.010444737,0.010444737,,1031,98710,
6397687,02002,,4.05227E-05,4.05227E-05,,4,98710,
6397689,02002,,6.07841E-05,6.07841E-05,,6,98710,
6397690,02002,,0.0008915,0.0008915,,88,98710,
6397691,02002,,5.06534E-05,5.06534E-05,,5,98710,
6397693,02002,,0.000212744,0.000212744,,21,98710,
6400800,02002,,1.01307E-05,1.01307E-05,,1,98710,
6400812,02002,,0.000901631,0.000901631,,89,98710,
6400814,02002,,9.11762E-05,9.11762E-05,,9,98710,
6400816,02002,,1.01307E-05,1.01307E-05,,1,98710,
6400817,02002,,0.002097052,0.002097052,,207,98710,
6400818,02002,,0.000222875,0.000222875,,22,98710,
6400819,02002,,0.000162091,0.000162091,,16,98710,
6400820,02002,,8.10455E-05,8.10455E-05,,8,98710,
6400821,02002,,2.02614E-05,2.02614E-05,,2,98710,
6400822,02002,,0.000435619,0.000435619,,43,98710,
6400830,02002,0.000192967,,0.000192967,161.7288788,,,838116
6400831,02002,0.001538765,,0.001538765,1289.663621,,,838116
6400832,02002,0.000629316,,0.000629316,527.4397988,,,838116
6400833,02002,,0.00044575,0.00044575,,44,98710,
6400834,02002,,8.10455E-05,8.10455E-05,,8,98710,
6400835,02002,,0.00605815,0.00605815,,598,98710,
6400836,02002,,0.000243136,0.000243136,,24,98710,
6400838,02002,,0.006412724,0.006412724,,633,98710,
6400839,02002,,1.01307E-05,1.01307E-05,,1,98710,
6400840,02002,2.56558E-06,2.02614E-05,4.43012E-06,2.150254438,2,98710,838116
6400841,02002,0.000120424,5.06534E-05,0.000113073,100.929687,5,98710,838116
6400842,02002,0.000371964,,0.000371964,311.7493934,,,838116
6400843,02002,0.000130152,,0.000130152,109.0825706,,,838116
6400845,02002,,0.000871239,0.000871239,,86,98710,
6400848,02002,,4.05227E-05,4.05227E-05,,4,98710,
6400855,02002,,0.000526796,0.000526796,,52,98710,
6400856,02002,0.000181107,0.000222875,0.000185508,151.7883597,22,98710,838116
6400857,02002,0.002192276,,0.002192276,1837.381745,,,838116
6400858,02002,0.000810886,,0.000810886,679.6161909,,,838116
6400864,02002,,0.000222875,0.000222875,,22,98710,
6400865,02002,,5.06534E-05,5.06534E-05,,5,98710,
6400866,02002,,1.01307E-05,1.01307E-05,,1,98710,
6400868,02002,,2.02614E-05,2.02614E-05,,2,98710,
6400871,02002,,0.000283659,0.000283659,,28,98710,
6400872,02002,,0.002623848,0.002623848,,259,98710,
6400873,02002,,0.000314051,0.000314051,,31,98710,
6403985,02002,,0.003535609,0.003535609,,349,98710,
6403987,02002,,8.10455E-05,8.10455E-05,,8,98710,
6403988,02002,,9.11762E-05,9.11762E-05,,9,98710,
6403989,02002,,0.000536926,0.000536926,,53,98710,
6403995,02002,,0.000222875,0.000222875,,22,98710,
6403996,02002,,0.000253267,0.000253267,,25,98710,
6403999,02002,,0.000344443,0.000344443,,34,98710,
6404006,02002,0.000124482,4.05227E-05,0.000115636,104.3306221,4,98710,838116
6404008,02002,0.000105733,,0.000105733,88.61687482,,,838116
6404009,02002,0.000233354,,0.000233354,195.5778495,,,838116
6404010,02002,0.000106505,,0.000106505,89.26325461,,,838116
6404012,02002,,0.000709148,0.000709148,,70,98710,
6404013,02002,,0.000111438,0.000111438,,11,98710,
6404014,02002,,3.03921E-05,3.03921E-05,,3,98710,
6404016,02002,,8.10455E-05,8.10455E-05,,8,98710,
6404017,02002,,6.07841E-05,6.07841E-05,,6,98710,
6404018,02002,,2.02614E-05,2.02614E-05,,2,98710,
6404025,02002,,0.005896059,0.005896059,,582,98710,
6404032,02002,,0.000314051,0.000314051,,31,98710,
6404033,02002,,8.10455E-05,8.10455E-05,,8,98710,
6404034,02002,4.36416E-05,2.02614E-05,4.11781E-05,36.57674879,2,98710,838116
6404035,02002,0.00029117,,0.00029117,244.0343972,,,838116
6404036,02002,0.000248213,,0.000248213,208.0315119,,,838116
6404037,02002,,0.000516665,0.000516665,,51,98710,
6404042,02002,,0.000131699,0.000131699,,13,98710,
6404043,02002,,0.000172222,0.000172222,,17,98710,
6404044,02002,,0.000111438,0.000111438,,11,98710,
6404045,02002,,0.000729409,0.000729409,,72,98710,
6404047,02002,,0.00014183,0.00014183,,14,98710,
6404048,02002,,0.000972546,0.000972546,,96,98710,
6404049,02002,,1.01307E-05,1.01307E-05,,1,98710,
6407157,02002,,5.06534E-05,5.06534E-05,,5,98710,
6407158,02002,,0.00442711,0.00442711,,437,98710,
6407163,02002,,0.000253267,0.000253267,,25,98710,
6407164,02002,,0.000172222,0.000172222,,17,98710,
6407165,02002,,0.000222875,0.000222875,,22,98710,
6407166,02002,,0.000607841,0.000607841,,60,98710,
6407167,02002,,0.00014183,0.00014183,,14,98710,
6407168,02002,,8.10455E-05,8.10455E-05,,8,98710,
6407169,02002,,7.09148E-05,7.09148E-05,,7,98710,
6407170,02002,,0.001063722,0.001063722,,105,98710,
6407171,02002,,0.001235944,0.001235944,,122,98710,
6407172,02002,2.00068E-05,0.002968291,0.000330657,16.76800837,293,98710,838116
6407173,02002,0.000124697,0.000324182,0.000145716,104.5103991,32,98710,838116
6407176,02002,,0.000172222,0.000172222,,17,98710,
6407178,02002,0.001860472,,0.001860472,1559.291718,,,838116
6407179,02002,0.003752659,,0.003752659,3145.163746,,,838116
6407180,02002,0.002492095,,0.002492095,2088.66481,,,838116
6407181,02002,0.002289566,0.011944079,0.003306827,1918.921741,1179,98710,838116
6407182,02002,0.000328182,,0.000328182,275.054668,,,838116
6407183,02002,0.000791972,,0.000791972,663.7640173,,,838116
6407184,02002,0.001327332,,0.001327332,1112.458087,,,838116
6407185,02002,4.38599E-05,,4.38599E-05,36.75968577,,,838116
6407186,02002,,2.02614E-05,2.02614E-05,,2,98710,
6407192,02002,,5.06534E-05,5.06534E-05,,5,98710,
6407193,02002,,2.02614E-05,2.02614E-05,,2,98710,
6407202,02002,,0.000273529,0.000273529,,27,98710,
6407205,02002,,0.001438557,0.001438557,,142,98710,
6407210,02002,,6.07841E-05,6.07841E-05,,6,98710,
6407215,02002,,0.000303921,0.000303921,,30,98710,
6407216,02002,,3.03921E-05,3.03921E-05,,3,98710,
6407222,02002,,2.02614E-05,2.02614E-05,,2,98710,
6407228,02002,,0.000212744,0.000212744,,21,98710,
6407229,02002,,0.002765677,0.002765677,,273,98710,
6410334,02002,,3.03921E-05,3.03921E-05,,3,98710,
6410335,02002,,0.000455881,0.000455881,,45,98710,
6410336,02002,,0.000425489,0.000425489,,42,98710,
6410338,02002,,4.05227E-05,4.05227E-05,,4,98710,
6410341,02002,,0.000131699,0.000131699,,13,98710,
6410342,02002,,7.09148E-05,7.09148E-05,,7,98710,
6410343,02002,,0.000617972,0.000617972,,61,98710,
6410344,02002,,0.000111438,0.000111438,,11,98710,
6410345,02002,,9.11762E-05,9.11762E-05,,9,98710,
6410349,02002,,0.000101307,0.000101307,,10,98710,
6410350,02002,0.000399911,0.00132712,0.000497608,335.1719307,131,98710,838116
6410351,02002,0.00050121,,0.00050121,420.0722588,,,838116
6410352,02002,0.001905172,1.01307E-05,0.001705499,1596.755371,1,98710,838116
6410353,02002,0.000426872,,0.000426872,357.7679325,,,838116
6410354,02002,,6.07841E-05,6.07841E-05,,6,98710,
6410355,02002,0.000415028,,0.000415028,347.8417352,,,838116
6410356,02002,0.008668285,,0.008668285,7265.028509,,,838116
6410357,02002,0.004600167,,0.004600167,3855.473242,,,838116
6410358,02002,0.004278497,,0.004278497,3585.876482,,,838116
6410359,02002,0.003825771,,0.003825771,3206.440185,,,838116
6410360,02002,0.000120129,9.11762E-05,0.000117078,100.6821303,9,98710,838116
6410361,02002,3.90192E-05,,3.90192E-05,32.70262894,,,838116
6410362,02002,,0.000425489,0.000425489,,42,98710,
6410364,02002,,7.09148E-05,7.09148E-05,,7,98710,
6410372,02002,,8.10455E-05,8.10455E-05,,8,98710,
6410373,02002,,0.00251241,0.00251241,,248,98710,
6410376,02002,,0.000121568,0.000121568,,12,98710,
6410378,02002,,0.001529734,0.001529734,,151,98710,
6410379,02002,,0.000111438,0.000111438,,11,98710,
6410392,02002,,0.005855536,0.005855536,,578,98710,
6410394,02002,,2.02614E-05,2.02614E-05,,2,98710,
6410396,02002,3.52469E-05,,3.52469E-05,29.54101259,,,838116
6410397,02002,0.00093262,,0.00093262,781.6438165,,,838116
6410398,02002,0.001052143,,0.001052143,881.8176019,,,838116
6410399,02002,0.000387116,,0.000387116,324.4483971,,,838116
6410400,02002,,9.11762E-05,9.11762E-05,,9,98710,
6410403,02002,,0.00014183,0.00014183,,14,98710,
6410404,02002,,7.09148E-05,7.09148E-05,,7,98710,
6410407,02002,,0.001083983,0.001083983,,107,98710,
6413512,02002,,4.05227E-05,4.05227E-05,,4,98710,
6413513,02002,,0.000516665,0.000516665,,51,98710,
6413514,02002,,0.00029379,0.00029379,,29,98710,
6413515,02002,,0.000263398,0.000263398,,26,98710,
6413516,02002,,0.001256205,0.001256205,,124,98710,
6413518,02002,,0.000111438,0.000111438,,11,98710,
6413519,02002,,0.000344443,0.000344443,,34,98710,
6413520,02002,,0.000384966,0.000384966,,38,98710,
6413521,02002,,0.000415358,0.000415358,,41,98710,
6413522,02002,,0.000830716,0.000830716,,82,98710,
6413523,02002,0.001560054,,0.001560054,1307.506597,,,838116
6413524,02002,0.000606646,,0.000606646,508.4396173,,,838116
6413525,02002,0.000352611,,0.000352611,295.5287379,,,838116
6413527,02002,4.37186E-05,0.00029379,7.00678E-05,36.64129055,29,98710,838116
6413528,02002,0.000499651,3.03921E-05,0.000450207,418.765242,3,98710,838116
6413529,02002,0.001136314,6.07841E-05,0.001022989,952.3627644,6,98710,838116
6413530,02002,0.00159468,,0.00159468,1336.526821,,,838116
6413531,02002,0.005651516,,0.005651516,4736.626091,,,838116
6413532,02002,7.62486E-08,0.000516665,5.45074E-05,0.06390517,51,98710,838116
6413533,02002,0.003405098,4.05227E-05,0.003050585,2853.867181,4,98710,838116
6413534,02002,0.009057567,,0.009057567,7591.291571,,,838116
6413535,02002,0.006071532,,0.006071532,5088.648237,,,838116
6413536,02002,0.003997898,,0.003997898,3350.702515,,,838116
6413537,02002,,2.02614E-05,2.02614E-05,,2,98710,
6413538,02002,,2.02614E-05,2.02614E-05,,2,98710,
6413541,02002,,0.000607841,0.000607841,,60,98710,
6413542,02002,,0.000101307,0.000101307,,10,98710,
6413543,02002,,0.00014183,0.00014183,,14,98710,
6413550,02002,,9.11762E-05,9.11762E-05,,9,98710,
6413555,02002,,3.03921E-05,3.03921E-05,,3,98710,
6413556,02002,,0.000192483,0.000192483,,19,98710,
6413557,02002,,0.005733968,0.005733968,,566,98710,
6413565,02002,,0.000101307,0.000101307,,10,98710,
6413570,02002,,0.000172222,0.000172222,,17,98710,
6413575,02002,0.000501385,,0.000501385,420.2186262,,,838116
6413576,02002,0.00105908,,0.00105908,887.6321757,,,838116
6413577,02002,7.99211E-06,1.01307E-05,8.21744E-06,6.698313513,1,98710,838116
6413578,02002,,5.06534E-05,5.06534E-05,,5,98710,
6413579,02002,,4.05227E-05,4.05227E-05,,4,98710,
6413581,02002,,0.000101307,0.000101307,,10,98710,
6413583,02002,,3.03921E-05,3.03921E-05,,3,98710,
6413585,02002,,0.002715024,0.002715024,,268,98710,
6416691,02002,4.00249E-05,0.000131699,4.96842E-05,33.5454707,13,98710,838116
6416692,02002,4.05662E-05,9.11762E-05,4.58988E-05,33.99919826,9,98710,838116
6416693,02002,,9.11762E-05,9.11762E-05,,9,98710,
6416694,02002,,7.09148E-05,7.09148E-05,,7,98710,
6416698,02002,,9.11762E-05,9.11762E-05,,9,98710,
6416699,02002,,0.000233006,0.000233006,,23,98710,
6416700,02002,0.000484243,1.01307E-05,0.000434287,405.8515307,1,98710,838116
6416701,02002,0.006607932,,0.006607932,5538.213616,,,838116
6416702,02002,0.008065048,,0.008065048,6759.445575,,,838116
6416703,02002,0.006873712,,0.006873712,5760.967958,,,838116
6416704,02002,0.001266212,,0.001266212,1061.232796,,,838116
6416705,02002,0.00276786,,0.00276786,2319.788008,,,838116
6416706,02002,0.006525808,,0.006525808,5469.383865,,,838116
6416707,02002,0.000639879,,0.000639879,536.2928816,,,838116
6416708,02002,6.22398E-06,,6.22398E-06,5.216414031,,,838116
6416709,02002,0.005815939,,0.005815939,4874.431186,,,838116
6416710,02002,0.000186123,,0.000186123,155.9929718,,,838116
6416711,02002,0.003283779,,0.003283779,2752.1878,,,838116
6416712,02002,0.005488895,,0.005488895,4600.330565,,,838116
6416713,02002,0.010825514,,0.010825514,9073.03686,,,838116
6416714,02002,0.00398753,,0.00398753,3342.012973,,,838116
6416715,02002,,0.000780063,0.000780063,,77,98710,
6416720,02002,,0.000283659,0.000283659,,28,98710,
6416721,02002,,5.06534E-05,5.06534E-05,,5,98710,
6416725,02002,,3.03921E-05,3.03921E-05,,3,98710,
6416726,02002,,0.000121568,0.000121568,,12,98710,
6416728,02002,,0.000192483,0.000192483,,19,98710,
6416729,02002,,0.000111438,0.000111438,,11,98710,
6416730,02002,,0.000283659,0.000283659,,28,98710,
6416731,02002,,0.000415358,0.000415358,,41,98710,
6416737,02002,,0.000131699,0.000131699,,13,98710,
6416738,02002,,0.016492757,0.016492757,,1628,98710,
6416743,02002,,0.000243136,0.000243136,,24,98710,
6416744,02002,,5.06534E-05,5.06534E-05,,5,98710,
6416745,02002,,0.024972141,0.024972141,,2465,98710,
6416749,02002,,0.000202614,0.000202614,,20,98710,
6416753,02002,,0.00044575,0.00044575,,44,98710,
6416754,02002,,3.03921E-05,3.03921E-05,,3,98710,
6416756,02002,,1.01307E-05,1.01307E-05,,1,98710,
6416757,02002,,2.02614E-05,2.02614E-05,,2,98710,
6416758,02002,,6.07841E-05,6.07841E-05,,6,98710,
6416759,02002,3.62299E-05,,3.62299E-05,30.36484281,,,838116
6416760,02002,0.003302448,,0.003302448,2767.834393,,,838116
6416761,02002,0.000969299,0.00015196,0.000883179,812.3846058,15,98710,838116
6416762,02002,7.12575E-05,0.000192483,8.40306E-05,59.72202155,19,98710,838116
6419866,02002,,3.03921E-05,3.03921E-05,,3,98710,
6419868,02002,1.59329E-05,,1.59329E-05,13.35363346,,,838116
6419869,02002,0.001519731,,0.001519731,1273.711256,,,838116
6419870,02002,0.000774078,,0.000774078,648.7669705,,,838116
6419871,02002,0.000231011,0.000324182,0.000240828,193.6142648,32,98710,838116
6419873,02002,,5.06534E-05,5.06534E-05,,5,98710,
6419874,02002,,0.000131699,0.000131699,,13,98710,
6419875,02002,,1.01307E-05,1.01307E-05,,1,98710,
6419877,02002,0.00116267,0.000233006,0.001064715,974.4525015,23,98710,838116
6419878,02002,0.004228816,0.000455881,0.003831276,3544.238587,45,98710,838116
6419879,02002,0.003830795,,0.003830795,3210.650298,,,838116
6419880,02002,0.009295415,,0.009295415,7790.636166,,,838116
6419881,02002,0.003309647,,0.003309647,2773.868385,,,838116
6419882,02002,0.001808855,,0.001808855,1516.030434,,,838116
6419883,02002,0.00893196,,0.00893196,7486.018372,,,838116
6419884,02002,0.006534807,,0.006534807,5476.926167,,,838116
6419885,02002,0.001323764,,0.001323764,1109.467882,,,838116
6419886,02002,0.000753972,,0.000753972,631.9163524,,,838116
6419887,02002,0.001285962,,0.001285962,1077.785215,,,838116
6419888,02002,0.003258275,,0.003258275,2730.812675,,,838116
6419889,02002,0.00622557,,0.00622557,5217.749411,,,838116
6419890,02002,0.009421316,,0.009421316,7896.155669,,,838116
6419891,02002,0.003583466,3.03921E-05,0.003209091,3003.36021,3,98710,838116
6419892,02002,0.000175183,,0.000175183,146.8236093,,,838116
6419893,02002,,0.000283659,0.000283659,,28,98710,
6419894,02002,,4.05227E-05,4.05227E-05,,4,98710,
6419899,02002,,0.010677743,0.010677743,,1054,98710,
6419900,02002,,0.000405227,0.000405227,,40,98710,
6419901,02002,,3.03921E-05,3.03921E-05,,3,98710,
6419902,02002,,5.06534E-05,5.06534E-05,,5,98710,
6419903,02002,,0.000172222,0.000172222,,17,98710,
6419904,02002,,9.11762E-05,9.11762E-05,,9,98710,
6419905,02002,,0.000425489,0.000425489,,42,98710,
6419906,02002,,6.07841E-05,6.07841E-05,,6,98710,
6419907,02002,,0.000192483,0.000192483,,19,98710,
6419908,02002,,0.000314051,0.000314051,,31,98710,
6419915,02002,,6.07841E-05,6.07841E-05,,6,98710,
6419920,02002,,3.03921E-05,3.03921E-05,,3,98710,
6419921,02002,,0.00015196,0.00015196,,15,98710,
6419922,02002,,0.000212744,0.000212744,,21,98710,
6419926,02002,,0.000303921,0.000303921,,30,98710,
6419928,02002,,0.00015196,0.00015196,,15,98710,
6419933,02002,,3.03921E-05,3.03921E-05,,3,98710,
6419937,02002,0.000485552,0.002086921,0.000654283,406.9490656,206,98710,838116
6419938,02002,0.00168074,,0.00168074,1408.654701,,,838116
6419939,02002,0.002145512,,0.002145512,1798.188349,,,838116
6419940,02002,0.001125893,4.05227E-05,0.001011532,943.6290236,4,98710,838116
6419941,02002,,0.000192483,0.000192483,,19,98710,
6423030,02002,,1.01307E-05,1.01307E-05,,1,98710,
6423044,02002,,0.000121568,0.000121568,,12,98710,
6423046,02002,,5.06534E-05,5.06534E-05,,5,98710,
6423047,02002,0.000156085,0.000101307,0.000150313,130.8170398,10,98710,838116
6423048,02002,0.00244205,,0.00244205,2046.721117,,,838116
6423049,02002,0.001663085,,0.001663085,1393.857972,,,838116
6423050,02002,7.69281E-06,0.000182352,2.60961E-05,6.447466592,18,98710,838116
6423051,02002,,0.000334313,0.000334313,,33,98710,
6423052,02002,,0.000172222,0.000172222,,17,98710,
6423054,02002,0.002993122,5.06534E-05,0.002683085,2508.583729,5,98710,838116
6423055,02002,0.006101021,0.000415358,0.005501943,5113.362931,41,98710,838116
6423056,02002,0.006118128,0.000131699,0.00548736,5127.701234,13,98710,838116
6423057,02002,0.007271969,,0.007271969,6094.753747,,,838116
6423058,02002,0.010682614,,0.010682614,8953.269662,,,838116
6423059,02002,0.005649898,,0.005649898,4735.270247,,,838116
6423060,02002,0.001628324,1.01307E-05,0.001457821,1364.724657,1,98710,838116
6423061,02002,0.00148154,,0.00148154,1241.702699,,,838116
6423062,02002,0.002324126,,0.002324126,1947.886882,,,838116
6423063,02002,0.000914806,,0.000914806,766.7131472,,,838116
6423064,02002,0.002677178,,0.002677178,2243.785467,,,838116
6423065,02002,0.001521877,,0.001521877,1275.509168,,,838116
6423066,02002,0.005992605,,0.005992605,5022.498251,,,838116
6423067,02002,0.00915289,,0.00915289,7671.183293,,,838116
6423068,02002,0.010592902,,0.010592902,8878.080371,,,838116
6423069,02002,0.009441137,0.000233006,0.008470909,7912.767819,23,98710,838116
6423070,02002,0.002033314,0.001874177,0.002016547,1704.153236,185,98710,838116
6423071,02002,0.000379589,,0.000379589,318.1396058,,,838116
6423074,02002,,0.002704893,0.002704893,,267,98710,
6423075,02002,,0.003930706,0.003930706,,388,98710,
6423077,02002,,0.000283659,0.000283659,,28,98710,
6423078,02002,,0.000303921,0.000303921,,30,98710,
6423080,02002,,0.000101307,0.000101307,,10,98710,
6423081,02002,,7.09148E-05,7.09148E-05,,7,98710,
6423082,02002,,1.01307E-05,1.01307E-05,,1,98710,
6423083,02002,,0.000202614,0.000202614,,20,98710,
6423084,02002,,4.05227E-05,4.05227E-05,,4,98710,
6423085,02002,,0.000466012,0.000466012,,46,98710,
6423086,02002,,9.11762E-05,9.11762E-05,,9,98710,
6423087,02002,,5.06534E-05,5.06534E-05,,5,98710,
6423088,02002,,0.000314051,0.000314051,,31,98710,
6423089,02002,,1.01307E-05,1.01307E-05,,1,98710,
6423091,02002,,1.01307E-05,1.01307E-05,,1,98710,
6423097,02002,,0.01077905,0.01077905,,1064,98710,
6423098,02002,,0.000131699,0.000131699,,13,98710,
6423100,02002,,0.000101307,0.000101307,,10,98710,
6423101,02002,,5.06534E-05,5.06534E-05,,5,98710,
6423102,02002,,0.001600648,0.001600648,,158,98710,
6423106,02002,,1.01307E-05,1.01307E-05,,1,98710,
6423107,02002,,9.11762E-05,9.11762E-05,,9,98710,
6423111,02002,,7.09148E-05,7.09148E-05,,7,98710,
6423115,02002,,4.05227E-05,4.05227E-05,,4,98710,
6423117,02002,1.8223E-05,,1.8223E-05,15.27297375,,,838116
6423118,02002,,0.012916624,0.012916624,,1275,98710,
6423119,02002,,4.05227E-05,4.05227E-05,,4,98710,
6426221,02002,,7.09148E-05,7.09148E-05,,7,98710,
6426222,02002,,1.01307E-05,1.01307E-05,,1,98710,
6426223,02002,,0.000800324,0.000800324,,79,98710,
6426224,02002,,0.000101307,0.000101307,,10,98710,
6426226,02002,0.000277434,0.00059771,0.00031118,232.5217353,59,98710,838116
6426227,02002,0.003245898,0.00015196,0.002919901,2720.439242,15,98710,838116
6426228,02002,0.000851954,0.000263398,0.00078994,714.0360702,26,98710,838116
6426229,02002,,0.000364705,0.000364705,,36,98710,
6426230,02002,,0.000283659,0.000283659,,28,98710,
6426231,02002,,0.009867288,0.009867288,,974,98710,
6426232,02002,0.001058749,0.00635194,0.001616474,887.354647,627,98710,838116
6426233,02002,0.006608809,,0.006608809,5538.948968,,,838116
6426234,02002,0.004985752,,0.004985752,4178.638918,,,838116
6426235,02002,0.004763366,,0.004763366,3992.253109,,,838116
6426236,02002,0.010025149,,0.010025149,8402.237393,,,838116
6426237,02002,0.00730548,,0.00730548,6122.840093,,,838116
6426238,02002,0.004233258,,0.004233258,3547.961117,,,838116
6426239,02002,0.004345813,,0.004345813,3642.295729,,,838116
6426240,02002,0.001669072,,0.001669072,1398.875591,,,838116
6426241,02002,0.001350177,,0.001350177,1131.604711,,,838116
6426242,02002,0.006163996,,0.006163996,5166.143694,,,838116
6426243,02002,0.008316304,,0.008316304,6970.027148,,,838116
6426244,02002,0.008515925,,0.008515925,7137.332859,,,838116
6426245,02002,0.00702482,,0.00702482,5887.614275,,,838116
6426246,02002,0.006019906,,0.006019906,5045.379657,,,838116
6426247,02002,0.002447726,,0.002447726,2051.478112,,,838116
6426248,02002,,0.000557188,0.000557188,,55,98710,
6426249,02002,,6.07841E-05,6.07841E-05,,6,98710,
6426250,02002,,0.020079019,0.020079019,,1982,98710,
6426254,02002,,0.000243136,0.000243136,,24,98710,
6426255,02002,,0.000111438,0.000111438,,11,98710,
6426256,02002,,0.00117516,0.00117516,,116,98710,
6426262,02002,,0.004801945,0.004801945,,474,98710,
6426263,02002,,0.000192483,0.000192483,,19,98710,
6426277,02002,,0.000101307,0.000101307,,10,98710,
6426280,02002,,0.000253267,0.000253267,,25,98710,
6426281,02002,,9.11762E-05,9.11762E-05,,9,98710,
6426284,02002,,0.004893121,0.004893121,,483,98710,
6426285,02002,,0.000557188,0.000557188,,55,98710,
6426286,02002,,0.000243136,0.000243136,,24,98710,
6426289,02002,,1.01307E-05,1.01307E-05,,1,98710,
6426292,02002,,1.01307E-05,1.01307E-05,,1,98710,
6426294,02002,,7.09148E-05,7.09148E-05,,7,98710,
6426295,02002,,0.000182352,0.000182352,,18,98710,
6426296,02002,,0.00044575,0.00044575,,44,98710,
6426297,02002,,3.03921E-05,3.03921E-05,,3,98710,
6429397,02002,,0.000101307,0.000101307,,10,98710,
6429398,02002,,0.000526796,0.000526796,,52,98710,
6429399,02002,,3.03921E-05,3.03921E-05,,3,98710,
6429404,02002,,2.02614E-05,2.02614E-05,,2,98710,
6429405,02002,0.000504374,0.000131699,0.000465106,422.7237326,13,98710,838116
6429406,02002,0.003212497,0.002968291,0.003186766,2692.444971,293,98710,838116
6429407,02002,,2.02614E-05,2.02614E-05,,2,98710,
6429409,02002,,7.09148E-05,7.09148E-05,,7,98710,
6429410,02002,0.00027766,2.02614E-05,0.000250538,232.7109708,2,98710,838116
6429411,02002,0.001042272,,0.001042272,873.5444912,,,838116
6429412,02002,0.006472539,,0.006472539,5424.738813,,,838116
6429413,02002,0.006899365,,0.006899365,5782.467946,,,838116
6429414,02002,0.008313832,,0.008313832,6967.95582,,,838116
6429415,02002,0.005982222,,0.005982222,5013.796199,,,838116
6429416,02002,0.005103061,,0.005103061,4276.957045,,,838116
6429417,02002,0.006864355,,0.006864355,5753.126148,,,838116
6429418,02002,0.00269362,,0.00269362,2257.565907,,,838116
6429419,02002,0.004515286,,0.004515286,3784.333712,,,838116
6429420,02002,0.005719143,,0.005719143,4793.305262,,,838116
6429421,02002,0.00604472,,0.00604472,5066.176673,,,838116
6429422,02002,0.002366387,,0.002366387,1983.306746,,,838116
6429423,02002,0.002268895,,0.002268895,1901.596994,,,838116
6429424,02002,0.003722185,,0.003722185,3119.622997,,,838116
6429425,02002,9.16835E-07,0.007405531,0.000781115,0.768414057,731,98710,838116
6429426,02002,,0.000172222,0.000172222,,17,98710,
6429427,02002,,3.03921E-05,3.03921E-05,,3,98710,
6429428,02002,,0.000850978,0.000850978,,84,98710,
6429429,02002,,0.000354574,0.000354574,,35,98710,
6429431,02002,,4.05227E-05,4.05227E-05,,4,98710,
6429432,02002,,4.05227E-05,4.05227E-05,,4,98710,
6429433,02002,,6.07841E-05,6.07841E-05,,6,98710,
6429455,02002,,0.00015196,0.00015196,,15,98710,
6429461,02002,,0.001195421,0.001195421,,118,98710,
6429462,02002,,0.000303921,0.000303921,,30,98710,
6429468,02002,,7.09148E-05,7.09148E-05,,7,98710,
6429469,02002,,8.10455E-05,8.10455E-05,,8,98710,
6429472,02002,,0.000162091,0.000162091,,16,98710,
6429473,02002,,0.001894438,0.001894438,,187,98710,
6429474,02002,,4.05227E-05,4.05227E-05,,4,98710,
6432575,02002,,0.000324182,0.000324182,,32,98710,
6432576,02002,,0.000607841,0.000607841,,60,98710,
6432582,02002,,0.000101307,0.000101307,,10,98710,
6432583,02002,0.000603995,4.05227E-05,0.000544624,506.2178174,4,98710,838116
6432584,02002,0.000337661,,0.000337661,282.9993273,,,838116
6432587,02002,0.000213196,1.01307E-05,0.0001918,178.6829638,1,98710,838116
6432588,02002,0.003109811,,0.003109811,2606.382726,,,838116
6432589,02002,0.005331967,,0.005331967,4468.807206,,,838116
6432590,02002,0.007587499,,0.007587499,6359.204481,,,838116
6432591,02002,0.006933168,,0.006933168,5810.798865,,,838116
6432592,02002,0.007648062,,0.007648062,6409.963268,,,838116
6432593,02002,0.006311969,,0.006311969,5290.161972,,,838116
6432594,02002,0.004528801,,0.004528801,3795.660966,,,838116
6432595,02002,0.004399094,,0.004399094,3686.950947,,,838116
6432596,02002,0.002337365,,0.002337365,1958.983303,,,838116
6432597,02002,0.006131661,,0.006131661,5139.043076,,,838116
6432598,02002,0.005244942,,0.005244942,4395.869825,,,838116
6432599,02002,0.005082983,,0.005082983,4260.129135,,,838116
6432600,02002,0.00278765,,0.00278765,2336.37416,,,838116
6432601,02002,0.006603037,,0.006603037,5534.111317,,,838116
6432602,02002,0.000267924,,0.000267924,224.5516696,,,838116
6432603,02002,9.80686E-07,0.000769932,8.20023E-05,0.821928598,76,98710,838116
6432604,02002,,0.000172222,0.000172222,,17,98710,
6432605,02002,,4.05227E-05,4.05227E-05,,4,98710,
6432606,02002,,0.000192483,0.000192483,,19,98710,
6432607,02002,,0.000131699,0.000131699,,13,98710,
6432609,02002,,2.02614E-05,2.02614E-05,,2,98710,
6432610,02002,,0.000131699,0.000131699,,13,98710,
6432611,02002,,2.02614E-05,2.02614E-05,,2,98710,
6432617,02002,,5.06534E-05,5.06534E-05,,5,98710,
6432640,02002,,0.000202614,0.000202614,,20,98710,
6432641,02002,,0.000283659,0.000283659,,28,98710,
6432642,02002,,0.000202614,0.000202614,,20,98710,
6432644,02002,,4.05227E-05,4.05227E-05,,4,98710,
6432645,02002,,0.005115996,0.005115996,,505,98710,
6432646,02002,,5.06534E-05,5.06534E-05,,5,98710,
6432647,02002,,0.000172222,0.000172222,,17,98710,
6432648,02002,,0.000131699,0.000131699,,13,98710,
6432649,02002,,2.02614E-05,2.02614E-05,,2,98710,
6432650,02002,,0.000253267,0.000253267,,25,98710,
6432652,02002,,0.000607841,0.000607841,,60,98710,
6432653,02002,,0.00014183,0.00014183,,14,98710,
6435754,02002,,0.00029379,0.00029379,,29,98710,
6435758,02002,,4.05227E-05,4.05227E-05,,4,98710,
6435759,02002,,5.06534E-05,5.06534E-05,,5,98710,
6435760,02002,8.04108E-07,0.000131699,1.4596E-05,0.673935548,13,98710,838116
6435761,02002,0.001750646,,0.001750646,1467.244735,,,838116
6435762,02002,0.004295349,,0.004295349,3600.000583,,,838116
6435763,02002,0.001981403,2.02614E-05,0.001774765,1660.645715,2,98710,838116
6435764,02002,0.002096661,0.003292473,0.00222266,1757.245321,325,98710,838116
6435765,02002,5.97999E-05,,5.97999E-05,50.11921854,,,838116
6435766,02002,0.004699264,,0.004699264,3938.528463,,,838116
6435767,02002,0.008554938,,0.008554938,7170.03022,,,838116
6435768,02002,0.004913298,,0.004913298,4117.913962,,,838116
6435769,02002,0.004471084,,0.004471084,3747.287358,,,838116
6435770,02002,0.00410827,,0.00410827,3443.207174,,,838116
6435771,02002,0.00335419,,0.00335419,2811.200204,,,838116
6435772,02002,0.002690184,,0.002690184,2254.686126,,,838116
6435773,02002,0.004510856,,0.004510856,3780.620735,,,838116
6435774,02002,0.002437848,,0.002437848,2043.199023,,,838116
6435775,02002,0.006833177,,0.006833177,5726.995225,,,838116
6435776,02002,0.005981347,,0.005981347,5013.062531,,,838116
6435777,02002,0.004146207,,0.004146207,3475.002834,,,838116
6435778,02002,0.004131277,,0.004131277,3462.489763,,,838116
6435779,02002,0.006803028,0.000131699,0.006100094,5701.726929,13,98710,838116
6435780,02002,0.001073796,,0.001073796,899.965855,,,838116
6435781,02002,,0.000233006,0.000233006,,23,98710,
6435782,02002,,0.000506534,0.000506534,,50,98710,
6435783,02002,,0.00014183,0.00014183,,14,98710,
6435784,02002,,0.000162091,0.000162091,,16,98710,
6435785,02002,,0.000101307,0.000101307,,10,98710,
6435786,02002,,0.001165029,0.001165029,,115,98710,
6435787,02002,,0.000121568,0.000121568,,12,98710,
6435794,02002,,2.02614E-05,2.02614E-05,,2,98710,
6435801,02002,,1.01307E-05,1.01307E-05,,1,98710,
6435824,02002,,2.02614E-05,2.02614E-05,,2,98710,
6435825,02002,,1.01307E-05,1.01307E-05,,1,98710,
6438933,02002,,6.07841E-05,6.07841E-05,,6,98710,
6438934,02002,,6.07841E-05,6.07841E-05,,6,98710,
6438936,02002,,0.000850978,0.000850978,,84,98710,
6438937,02002,,4.05227E-05,4.05227E-05,,4,98710,
6438938,02002,0.001878074,,0.001878074,1574.044147,,,838116
6438939,02002,0.003498241,,0.003498241,2931.931737,,,838116
6438940,02002,0.006023904,,0.006023904,5048.730412,,,838116
6438941,02002,0.006092035,,0.006092035,5105.832136,,,838116
6438942,02002,0.000897983,0.000830716,0.000890896,752.6143364,82,98710,838116
6438943,02002,0.000202006,0.001823523,0.00037286,169.3048593,180,98710,838116
6438944,02002,0.007055793,,0.007055793,5913.573073,,,838116
6438945,02002,0.007185669,,0.007185669,6022.423912,,,838116
6438946,02002,0.004063966,,0.004063966,3406.074786,,,838116
6438947,02002,0.004431551,,0.004431551,3714.153948,,,838116
6438948,02002,0.003970257,,0.003970257,3327.536103,,,838116
6438949,02002,0.00226959,,0.00226959,1902.179412,,,838116
6438950,02002,0.003870592,,0.003870592,3244.005229,,,838116
6438951,02002,0.004379448,,0.004379448,3670.485559,,,838116
6438952,02002,0.005426783,,0.005426783,4548.273503,,,838116
6438953,02002,0.006584832,,0.006584832,5518.852924,,,838116
6438954,02002,0.00689131,,0.00689131,5775.717154,,,838116
6438955,02002,0.002210065,,0.002210065,1852.290777,,,838116
6438956,02002,0.001719603,,0.001719603,1441.226982,,,838116
6438957,02002,0.00485686,4.05227E-05,0.00434938,4070.612089,4,98710,838116
6438958,02002,0.000640515,7.09148E-05,0.000580498,536.8255425,7,98710,838116
6438959,02002,1.24075E-05,0.004761422,0.000512794,10.39889081,470,98710,838116
6438960,02002,,0.004660115,0.004660115,,460,98710,
6438961,02002,,0.000466012,0.000466012,,46,98710,
6438962,02002,,5.06534E-05,5.06534E-05,,5,98710,
6438963,02002,,0.000172222,0.000172222,,17,98710,
6438964,02002,,0.000162091,0.000162091,,16,98710,
6438965,02002,,0.00015196,0.00015196,,15,98710,
6439002,02002,,1.01307E-05,1.01307E-05,,1,98710,
6442109,02002,,1.01307E-05,1.01307E-05,,1,98710,
6442113,02002,,0.000182352,0.000182352,,18,98710,
6442114,02002,,9.11762E-05,9.11762E-05,,9,98710,
6442116,02002,0.000311801,2.02614E-05,0.000281082,261.3251354,2,98710,838116
6442117,02002,0.002592783,,0.002592783,2173.052841,,,838116
6442118,02002,0.002048354,,0.002048354,1716.757995,,,838116
6442119,02002,0.00120399,4.05227E-05,0.0010814,1009.083336,4,98710,838116
6442120,02002,0.000583988,,0.000583988,489.4499302,,,838116
6442121,02002,0.001145593,,0.001145593,960.1401068,,,838116
6442122,02002,0.004653893,,0.004653893,3900.501828,,,838116
6442123,02002,0.005875441,,0.005875441,4924.301157,,,838116
6442124,02002,0.004880411,,0.004880411,4090.350295,,,838116
6442125,02002,0.004468531,,0.004468531,3745.147525,,,838116
6442126,02002,0.004140494,,0.004140494,3470.214381,,,838116
6442127,02002,0.0022646,,0.0022646,1897.997805,,,838116
6442128,02002,0.005040269,,0.005040269,4224.329797,,,838116
6442129,02002,0.004413033,,0.004413033,3698.633431,,,838116
6442130,02002,0.004596159,,0.004596159,3852.114718,,,838116
6442131,02002,0.006566482,,0.006566482,5503.47369,,,838116
6442132,02002,0.005952879,,0.005952879,4989.202978,,,838116
6442133,02002,0.002197518,,0.002197518,1841.774836,,,838116
6442134,02002,0.000634643,,0.000634643,531.9044613,,,838116
6442135,02002,0.001619304,,0.001619304,1357.16445,,,838116
6442136,02002,0.00087396,,0.00087396,732.4799817,,,838116
6442137,02002,0.000356367,0.000233006,0.000343368,298.6765284,23,98710,838116
6442141,02002,,9.11762E-05,9.11762E-05,,9,98710,
6442142,02002,,0.00014183,0.00014183,,14,98710,
6442143,02002,,2.02614E-05,2.02614E-05,,2,98710,
6445288,02002,,1.01307E-05,1.01307E-05,,1,98710,
6445290,02002,,5.06534E-05,5.06534E-05,,5,98710,
6445292,02002,,8.10455E-05,8.10455E-05,,8,98710,
6445294,02002,0.000161656,,0.000161656,135.4867702,,,838116
6445295,02002,0.002190953,,0.002190953,1836.273072,,,838116
6445296,02002,8.35517E-07,0.000212744,2.31636E-05,0.700259896,21,98710,838116
6445297,02002,0.000280759,8.10455E-05,0.000259716,235.3083816,8,98710,838116
6445298,02002,0.003259908,,0.003259908,2732.180763,,,838116
6445299,02002,0.009927498,,0.009927498,8320.394788,,,838116
6445300,02002,0.010168483,,0.010168483,8522.368665,,,838116
6445301,02002,0.008516736,,0.008516736,7138.012387,,,838116
6445302,02002,0.005980835,,0.005980835,5012.633521,,,838116
6445303,02002,0.004115175,,0.004115175,3448.993979,,,838116
6445304,02002,0.006264142,,0.006264142,5250.077772,,,838116
6445305,02002,0.004003966,,0.004003966,3355.787767,,,838116
6445306,02002,0.003839373,,0.003839373,3217.840358,,,838116
6445307,02002,0.003818613,,0.003818613,3200.440782,,,838116
6445308,02002,0.004361997,,0.004361997,3655.859282,,,838116
6445309,02002,0.005696801,,0.005696801,4774.580165,,,838116
6445310,02002,0.005096501,,0.005096501,4271.459131,,,838116
6445311,02002,0.005419354,,0.005419354,4542.047423,,,838116
6445312,02002,0.00540499,,0.00540499,4530.008715,,,838116
6445313,02002,0.004258137,,0.004258137,3568.813116,,,838116
6445314,02002,0.001524888,,0.001524888,1278.032639,,,838116
6445315,02002,0.000110011,0.000253267,0.000125105,92.20199815,25,98710,838116
6445316,02002,,2.02614E-05,2.02614E-05,,2,98710,
6445317,02002,,0.003120251,0.003120251,,308,98710,
6445318,02002,,0.000121568,0.000121568,,12,98710,
6445319,02002,,0.000496404,0.000496404,,49,98710,
6448469,02002,,0.000182352,0.000182352,,18,98710,
6448472,02002,,6.07841E-05,6.07841E-05,,6,98710,
6448473,02002,,4.05227E-05,4.05227E-05,,4,98710,
6448475,02002,5.68459E-05,0.000729409,0.000127711,47.64345219,72,98710,838116
6448476,02002,0.001870368,,0.001870368,1567.585671,,,838116
6448477,02002,0.005871706,,0.005871706,4921.170952,,,838116
6448478,02002,0.004965054,,0.004965054,4161.291378,,,838116
6448479,02002,0.003884084,,0.003884084,3255.313047,,,838116
6448480,02002,0.002996456,,0.002996456,2511.377475,,,838116
6448481,02002,0.00187907,,0.00187907,1574.879033,,,838116
6448482,02002,0.000830263,,0.000830263,695.8565804,,,838116
6448483,02002,0.001064407,,0.001064407,892.0969256,,,838116
6448484,02002,0.001333419,,0.001333419,1117.56021,,,838116
6448485,02002,0.00193347,,0.00193347,1620.471805,,,838116
6448486,02002,0.002994244,,0.002994244,2509.5242,,,838116
6448487,02002,0.003106191,,0.003106191,2603.348023,,,838116
6448488,02002,0.002881503,,0.002881503,2415.033533,,,838116
6448489,02002,0.002012421,,0.002012421,1686.642411,,,838116
6448490,02002,0.001566448,,0.001566448,1312.864866,,,838116
6448491,02002,0.00013998,,0.00013998,117.319204,,,838116
6448494,02002,,0.001256205,0.001256205,,124,98710,
6448495,02002,,3.03921E-05,3.03921E-05,,3,98710,