GRIDCODE,CVENTMUN,Furb,Frur,Fpob,Purb_T,Prur_T,P_T,
5864577,08037,,0.043563579,0.043563579,,7644,333,7644
5870952,08037,,0.177786499,0.177786499,,7644,1359,7644
5874119,08037,0,,0,1324497,,0,1324497
5874120,08037,4.2786E-05,,4.2786E-05,1324497,,56.66997082,1324497
5874121,08037,1.34122E-06,,1.34122E-06,1324497,,1.776435564,1324497
5877297,08037,0.000117463,,0.000117463,1324497,,155.5794125,1324497
5877298,08037,0.000592789,,0.000592789,1324497,,785.1478418,1324497
5877299,08037,3.29419E-06,,3.29419E-06,1324497,,4.363138501,1324497
5877306,08037,4.94964E-07,,4.94964E-07,1324497,,0.65557777,1324497
5880449,08037,,0.000523286,0.000523286,,7644,4,7644
5880474,08037,5.28393E-06,,5.28393E-06,1324497,,6.998554539,1324497
5880475,08037,5.85776E-05,,5.85776E-05,1324497,,77.5857919,1324497
5880476,08037,0.001414145,,0.001414145,1324497,,1873.031053,1324497
5880477,08037,0.003528924,,0.003528924,1324497,,4674.049477,1324497
5880478,08037,0.000177952,,0.000177952,1324497,,235.6970454,1324497
5880479,08037,2.58926E-07,,2.58926E-07,1324497,,0.342947035,1324497
5880484,08037,0.000802501,,0.000802501,1324497,,1062.910073,1324497
5880485,08037,0.00060301,,0.00060301,1324497,,798.6855728,1324497
5883627,08037,,0.000784929,0.000784929,,7644,6,7644
5883628,08037,,0.000784929,0.000784929,,7644,6,7644
5883652,08037,4.3911E-06,,4.3911E-06,1324497,,5.815998099,1324497
5883653,08037,0.000397862,,0.000397862,1324497,,526.9667999,1324497
5883654,08037,0.001538608,,0.001538608,1324497,,2037.881911,1324497
5883655,08037,0.001609174,,0.001609174,1324497,,2131.345847,1324497
5883656,08037,0.003839159,,0.003839159,1324497,,5084.954167,1324497
5883657,08037,0.001164374,,0.001164374,1324497,,1542.209459,1324497
5883662,08037,0.000889189,,0.000889189,1324497,,1177.728785,1324497
5883663,08037,0.000297142,,0.000297142,1324497,,393.5641533,1324497
5886822,08037,,0.000261643,0.000261643,,7644,2,7644
5886830,08037,1.7028E-05,,1.7028E-05,1324497,,22.55353411,1324497
5886831,08037,0.000432909,,0.000432909,1324497,,573.3866202,1324497
5886832,08037,0.000362018,,0.000362018,1324497,,479.491526,1324497
5886833,08037,0.000339876,,0.000339876,1324497,,450.1645507,1324497
5886834,08037,0.001306935,,0.001306935,1324497,,1731.031509,1324497
5886835,08037,0.004353756,,0.004353756,1324497,,5766.536701,1324497
5886836,08037,1.49192E-06,,1.49192E-06,1324497,,1.976039564,1324497
5886840,08037,3.7267E-05,,3.7267E-05,1324497,,49.35997595,1324497
5886841,08037,7.23551E-08,,7.23551E-08,1324497,,0.095834067,1324497
5890000,08037,,0.001439037,0.001439037,,7644,11,7644
5890007,08037,0.000819231,,0.000819231,1324497,,1085.069115,1324497
5890008,08037,0.002764487,,0.002764487,1324497,,3661.555093,1324497
5890009,08037,1.53965E-05,,1.53965E-05,1324497,,20.39256078,1324497
5890010,08037,0.000196092,,0.000196092,1324497,,259.7227929,1324497
5890011,08037,0.000278042,,0.000278042,1324497,,368.2662526,1324497
5890012,08037,0.001226541,,0.001226541,1324497,,1624.550103,1324497
5890013,08037,0.004428195,,0.004428195,1324497,,5865.131288,1324497
5890014,08037,0.001270385,,0.001270385,1324497,,1682.620933,1324497
5893167,08037,,0.000261643,0.000261643,,7644,2,7644
5893168,08037,,0.000130822,0.000130822,,7644,1,7644
5893170,08037,,0.000130822,0.000130822,,7644,1,7644
5893172,08037,,0.000130822,0.000130822,,7644,1,7644
5893176,08037,6.77573E-06,,6.77573E-06,1324497,,8.974428856,1324497
5893177,08037,3.53842E-05,,3.53842E-05,1324497,,46.86626637,1324497
5893178,08037,1.43891E-05,,1.43891E-05,1324497,,19.05827297,1324497
5893179,08037,3.53396E-06,,3.53396E-06,1324497,,4.680721131,1324497
5893184,08037,0.000109431,,0.000109431,1324497,,144.9414138,1324497
5893185,08037,0.002973394,,0.002973394,1324497,,3938.251629,1324497
5893186,08037,0.002839604,,0.002839604,1324497,,3761.047495,1324497
5893187,08037,0.000345904,,0.000345904,1324497,,458.1493541,1324497
5893188,08037,0.000746989,,0.000746989,1324497,,989.3850051,1324497
5893189,08037,0.000627543,,0.000627543,1324497,,831.1786331,1324497
5893190,08037,0.002802433,,0.002802433,1324497,,3711.814329,1324497
5893191,08037,0.001005148,,0.001005148,1324497,,1331.315508,1324497
5893192,08037,0.000743006,,0.000743006,1324497,,984.1088324,1324497
5893195,08037,,0.283751962,0.283751962,,7644,2169,7644
5896345,08037,,0.000523286,0.000523286,,7644,4,7644
5896349,08037,,0.000130822,0.000130822,,7644,1,7644
5896350,08037,7.14115E-06,,7.14115E-06,1324497,,9.458431368,1324497
5896351,08037,7.35181E-06,,7.35181E-06,1324497,,9.737446454,1324497
5896354,08037,5.18229E-05,,5.18229E-05,1324497,,68.63926817,1324497
5896355,08037,8.41137E-05,,8.41137E-05,1324497,,111.4083701,1324497
5896356,08037,5.34919E-05,,5.34919E-05,1324497,,70.8498708,1324497
5896357,08037,3.00692E-05,,3.00692E-05,1324497,,39.82662078,1324497
5896358,08037,7.37121E-06,,7.37121E-06,1324497,,9.763147701,1324497
5896361,08037,8.98806E-05,,8.98806E-05,1324497,,119.046564,1324497
5896362,08037,0.001427776,,0.001427776,1324497,,1891.085218,1324497
5896363,08037,0.004120389,,0.004120389,1324497,,5457.443286,1324497
5896364,08037,0.001061495,,0.001061495,1324497,,1405.94698,1324497
5896365,08037,0.004685771,,0.004685771,1324497,,6206.289575,1324497
5896366,08037,0.006881041,,0.006881041,1324497,,9113.918527,1324497
5896367,08037,0.003272962,,0.003272962,1324497,,4335.027967,1324497
5896368,08037,0.002708485,,0.002708485,1324497,,3587.379852,1324497
5896369,08037,0.000515157,,0.000515157,1324497,,682.3240346,1324497
5896370,08037,0.000576966,,0.000576966,1324497,,764.1891568,1324497
5896371,08037,0.001131096,,0.001131096,1324497,,1498.133484,1324497
5896372,08037,0.000149163,,0.000149163,1324497,,197.5662336,1324497
5899525,08037,,0.000915751,0.000915751,,7644,7,7644
5899526,08037,4.39019E-07,,4.39019E-07,1324497,,0.581479863,1324497
5899528,08037,4.06642E-05,,4.06642E-05,1324497,,53.85967651,1324497
5899529,08037,0.000109198,,0.000109198,1324497,,144.6320378,1324497
5899530,08037,1.05247E-05,,1.05247E-05,1324497,,13.9399942,1324497
5899532,08037,6.15974E-05,,6.15974E-05,1324497,,81.5855426,1324497
5899533,08037,9.23811E-05,,9.23811E-05,1324497,,122.358466,1324497
5899534,08037,8.5126E-05,,8.5126E-05,1324497,,112.7491667,1324497
5899535,08037,6.97891E-05,,6.97891E-05,1324497,,92.43542067,1324497
5899536,08037,4.46035E-05,,4.46035E-05,1324497,,59.07726226,1324497
5899537,08037,4.15727E-05,,4.15727E-05,1324497,,55.06286121,1324497
5899538,08037,0.000245165,,0.000245165,1324497,,324.7203883,1324497
5899539,08037,0.00222498,,0.00222498,1324497,,2946.979517,1324497
5899540,08037,0.003698507,,0.003698507,1324497,,4898.661721,1324497
5899541,08037,0.006275608,,0.006275608,1324497,,8312.023946,1324497
5899542,08037,0.006705934,,0.006705934,1324497,,8881.988879,1324497
5899543,08037,0.003915013,,0.003915013,1324497,,5185.42339,1324497
5899544,08037,0.00708817,,0.00708817,1324497,,9388.260382,1324497
5899545,08037,0.007946223,,0.007946223,1324497,,10524.74839,1324497
5899546,08037,0.005355236,,0.005355236,1324497,,7092.993791,1324497
5899547,08037,0.000914955,,0.000914955,1324497,,1211.855574,1324497
5899548,08037,0.000657908,,0.000657908,1324497,,871.397378,1324497
5899549,08037,0.002786536,,0.002786536,1324497,,3690.757925,1324497
5899550,08037,0.00282851,,0.00282851,1324497,,3746.352895,1324497
5899551,08037,0.00086533,,0.00086533,1324497,,1146.127204,1324497
5902701,08037,,0.000130822,0.000130822,,7644,1,7644
5902703,08037,1.59085E-05,0.001439037,2.40745E-05,1324497,7644,32.0706943,1332141
5902704,08037,0.000535978,,0.000535978,1324497,,709.9006138,1324497
5902705,08037,1.71278E-05,,1.71278E-05,1324497,,22.68568107,1324497
5902706,08037,8.54278E-06,,8.54278E-06,1324497,,11.31488536,1324497
5902707,08037,0.000331634,,0.000331634,1324497,,439.2477137,1324497
5902708,08037,0.000132826,,0.000132826,1324497,,175.9271029,1324497
5902709,08037,0.00011518,,0.00011518,1324497,,152.5552349,1324497
5902710,08037,0.000116458,,0.000116458,1324497,,154.248238,1324497
5902711,08037,0.000122108,,0.000122108,1324497,,161.7318919,1324497
5902712,08037,0.000202558,,0.000202558,1324497,,268.2874287,1324497
5902713,08037,0.000152157,,0.000152157,1324497,,201.5308674,1324497
5902714,08037,0.000127954,,0.000127954,1324497,,169.4750383,1324497
5902715,08037,0.000195285,,0.000195285,1324497,,258.6547208,1324497
5902716,08037,0.001354699,,0.001354699,1324497,,1794.294316,1324497
5902717,08037,0.00345898,,0.00345898,1324497,,4581.409038,1324497
5902718,08037,0.001829767,,0.001829767,1324497,,2423.521157,1324497
5902719,08037,0.002996972,,0.002996972,1324497,,3969.479942,1324497
5902720,08037,0.004453918,,0.004453918,1324497,,5899.201502,1324497
5902721,08037,0.002374601,,0.002374601,1324497,,3145.151785,1324497
5902722,08037,0.003341122,,0.003341122,1324497,,4425.305737,1324497
5902723,08037,0.006957678,,0.006957678,1324497,,9215.423802,1324497
5902724,08037,0.005199931,,0.005199931,1324497,,6887.293036,1324497
5902725,08037,0.005047512,,0.005047512,1324497,,6685.414402,1324497
5902726,08037,0.001655675,,0.001655675,1324497,,2192.936376,1324497
5902727,08037,0.001461604,,0.001461604,1324497,,1935.890595,1324497
5902728,08037,0.002955915,,0.002955915,1324497,,3915.100445,1324497
5902729,08037,0.000738172,,0.000738172,1324497,,977.7064754,1324497
5905876,08037,,0.000915751,0.000915751,,7644,7,7644
5905878,08037,,0.000130822,0.000130822,,7644,1,7644
5905880,08037,3.54453E-05,,3.54453E-05,1324497,,46.94712978,1324497
5905881,08037,8.98761E-06,,8.98761E-06,1324497,,11.9040684,1324497
5905882,08037,0.000444363,,0.000444363,1324497,,588.5577662,1324497
5905883,08037,0.000286828,,0.000286828,1324497,,379.9031516,1324497
5905884,08037,0.000715461,,0.000715461,1324497,,947.6259261,1324497
5905885,08037,0.001356434,,0.001356434,1324497,,1796.592159,1324497
5905886,08037,0.000136747,,0.000136747,1324497,,181.1209157,1324497
5905887,08037,0.000170947,,0.000170947,1324497,,226.4193625,1324497
5905888,08037,0.000210777,,0.000210777,1324497,,279.1738541,1324497
5905889,08037,0.000305103,,0.000305103,1324497,,404.1073862,1324497
5905890,08037,0.000783194,,0.000783194,1324497,,1037.338463,1324497
5905891,08037,0.002304002,,0.002304002,1324497,,3051.644058,1324497
5905892,08037,0.001197636,,0.001197636,1324497,,1586.264702,1324497
5905893,08037,0.000208976,,0.000208976,1324497,,276.7886865,1324497
5905894,08037,0.002012379,,0.002012379,1324497,,2665.390313,1324497
5905895,08037,0.002297566,,0.002297566,1324497,,3043.118937,1324497
5905896,08037,0.003222509,,0.003222509,1324497,,4268.203931,1324497
5905897,08037,0.004653924,,0.004653924,1324497,,6164.108126,1324497
5905898,08037,0.003787209,,0.003787209,1324497,,5016.147572,1324497
5905899,08037,0.006283191,,0.006283191,1324497,,8322.06793,1324497
5905900,08037,0.002681765,,0.002681765,1324497,,3551.989603,1324497
5905901,08037,0.003738987,,0.003738987,1324497,,4952.276798,1324497
5905902,08037,0.005751952,,0.005751952,1324497,,7618.442731,1324497
5905903,08037,0.006779668,,0.006779668,1324497,,8979.650023,1324497
5905904,08037,0.003682989,,0.003682989,1324497,,4878.107733,1324497
5905905,08037,0.002267363,,0.002267363,1324497,,3003.114972,1324497
5905906,08037,0.002698685,,0.002698685,1324497,,3574.399686,1324497
5905907,08037,0.000203761,,0.000203761,1324497,,269.8813834,1324497
5909053,08037,,0.000392465,0.000392465,,7644,3,7644
5909054,08037,,0.000915751,0.000915751,,7644,7,7644
5909055,08037,,0.012689691,0.012689691,,7644,97,7644
5909056,08037,,0.000130822,0.000130822,,7644,1,7644
5909057,08037,0.000114093,0.001046572,0.000119444,1324497,7644,159.1160846,1332141
5909058,08037,0.000378711,,0.000378711,1324497,,501.6009921,1324497
5909059,08037,0.000471019,0.001439037,0.000476574,1324497,7644,634.8638455,1332141
5909060,08037,9.25028E-05,0.000654108,9.57254E-05,1324497,7644,127.519672,1332141
5909061,08037,0.000975544,,0.000975544,1324497,,1292.105455,1324497
5909062,08037,0.000759748,,0.000759748,1324497,,1006.28373,1324497
5909063,08037,0.000508788,,0.000508788,1324497,,673.8884808,1324497
5909064,08037,0.000219413,0.000130822,0.000218904,1324497,7644,291.6113914,1332141
5909065,08037,9.98605E-05,0.000523286,0.00010229,1324497,7644,136.2649072,1332141
5909066,08037,2.45355E-06,0.000915751,7.69417E-06,1324497,7644,10.24972483,1332141
5909067,08037,0.000622068,,0.000622068,1324497,,823.9266602,1324497
5909068,08037,0.000555406,,0.000555406,1324497,,735.6329777,1324497
5909069,08037,0.002693905,,0.002693905,1324497,,3568.068493,1324497
5909070,08037,0.002297893,,0.002297893,1324497,,3043.551909,1324497
5909071,08037,0.000302929,,0.000302929,1324497,,401.2289668,1324497
5909072,08037,0.002021989,,0.002021989,1324497,,2678.118504,1324497
5909073,08037,0.002751482,,0.002751482,1324497,,3644.329055,1324497
5909074,08037,0.005028126,,0.005028126,1324497,,6659.737592,1324497
5909075,08037,0.005993091,,0.005993091,1324497,,7937.830577,1324497
5909076,08037,0.003595074,,0.003595074,1324497,,4761.664902,1324497
5909077,08037,0.007334924,,0.007334924,1324497,,9715.084716,1324497
5909078,08037,0.007923099,,0.007923099,1324497,,10494.12049,1324497
5909079,08037,0.001447677,,0.001447677,1324497,,1917.443953,1324497
5909080,08037,0.003600454,,0.003600454,1324497,,4768.79069,1324497
5909081,08037,0.00517817,,0.00517817,1324497,,6858.47071,1324497
5909082,08037,0.002712657,,0.002712657,1324497,,3592.906556,1324497
5909083,08037,0.00405259,,0.00405259,1324497,,5367.643303,1324497
5909084,08037,0.002889722,,0.002889722,1324497,,3827.427862,1324497
5909085,08037,0.000106963,,0.000106963,1324497,,141.6727989,1324497
5912231,08037,,0.000392465,0.000392465,,7644,3,7644
5912235,08037,7.07453E-05,0.000915751,7.55941E-05,1324497,7644,100.7019889,1332141
5912236,08037,0.000301331,,0.000301331,1324497,,399.1122235,1324497
5912237,08037,0.000133301,,0.000133301,1324497,,176.5572128,1324497
5912238,08037,1.83426E-06,0.000392465,4.07575E-06,1324497,7644,5.429476789,1332141
5912239,08037,1.6785E-05,,1.6785E-05,1324497,,22.23170655,1324497
5912241,08037,6.2342E-05,,6.2342E-05,1324497,,82.57185427,1324497
5912242,08037,1.54728E-05,,1.54728E-05,1324497,,20.49366909,1324497
5912243,08037,,0.000392465,0.000392465,,7644,3,7644
5912244,08037,0,,0,1324497,,0,1324497
5912245,08037,1.07679E-06,,1.07679E-06,1324497,,1.426207416,1324497
5912246,08037,0.00029398,,0.00029398,1324497,,389.3753522,1324497
5912247,08037,0.001543794,,0.001543794,1324497,,2044.750366,1324497
5912248,08037,0.003034937,,0.003034937,1324497,,4019.764417,1324497
5912249,08037,0.000429149,,0.000429149,1324497,,568.4069644,1324497
5912250,08037,0.000940408,,0.000940408,1324497,,1245.567753,1324497
5912251,08037,0.00293366,,0.00293366,1324497,,3885.623833,1324497
5912252,08037,0.005381521,,0.005381521,1324497,,7127.80829,1324497
5912253,08037,0.007255456,,0.007255456,1324497,,9609.829777,1324497
5912254,08037,0.004903291,,0.004903291,1324497,,6494.394878,1324497
5912255,08037,0.006288074,,0.006288074,1324497,,8328.53515,1324497
5912256,08037,0.005571133,,0.005571133,1324497,,7378.949072,1324497
5912257,08037,0.006793746,,0.006793746,1324497,,8998.296419,1324497
5912258,08037,0.002587628,,0.002587628,1324497,,3427.306154,1324497
5912259,08037,0.002219043,,0.002219043,1324497,,2939.115231,1324497
5912260,08037,0.002218273,,0.002218273,1324497,,2938.095569,1324497
5912261,08037,0.003002395,,0.003002395,1324497,,3976.663017,1324497
5912262,08037,0.001540337,,0.001540337,1324497,,2040.171352,1324497
5915413,08037,3.49179E-06,,3.49179E-06,1324497,,4.624858926,1324497
5915414,08037,0.000105832,,0.000105832,1324497,,140.1745113,1324497
5915415,08037,9.7793E-05,,9.7793E-05,1324497,,129.5264734,1324497
5915416,08037,1.99965E-06,,1.99965E-06,1324497,,2.648524508,1324497
5915423,08037,1.03843E-07,,1.03843E-07,1324497,,0.137540153,1324497
5915424,08037,0.001012424,,0.001012424,1324497,,1340.952249,1324497
5915425,08037,0.001103973,,0.001103973,1324497,,1462.209569,1324497
5915426,08037,0.002253706,,0.002253706,1324497,,2985.027409,1324497
5915427,08037,0.000960744,,0.000960744,1324497,,1272.501954,1324497
5915428,08037,0.000230629,,0.000230629,1324497,,305.4675224,1324497
5915429,08037,0.000441291,,0.000441291,1324497,,584.4882798,1324497
5915430,08037,0.005940784,,0.005940784,1324497,,7868.550367,1324497
5915431,08037,0.005906754,,0.005906754,1324497,,7823.478458,1324497
5915432,08037,0.005269331,,0.005269331,1324497,,6979.213311,1324497
5915433,08037,0.007953603,,0.007953603,1324497,,10534.52309,1324497
5915434,08037,0.007427582,,0.007427582,1324497,,9837.809568,1324497
5915435,08037,0.004985651,,0.004985651,1324497,,6603.479635,1324497
5915436,08037,0.003072054,,0.003072054,1324497,,4068.926468,1324497
5915437,08037,0.00117245,,0.00117245,1324497,,1552.906504,1324497
5915438,08037,0.000216518,,0.000216518,1324497,,286.7768478,1324497
5915439,08037,0.000145182,,0.000145182,1324497,,192.2933528,1324497
5915440,08037,4.42719E-06,,4.42719E-06,1324497,,5.863803402,1324497
5918589,08037,,0.000261643,0.000261643,,7644,2,7644
5918592,08037,1.67725E-07,,1.67725E-07,1324497,,0.222151318,1324497
5918603,08037,0.00071794,,0.00071794,1324497,,950.9095748,1324497
5918604,08037,0.003260858,,0.003260858,1324497,,4318.996136,1324497
5918605,08037,0.001352951,,0.001352951,1324497,,1791.980066,1324497
5918606,08037,0.00148055,,0.00148055,1324497,,1960.984014,1324497
5918607,08037,0.003852508,,0.003852508,1324497,,5102.634871,1324497
5918608,08037,0.003506282,,0.003506282,1324497,,4644.060495,1324497
5918609,08037,0.005497616,,0.005497616,1324497,,7281.575345,1324497
5918610,08037,0.008834389,,0.008834389,1324497,,11701.12212,1324497
5918611,08037,0.003542548,,0.003542548,1324497,,4692.094352,1324497
5918612,08037,0.004576143,,0.004576143,1324497,,6061.087381,1324497
5918613,08037,0.003088088,,0.003088088,1324497,,4090.163345,1324497
5918614,08037,0.000980119,,0.000980119,1324497,,1298.164729,1324497
5918615,08037,0.000423191,,0.000423191,1324497,,560.5156682,1324497
5918616,08037,8.88395E-05,,8.88395E-05,1324497,,117.6676552,1324497
5918617,08037,3.06045E-05,,3.06045E-05,1324497,,40.53554594,1324497
5921767,08037,,0.000261643,0.000261643,,7644,2,7644
5921768,08037,,0.000261643,0.000261643,,7644,2,7644
5921778,08037,7.19031E-05,0.007195186,0.000112777,1324497,7644,150.2354223,1332141
5921779,08037,0.000526219,,0.000526219,1324497,,696.9760877,1324497
5921780,08037,0.001609228,,0.001609228,1324497,,2131.417088,1324497
5921781,08037,0.006020471,,0.006020471,1324497,,7974.096081,1324497
5921782,08037,0.008358391,,0.008358391,1324497,,11070.66375,1324497
5921783,08037,0.003305839,,0.003305839,1324497,,4378.573244,1324497
5921784,08037,0.001344005,,0.001344005,1324497,,1780.130591,1324497
5921785,08037,0.005965903,,0.005965903,1324497,,7901.820893,1324497
5921786,08037,0.004296824,,0.004296824,1324497,,5691.130849,1324497
5921787,08037,0.003559985,,0.003559985,1324497,,4715.189405,1324497
5921788,08037,0.008438118,,0.008438118,1324497,,11176.26226,1324497
5921789,08037,0.002535267,,0.002535267,1324497,,3357.95327,1324497
5921790,08037,0.00210288,,0.00210288,1324497,,2785.258853,1324497
5921791,08037,0.0015564,,0.0015564,1324497,,2061.447211,1324497
5921792,08037,0.000642181,,0.000642181,1324497,,850.5664615,1324497
5921793,08037,0.000219796,,0.000219796,1324497,,291.1195497,1324497
5921794,08037,2.91878E-06,,2.91878E-06,1324497,,3.865920336,1324497
5924944,08037,,0.000392465,0.000392465,,7644,3,7644
5924955,08037,,0.002223967,0.002223967,,7644,17,7644
5924956,08037,1.29712E-06,,1.29712E-06,1324497,,1.718030175,1324497
5924957,08037,0.000744838,,0.000744838,1324497,,986.5355996,1324497
5924958,08037,0.005757777,,0.005757777,1324497,,7626.158369,1324497
5924959,08037,0.006050733,,0.006050733,1324497,,8014.177842,1324497
5924960,08037,0.006899101,,0.006899101,1324497,,9137.838868,1324497
5924961,08037,0.003790659,,0.003790659,1324497,,5020.715844,1324497
5924962,08037,0.004162471,,0.004162471,1324497,,5513.180553,1324497
5924963,08037,0.003953601,,0.003953601,1324497,,5236.532637,1324497
5924964,08037,0.003891545,,0.003891545,1324497,,5154.340027,1324497
5924965,08037,0.004095944,,0.004095944,1324497,,5425.064978,1324497
5924966,08037,0.00603384,,0.00603384,1324497,,7991.802665,1324497
5924967,08037,0.002795011,,0.002795011,1324497,,3701.983429,1324497
5924968,08037,0.001507915,,0.001507915,1324497,,1997.228933,1324497
5924969,08037,0.001336657,,0.001336657,1324497,,1770.398622,1324497
5924970,08037,0.001201655,,0.001201655,1324497,,1591.588719,1324497
5924971,08037,0.000372832,,0.000372832,1324497,,493.8144361,1324497
5924972,08037,1.27513E-05,,1.27513E-05,1324497,,16.88904275,1324497
5928134,08037,0.000353246,,0.000353246,1324497,,467.8729233,1324497
5928135,08037,0.00214243,,0.00214243,1324497,,2837.642311,1324497
5928136,08037,0.004972818,,0.004972818,1324497,,6586.482002,1324497
5928137,08037,0.005722634,,0.005722634,1324497,,7579.611052,1324497
5928138,08037,0.004436557,,0.004436557,1324497,,5876.206907,1324497
5928139,08037,0.003429327,,0.003429327,1324497,,4542.133572,1324497
5928140,08037,0.003929803,,0.003929803,1324497,,5205.012843,1324497
5928141,08037,0.003470128,,0.003470128,1324497,,4596.173491,1324497
5928142,08037,0.005085361,,0.005085361,1324497,,6735.544948,1324497
5928143,08037,0.003869841,,0.003869841,1324497,,5125.593189,1324497
5928144,08037,0.000249856,,0.000249856,1324497,,330.9334719,1324497
5928145,08037,0.001645484,,0.001645484,1324497,,2179.438492,1324497
5928146,08037,0.001413459,,0.001413459,1324497,,1872.122044,1324497
5928147,08037,0.002432216,,0.002432216,1324497,,3221.463392,1324497
5928148,08037,0.001623505,,0.001623505,1324497,,2150.327782,1324497
5928149,08037,0.000272115,,0.000272115,1324497,,360.4157578,1324497
5931312,08037,0.001770796,,0.001770796,1324497,,2345.413614,1324497
5931313,08037,0.003096815,,0.003096815,1324497,,4101.721813,1324497
5931314,08037,0.004086394,,0.004086394,1324497,,5412.416256,1324497
5931315,08037,0.004959936,,0.004959936,1324497,,6569.419834,1324497
5931316,08037,0.005816896,,0.005816896,1324497,,7704.461681,1324497
5931317,08037,0.005540955,,0.005540955,1324497,,7338.978174,1324497
5931318,08037,0.002467725,,0.002467725,1324497,,3268.494748,1324497
5931319,08037,0.002515294,,0.002515294,1324497,,3331.499939,1324497
5931320,08037,0.003303549,,0.003303549,1324497,,4375.540726,1324497
5931321,08037,0.001487361,,0.001487361,1324497,,1970.005291,1324497
5931322,08037,0.00099665,,0.00099665,1324497,,1320.060436,1324497
5931323,08037,0.002633514,,0.002633514,1324497,,3488.081207,1324497
5931324,08037,0.002958855,,0.002958855,1324497,,3918.994629,1324497
5931325,08037,0.002015987,,0.002015987,1324497,,2670.168678,1324497
5931326,08037,0.001093908,,0.001093908,1324497,,1448.878265,1324497
5931327,08037,0.000117208,,0.000117208,1324497,,155.2415047,1324497
5934490,08037,0.001162065,,0.001162065,1324497,,1539.15101,1324497
5934491,08037,0.003487227,,0.003487227,1324497,,4618.821324,1324497
5934492,08037,0.003520517,,0.003520517,1324497,,4662.914304,1324497
5934493,08037,0.004383696,,0.004383696,1324497,,5806.191629,1324497
5934494,08037,0.004758242,,0.004758242,1324497,,6302.277038,1324497
5934495,08037,0.00342423,,0.00342423,1324497,,4535.381891,1324497
5934496,08037,0.002620196,,0.002620196,1324497,,3470.441582,1324497
5934497,08037,0.002785206,,0.002785206,1324497,,3688.996488,1324497
5934498,08037,0.00262615,,0.00262615,1324497,,3478.3278,1324497
5934499,08037,0.002068514,,0.002068514,1324497,,2739.74077,1324497
5934500,08037,0.000875694,,0.000875694,1324497,,1159.853554,1324497
5934501,08037,0.000838742,,0.000838742,1324497,,1110.911193,1324497
5934502,08037,0.001456998,,0.001456998,1324497,,1929.789711,1324497
5934503,08037,0.001767704,,0.001767704,1324497,,2341.319031,1324497
5934504,08037,0.000382758,,0.000382758,1324497,,506.9620355,1324497
5934505,08037,2.03644E-05,,2.03644E-05,1324497,,26.97259299,1324497
5937667,08037,,0.000654108,0.000654108,,7644,5,7644
5937668,08037,2.26808E-05,,2.26808E-05,1324497,,30.04062071,1324497
5937669,08037,0.003208137,,0.003208137,1324497,,4249.167647,1324497
5937670,08037,0.003698458,,0.003698458,1324497,,4898.596233,1324497
5937671,08037,0.003693319,,0.003693319,1324497,,4891.789986,1324497
5937672,08037,0.00420797,,0.00420797,1324497,,5573.443633,1324497
5937673,08037,0.002270621,,0.002270621,1324497,,3007.430569,1324497
5937674,08037,0.005736736,,0.005736736,1324497,,7598.289533,1324497
5937675,08037,0.00431434,,0.00431434,1324497,,5714.331012,1324497
5937676,08037,0.003376465,,0.003376465,1324497,,4472.118182,1324497
5937677,08037,0.002753756,,0.002753756,1324497,,3647.34194,1324497
5937678,08037,0.000932003,,0.000932003,1324497,,1234.435676,1324497
5937679,08037,0.001147572,,0.001147572,1324497,,1519.955015,1324497
5937680,08037,0.001005085,,0.001005085,1324497,,1331.232363,1324497
5937681,08037,0.00083592,,0.00083592,1324497,,1107.173721,1324497
5937682,08037,8.50454E-05,,8.50454E-05,1324497,,112.6424379,1324497
5940844,08037,0.000107661,,0.000107661,1324497,,142.5961243,1324497
5940845,08037,0.001885462,,0.001885462,1324497,,2497.288673,1324497
5940846,08037,0.002534908,,0.002534908,1324497,,3357.477399,1324497
5940847,08037,0.004807154,,0.004807154,1324497,,6367.061639,1324497
5940848,08037,0.004452639,,0.004452639,1324497,,5897.507363,1324497
5940849,08037,0.004838108,,0.004838108,1324497,,6408.059964,1324497
5940850,08037,0.002337342,,0.002337342,1324497,,3095.803028,1324497
5940851,08037,0.004504771,,0.004504771,1324497,,5966.556023,1324497
5940852,08037,0.004803946,,0.004803946,1324497,,6362.811433,1324497
5940853,08037,0.002192491,,0.002192491,1324497,,2903.948386,1324497
5940854,08037,0.002006141,,0.002006141,1324497,,2657.127513,1324497
5940855,08037,0.001774363,,0.001774363,1324497,,2350.138046,1324497
5940856,08037,0.000974999,,0.000974999,1324497,,1291.383184,1324497
5940857,08037,0.00108022,,0.00108022,1324497,,1430.747564,1324497
5940858,08037,0.000817836,,0.000817836,1324497,,1083.220755,1324497
5940859,08037,0.00012731,,0.00012731,1324497,,168.6217949,1324497
5944018,08037,,0.000261643,0.000261643,,7644,2,7644
5944020,08037,3.70648E-05,,3.70648E-05,1324497,,49.0922007,1324497
5944021,08037,0.000809988,,0.000809988,1324497,,1072.826193,1324497
5944022,08037,0.00374288,,0.00374288,1324497,,4957.432936,1324497
5944023,08037,0.005321726,,0.005321726,1324497,,7048.609554,1324497
5944024,08037,0.005078548,,0.005078548,1324497,,6726.522041,1324497
5944025,08037,0.005186003,,0.005186003,1324497,,6868.845059,1324497
5944026,08037,0.004838492,,0.004838492,1324497,,6408.568108,1324497
5944027,08037,0.002805079,,0.002805079,1324497,,3715.318353,1324497
5944028,08037,0.002405137,,0.002405137,1324497,,3185.596548,1324497
5944029,08037,0.003037806,,0.003037806,1324497,,4023.564927,1324497
5944030,08037,0.003566245,,0.003566245,1324497,,4723.480336,1324497
5944031,08037,0.002442981,,0.002442981,1324497,,3235.720458,1324497
5944032,08037,0.001765349,,0.001765349,1324497,,2338.199973,1324497
5944033,08037,0.000832844,,0.000832844,1324497,,1103.098959,1324497
5944034,08037,0.000919761,,0.000919761,1324497,,1218.220527,1324497
5944035,08037,0.001045341,,0.001045341,1324497,,1384.551481,1324497
5944036,08037,0.00054218,,0.00054218,1324497,,718.1156638,1324497
5947198,08037,0.00027111,,0.00027111,1324497,,359.0840791,1324497
5947199,08037,0.005397094,,0.005397094,1324497,,7148.435023,1324497
5947200,08037,0.005579839,,0.005579839,1324497,,7390.479598,1324497
5947201,08037,0.005566507,,0.005566507,1324497,,7372.821958,1324497
5947202,08037,0.005467206,,0.005467206,1324497,,7241.29852,1324497
5947203,08037,0.006470737,,0.006470737,1324497,,8570.472119,1324497
5947204,08037,0.003940407,,0.003940407,1324497,,5219.056745,1324497
5947205,08037,0.002674185,,0.002674185,1324497,,3541.950585,1324497
5947206,08037,0.00446884,,0.00446884,1324497,,5918.965133,1324497
5947207,08037,0.002808181,,0.002808181,1324497,,3719.427123,1324497
5947208,08037,0.003398291,,0.003398291,1324497,,4501.02574,1324497
5947209,08037,0.002775042,,0.002775042,1324497,,3675.534232,1324497
5947210,08037,0.001060177,,0.001060177,1324497,,1404.201804,1324497
5947211,08037,0.000664148,,0.000664148,1324497,,879.6622769,1324497
5947212,08037,0.001423359,,0.001423359,1324497,,1885.234827,1324497
5947213,08037,0.0019834,,0.0019834,1324497,,2627.007866,1324497
5947214,08037,0.000414646,,0.000414646,1324497,,549.1972645,1324497
5950376,08037,0.000715594,,0.000715594,1324497,,947.8027658,1324497
5950377,08037,0.004610261,,0.004610261,1324497,,6106.277093,1324497
5950378,08037,0.005615783,,0.005615783,1324497,,7438.087911,1324497
5950379,08037,0.005422813,,0.005422813,1324497,,7182.499517,1324497
5950380,08037,0.005802032,,0.005802032,1324497,,7684.774241,1324497
5950381,08037,0.005449126,,0.005449126,1324497,,7217.351588,1324497
5950382,08037,0.002525254,,0.002525254,1324497,,3344.691201,1324497
5950383,08037,0.003231634,,0.003231634,1324497,,4280.289389,1324497
5950384,08037,0.002105602,,0.002105602,1324497,,2788.863936,1324497
5950385,08037,0.001321452,,0.001321452,1324497,,1750.259111,1324497
5950386,08037,0.00202749,,0.00202749,1324497,,2685.404832,1324497
5950387,08037,0.0025116,,0.0025116,1324497,,3326.606882,1324497
5950388,08037,0.003574071,,0.003574071,1324497,,4733.84579,1324497
5950389,08037,0.004081809,,0.004081809,1324497,,5406.34368,1324497
5950390,08037,0.003019892,,0.003019892,1324497,,3999.8381,1324497
5950391,08037,0.000678619,,0.000678619,1324497,,898.8293673,1324497
5953553,08037,,0.003270539,0.003270539,,7644,25,7644
5953554,08037,0.001547473,,0.001547473,1324497,,2049.623703,1324497
5953555,08037,0.004219493,,0.004219493,1324497,,5588.705447,1324497
5953556,08037,0.005347047,,0.005347047,1324497,,7082.148218,1324497
5953557,08037,0.005495034,,0.005495034,1324497,,7278.155997,1324497
5953558,08037,0.006392438,,0.006392438,1324497,,8466.765547,1324497
5953559,08037,0.005298895,,0.005298895,1324497,,7018.370384,1324497
5953560,08037,0.00202095,,0.00202095,1324497,,2676.741773,1324497
5953561,08037,0.004594142,,0.004594142,1324497,,6084.927186,1324497
5953562,08037,0.003050285,,0.003050285,1324497,,4040.092864,1324497
5953563,08037,0.00132169,,0.00132169,1324497,,1750.574716,1324497
5953564,08037,0.001614943,,0.001614943,1324497,,2138.9865,1324497
5953565,08037,0.000578189,,0.000578189,1324497,,765.8096743,1324497
5953566,08037,0.001736899,,0.001736899,1324497,,2300.517905,1324497
5953567,08037,0.002557244,,0.002557244,1324497,,3387.061808,1324497
5953568,08037,0.000264765,,0.000264765,1324497,,350.6801826,1324497
5956732,08037,8.30125E-05,,8.30125E-05,1324497,,109.949768,1324497
5956733,08037,0.002571441,,0.002571441,1324497,,3405.866507,1324497
5956734,08037,0.00485466,,0.00485466,1324497,,6429.982137,1324497
5956735,08037,0.005171851,,0.005171851,1324497,,6850.101364,1324497
5956736,08037,0.004677877,,0.004677877,1324497,,6195.833579,1324497
5956737,08037,0.001449577,,0.001449577,1324497,,1919.959861,1324497
5956738,08037,1.46251E-08,,1.46251E-08,1324497,,0.019370918,1324497
5956739,08037,6.8033E-05,,6.8033E-05,1324497,,90.10948385,1324497
5956740,08037,0.00076416,,0.00076416,1324497,,1012.127162,1324497
5956741,08037,0.001578932,,0.001578932,1324497,,2091.290116,1324497
5956742,08037,0.001529084,,0.001529084,1324497,,2025.267279,1324497
5956743,08037,0.000441626,,0.000441626,1324497,,584.9329303,1324497
5956744,08037,0.000213765,,0.000213765,1324497,,283.1305482,1324497
5956745,08037,4.39531E-07,,4.39531E-07,1324497,,0.582157811,1324497
5959910,08037,,0.000130822,0.000130822,,7644,1,7644
5959911,08037,0.001446238,,0.001446238,1324497,,1915.538268,1324497
5959912,08037,0.00390888,,0.00390888,1324497,,5177.299255,1324497
5959913,08037,0.003715947,,0.003715947,1324497,,4921.760031,1324497
5959914,08037,0.001097904,,0.001097904,1324497,,1454.169911,1324497
5959917,08037,0,,0,1324497,,0,1324497
5959918,08037,0,,0,1324497,,0,1324497
5959919,08037,0,,0,1324497,,0,1324497
5959920,08037,0,,0,1324497,,0,1324497
5963084,08037,,0.036237572,0.036237572,,7644,277,7644
5963085,08037,0.000297685,,0.000297685,1324497,,394.2829925,1324497
5963086,08037,0.00071583,,0.00071583,1324497,,948.1148978,1324497
5963087,08037,0.002589061,,0.002589061,1324497,,3429.203343,1324497
5963088,08037,0.001008891,,0.001008891,1324497,,1336.273636,1324497
5963089,08037,0.001347947,,0.001347947,1324497,,1785.351532,1324497
5963090,08037,0.002636044,,0.002636044,1324497,,3491.432964,1324497
5963091,08037,0.001740086,,0.001740086,1324497,,2304.73876,1324497
5966263,08037,0.000863417,,0.000863417,1324497,,1143.593312,1324497
5966264,08037,0.003527389,,0.003527389,1324497,,4672.015505,1324497
5966265,08037,0.002806969,,0.002806969,1324497,,3717.821984,1324497
5966266,08037,0.001155417,,0.001155417,1324497,,1530.347006,1324497
5966267,08037,0.000214094,,0.000214094,1324497,,283.5673038,1324497
5966268,08037,0.000774508,,0.000774508,1324497,,1025.832963,1324497
5969441,08037,3.50119E-05,,3.50119E-05,1324497,,46.3731696,1324497
5969442,08037,0.000932239,,0.000932239,1324497,,1234.747114,1324497
5969443,08037,0.000460165,,0.000460165,1324497,,609.4871528,1324497