 GRID, CVE_ENT_MUN, Fv, Fc
         610
     6359348 ,        2005 ,   2.75758561E-03 ,   1.79850105E-02
     6359349 ,        2005 ,   7.46766757E-03 ,   7.11368350E-03
     6362526 ,        2005 ,   3.72320326E-04 ,   2.36995723E-02
     6365704 ,        2005 ,   4.65346826E-03 ,   2.30331123E-02
     6368881 ,        2005 ,   5.40048769E-03 ,   1.77908782E-02
     6368882 ,        2005 ,   8.19442561E-04 ,   5.46909822E-03
     6372059 ,        2005 ,   5.21400338E-03 ,   2.30316333E-02
     6375237 ,        2005 ,   6.25364063E-03 ,   1.92907061E-02
     6378415 ,        2005 ,   1.46859372E-02 ,   1.13280760E-02
     6381593 ,        2005 ,   2.02896241E-02 ,   1.14525761E-02
     6384770 ,        2005 ,   1.35657378E-02 ,   5.89545444E-03
     6384771 ,        2005 ,   2.32117251E-02 ,   6.08229917E-03
     6387948 ,        2005 ,   1.70905869E-02 ,   1.93977039E-02
     6387949 ,        2005 ,   2.13309955E-02 ,   3.59346950E-03
     6387980 ,        2004 ,   0.00000000     ,   7.55859597E-04
     6387981 ,        2004 ,   0.00000000     ,   2.66446313E-03
     6391125 ,        2005 ,   3.25828604E-03 ,   4.38457209E-04
     6391126 ,        2005 ,   1.28086386E-02 ,   1.16624907E-02
     6391127 ,        2005 ,   2.51674727E-02 ,   1.14628207E-02
     6391158 ,        2004 ,   6.88404427E-04 ,   3.33186309E-03
     6394303 ,        2005 ,   6.75164489E-03 ,   1.29335029E-02
     6394305 ,        2005 ,   1.84878800E-02 ,   1.19720586E-02
     6394335 ,        2004 ,   3.66579516E-05 ,   2.08985619E-03
     6394336 ,        2004 ,   1.89296738E-03 ,   1.06449658E-03
     6397481 ,        2005 ,   1.37615511E-02 ,   1.67000741E-02
     6397483 ,        2005 ,   1.42588373E-02 ,   1.25697106E-02
     6397513 ,        2004 ,   0.00000000     ,   3.23931500E-03
     6400658 ,        2005 ,   6.01602194E-04 ,   1.59231145E-02
     6400659 ,        2005 ,   2.01144459E-04 ,   1.50579272E-03
     6400661 ,        2005 ,   2.15314887E-02 ,   1.42511288E-02
     6400691 ,        2004 ,   0.00000000     ,   2.90431664E-03
     6403836 ,        2005 ,   2.71890196E-03 ,   2.26466116E-02
     6403839 ,        2005 ,   2.65944619E-02 ,   6.92127098E-04
     6403840 ,        2005 ,   1.71969440E-02 ,   1.24985874E-02
     6403868 ,        2004 ,   0.00000000     ,   2.50312197E-03
     6403869 ,        2004 ,   0.00000000     ,   6.79735444E-04
     6407014 ,        2004 ,   5.44486800E-04 ,   9.13520530E-03
     6407014 ,        2005 ,   3.48536926E-03 ,   4.19516535E-03
     6407018 ,        2004 ,   4.74312197E-04 ,   5.63187583E-04
     6407018 ,        2005 ,   1.06903249E-02 ,   1.35214347E-02
     6407019 ,        2004 ,   5.34471241E-04 ,   8.40648636E-03
     6407046 ,        2004 ,   0.00000000     ,   2.79752631E-03
     6410192 ,        2004 ,   1.71759410E-03 ,   1.11917956E-02
     6410197 ,        2004 ,   8.32403835E-04 ,   4.92675463E-03
     6410198 ,        2004 ,   6.80677884E-04 ,   1.22340117E-02
     6410199 ,        2004 ,   3.95711686E-05 ,   1.78812677E-03
     6410210 ,        2004 ,   0.00000000     ,   9.68354987E-04
     6410211 ,        2004 ,   6.43185049E-05 ,   9.76056690E-05
     6410213 ,        2004 ,   4.25885955E-05 ,   2.48281285E-03
     6410214 ,        2004 ,   7.79916518E-05 ,   5.98950824E-03
     6410215 ,        2004 ,   0.00000000     ,   9.51234309E-04
     6410224 ,        2004 ,   0.00000000     ,   3.06244497E-03
     6413370 ,        2004 ,   1.41878775E-03 ,   1.12114083E-02
     6413377 ,        2004 ,   2.57188105E-03 ,   6.25233445E-03
     6413378 ,        2004 ,   3.32768587E-03 ,   1.19529956E-03
     6413388 ,        2004 ,   2.60470813E-04 ,   7.18847848E-03
     6413389 ,        2004 ,   1.11734487E-04 ,   5.62045584E-03
     6413390 ,        2004 ,   7.54352426E-04 ,   5.59941167E-03
     6413391 ,        2004 ,   8.20019457E-04 ,   3.34081659E-03
     6413393 ,        2004 ,   4.42132441E-05 ,   5.00921486E-03
     6413394 ,        2004 ,   8.27940181E-04 ,   5.85571118E-03
     6413395 ,        2004 ,   2.88407929E-04 ,   5.71925007E-03
     6413396 ,        2004 ,   3.27480986E-04 ,   4.42593452E-03
     6413401 ,        2004 ,   0.00000000     ,   3.03884246E-03
     6413402 ,        2004 ,   0.00000000     ,   5.89261472E-04
     6416547 ,        2004 ,   6.01071806E-04 ,   1.71498361E-03
     6416548 ,        2004 ,   3.26927111E-04 ,   9.56960302E-03
     6416555 ,        2004 ,   1.22704648E-03 ,   2.64089182E-03
     6416556 ,        2004 ,   2.57372321E-03 ,   8.73780902E-03
     6416564 ,        2004 ,   3.18663078E-03 ,   1.97348942E-04
     6416565 ,        2004 ,   2.49314751E-03 ,   6.39983360E-03
     6416566 ,        2004 ,   9.24756692E-04 ,   3.33595555E-03
     6416574 ,        2004 ,   2.58004107E-03 ,   1.82302063E-03
     6416575 ,        2004 ,   1.64522557E-03 ,   6.14932459E-03
     6416576 ,        2004 ,   3.40951839E-04 ,   5.80347795E-03
     6416577 ,        2004 ,   3.77366960E-05 ,   6.33542833E-04
     6416578 ,        2004 ,   1.30579749E-03 ,   2.07510102E-03
     6416579 ,        2004 ,   5.51427802E-05 ,   1.50489167E-03
     6416580 ,        2004 ,   8.29374694E-05 ,   5.27116423E-03
     6416581 ,        2004 ,   0.00000000     ,   5.90417301E-03
     6416582 ,        2004 ,   0.00000000     ,   6.32698974E-03
     6416583 ,        2004 ,   0.00000000     ,   6.26933714E-03
     6419725 ,        2004 ,   3.72567796E-04 ,   1.27773946E-02
     6419733 ,        2004 ,   8.51089135E-04 ,   7.12997373E-03
     6419742 ,        2004 ,   3.02770967E-03 ,   6.61238609E-03
     6419755 ,        2004 ,   2.36535585E-03 ,   5.18517662E-03
     6419756 ,        2004 ,   1.60010043E-03 ,   6.76009525E-03
     6419757 ,        2004 ,   4.04810067E-04 ,   6.22847211E-03
     6419758 ,        2004 ,   4.35607544E-05 ,   4.29266482E-04
     6419761 ,        2004 ,   3.48558096E-05 ,   2.82491744E-03
     6419762 ,        2004 ,   2.56904867E-04 ,   3.55801615E-03
     6422903 ,        2004 ,   8.70886870E-05 ,   1.23022553E-02
     6422911 ,        2004 ,   9.40186947E-05 ,   1.17668416E-02
     6422912 ,        2004 ,   1.34547579E-03 ,   6.58437057E-05
     6422920 ,        2004 ,   2.16173474E-03 ,   5.79174003E-03
     6422940 ,        2004 ,   6.87553256E-05 ,   5.82224876E-03
     6426080 ,        2004 ,   7.71963823E-05 ,   1.08220922E-02
     6426081 ,        2004 ,   9.26266832E-04 ,   6.84656086E-04
     6426090 ,        2004 ,   3.07764439E-03 ,   1.23197129E-02
     6426097 ,        2004 ,   3.61648458E-03 ,   3.85457533E-03
     6426098 ,        2004 ,   3.04295099E-03 ,   1.92837254E-03
     6426118 ,        2004 ,   0.00000000     ,   5.91113186E-03
     6429258 ,        2004 ,   1.77877246E-05 ,   1.11627914E-02
     6429268 ,        2004 ,   3.02043860E-03 ,   7.22183101E-03
     6429269 ,        2004 ,   3.35775688E-03 ,   5.54379588E-03
     6429275 ,        2004 ,   2.24719197E-03 ,   6.95540430E-03
     6429296 ,        2004 ,   0.00000000     ,   5.92344673E-04
     6429297 ,        2004 ,   2.18253481E-05 ,   7.10637821E-03
     6429298 ,        2004 ,   1.63206350E-04 ,   3.32010654E-03
     6432436 ,        2004 ,   0.00000000     ,   1.12615172E-02
     6432446 ,        2004 ,   3.79697210E-03 ,   1.10286307E-02
     6432447 ,        2004 ,   2.68772966E-03 ,   1.76217384E-03
     6432452 ,        2004 ,   2.78038811E-03 ,   7.34952139E-03
     6432453 ,        2004 ,   9.25382483E-04 ,   5.68581163E-04
     6432476 ,        2004 ,   1.13049420E-04 ,   5.25252149E-03
     6435614 ,        2004 ,   0.00000000     ,   1.12276115E-02
     6435624 ,        2004 ,   2.41285656E-03 ,   1.21368673E-02
     6435629 ,        2004 ,   2.94023124E-03 ,   7.31370924E-03
     6435630 ,        2004 ,   2.89888307E-03 ,   4.43915400E-04
     6435651 ,        2004 ,   0.00000000     ,   1.01408241E-02
     6435652 ,        2004 ,   0.00000000     ,   1.13262590E-02
     6435653 ,        2004 ,   0.00000000     ,   1.12204924E-02
     6435654 ,        2004 ,   0.00000000     ,   1.14845587E-02
     6438792 ,        2004 ,   1.10491272E-03 ,   7.07378471E-03
     6438793 ,        2004 ,   8.00161797E-04 ,   6.32099435E-03
     6438802 ,        2004 ,   3.39821726E-03 ,   1.13678621E-02
     6438804 ,        2004 ,   1.90505409E-03 ,   4.45046462E-03
     6438805 ,        2004 ,   3.06554232E-03 ,   5.67900576E-03
     6438806 ,        2004 ,   2.53584539E-03 ,   5.80361811E-03
     6438807 ,        2004 ,   2.61390442E-03 ,   6.77682110E-04
     6438828 ,        2004 ,   0.00000000     ,   3.39500257E-03
     6438829 ,        2004 ,   0.00000000     ,   8.15660506E-03
     6441971 ,        2004 ,   3.63335875E-03 ,   1.49792731E-02
     6441972 ,        2004 ,   1.17398484E-03 ,   6.87796855E-04
     6441977 ,        2004 ,   3.91312689E-03 ,   1.05682816E-02
     6441978 ,        2004 ,   4.49709734E-03 ,   1.44164534E-02
     6441979 ,        2004 ,   3.90068651E-03 ,   1.57136675E-02
     6441980 ,        2004 ,   3.70233646E-03 ,   5.83033264E-03
     6441981 ,        2004 ,   2.66766106E-03 ,   5.46341157E-03
     6441982 ,        2004 ,   3.60156898E-03 ,   5.10666287E-03
     6441985 ,        2004 ,   1.94191874E-03 ,   1.63163256E-03
     6441986 ,        2004 ,   1.08581258E-03 ,   3.18348967E-03
     6442004 ,        2004 ,   0.00000000     ,   3.88896256E-03
     6442005 ,        2004 ,   0.00000000     ,   1.16339093E-02
     6442006 ,        2004 ,   0.00000000     ,   1.30256740E-02
     6445149 ,        2004 ,   3.95483291E-03 ,   2.97176605E-03
     6445150 ,        2004 ,   2.47525843E-03 ,   1.47711486E-02
     6445153 ,        2004 ,   4.55773901E-03 ,   8.50166380E-03
     6445154 ,        2004 ,   4.39606095E-03 ,   1.27815856E-02
     6445155 ,        2004 ,   3.57617647E-03 ,   1.30885770E-03
     6445157 ,        2004 ,   3.52055067E-03 ,   7.04397354E-03
     6445158 ,        2004 ,   2.34887772E-03 ,   1.12944972E-02
     6445159 ,        2004 ,   3.14179854E-03 ,   5.94361313E-03
     6445160 ,        2004 ,   4.57980437E-03 ,   5.56230731E-03
     6445161 ,        2004 ,   4.51518968E-03 ,   5.56230731E-03
     6445162 ,        2004 ,   4.45387885E-03 ,   5.72215207E-03
     6445163 ,        2004 ,   2.02002050E-03 ,   4.26511746E-03
     6445164 ,        2004 ,   9.06688336E-04 ,   6.26480859E-03
     6445165 ,        2004 ,   2.02545663E-03 ,   5.57094719E-03
     6445166 ,        2004 ,   3.57700558E-03 ,   5.57094719E-03
     6445167 ,        2004 ,   2.40219152E-03 ,   1.95567333E-03
     6445170 ,        2004 ,   2.90915277E-03 ,   2.92119617E-03
     6445171 ,        2004 ,   1.98452966E-03 ,   5.57926856E-03
     6445172 ,        2004 ,   2.80246255E-03 ,   1.04082953E-02
     6445173 ,        2004 ,   7.74861721E-04 ,   1.11983186E-02
     6445174 ,        2004 ,   0.00000000     ,   7.33864680E-03
     6445179 ,        2004 ,   0.00000000     ,   7.81957991E-03
     6445180 ,        2004 ,   0.00000000     ,   1.18392799E-02
     6445181 ,        2004 ,   0.00000000     ,   1.12227174E-02
     6445182 ,        2004 ,   0.00000000     ,   7.90877081E-03
     6448327 ,        2004 ,   3.58704734E-03 ,   1.24664977E-04
     6448328 ,        2004 ,   3.75938904E-03 ,   2.35651918E-02
     6448329 ,        2004 ,   3.44298710E-03 ,   1.13207661E-02
     6448330 ,        2004 ,   3.25026829E-03 ,   1.19915046E-02
     6448331 ,        2004 ,   4.45114076E-03 ,   4.27992316E-03
     6448345 ,        2004 ,   3.09884758E-03 ,   3.61527409E-03
     6448346 ,        2004 ,   1.79363927E-03 ,   5.57094719E-03
     6448347 ,        2004 ,   1.61503523E-03 ,   5.58370678E-03
     6448348 ,        2004 ,   3.79255554E-03 ,   2.67016189E-03
     6448352 ,        2004 ,   0.00000000     ,   6.04700111E-03
     6448353 ,        2004 ,   0.00000000     ,   1.18477102E-02
     6448354 ,        2004 ,   0.00000000     ,   1.18323676E-02
     6448355 ,        2004 ,   0.00000000     ,   6.78485306E-03
     6448356 ,        2004 ,   0.00000000     ,   5.89552755E-03
     6448357 ,        2004 ,   0.00000000     ,   1.04039358E-02
     6451506 ,        2004 ,   1.08466810E-03 ,   2.29593905E-04
     6451533 ,        2004 ,   0.00000000     ,   4.65772860E-03
     6451534 ,        2004 ,   0.00000000     ,   6.21083938E-03
     6407019 ,        2005 ,   4.43771807E-03 ,   0.00000000    
     6410192 ,        2005 ,   1.57882780E-04 ,   0.00000000    
     6432476 ,        2003 ,   3.03875481E-06 ,   0.00000000    
     6359350 ,        2005 ,   7.59668788E-03 ,   0.00000000    
     6359351 ,        2005 ,   2.23165238E-03 ,   0.00000000    
     6359352 ,        2005 ,   7.13231182E-03 ,   0.00000000    
     6362527 ,        2005 ,   1.53698213E-03 ,   0.00000000    
     6362528 ,        2005 ,   1.33610782E-04 ,   0.00000000    
     6362529 ,        2005 ,   4.63164831E-03 ,   0.00000000    
     6362530 ,        2005 ,   2.74075568E-03 ,   0.00000000    
     6365703 ,        2005 ,   2.57546152E-03 ,   0.00000000    
     6365705 ,        2005 ,   1.38411829E-02 ,   0.00000000    
     6365706 ,        2005 ,   3.77039472E-03 ,   0.00000000    
     6365707 ,        2005 ,   2.90940193E-06 ,   0.00000000    
     6368883 ,        2005 ,   1.52720674E-03 ,   0.00000000    
     6368884 ,        2005 ,   2.36478169E-03 ,   0.00000000    
     6368885 ,        2005 ,   2.25708657E-03 ,   0.00000000    
     6368886 ,        2005 ,   5.17128175E-03 ,   0.00000000    
     6372062 ,        2005 ,   4.48049931E-03 ,   0.00000000    
     6372063 ,        2005 ,   9.77288745E-03 ,   0.00000000    
     6372064 ,        2005 ,   1.97655032E-03 ,   0.00000000    
     6375240 ,        2005 ,   1.05364679E-03 ,   0.00000000    
     6375241 ,        2005 ,   1.59658957E-04 ,   0.00000000    
     6378414 ,        2005 ,   6.63578510E-04 ,   0.00000000    
     6378416 ,        2005 ,   2.08750437E-03 ,   0.00000000    
     6378417 ,        2005 ,   4.90980980E-04 ,   0.00000000    
     6378418 ,        2005 ,   1.57696218E-03 ,   0.00000000    
     6378419 ,        2005 ,   1.02964370E-02 ,   0.00000000    
     6378420 ,        2005 ,   2.77117616E-03 ,   0.00000000    
     6378421 ,        2005 ,   8.10141617E-04 ,   0.00000000    
     6381592 ,        2005 ,   7.53401686E-03 ,   0.00000000    
     6381594 ,        2005 ,   2.53442675E-02 ,   0.00000000    
     6381595 ,        2005 ,   4.14387463E-03 ,   0.00000000    
     6381596 ,        2005 ,   4.59836156E-04 ,   0.00000000    
     6381597 ,        2005 ,   1.15652587E-02 ,   0.00000000    
     6381598 ,        2005 ,   5.45484480E-03 ,   0.00000000    
     6381599 ,        2005 ,   6.36213180E-03 ,   0.00000000    
     6384772 ,        2005 ,   1.71627235E-02 ,   0.00000000    
     6384773 ,        2005 ,   4.68232064E-03 ,   0.00000000    
     6387947 ,        2005 ,   2.77123385E-04 ,   0.00000000    
     6387950 ,        2005 ,   2.95184199E-02 ,   0.00000000    
     6387951 ,        2005 ,   1.16987119E-03 ,   0.00000000    
     6387960 ,        2004 ,   7.92783161E-04 ,   0.00000000    
     6387961 ,        2004 ,   1.30194938E-03 ,   0.00000000    
     6391128 ,        2005 ,   2.62593031E-02 ,   0.00000000    
     6391129 ,        2005 ,   2.86467746E-03 ,   0.00000000    
     6391138 ,        2004 ,   1.22155924E-03 ,   0.00000000    
     6391139 ,        2004 ,   5.87434566E-04 ,   0.00000000    
     6394304 ,        2005 ,   7.75426580E-03 ,   0.00000000    
     6394306 ,        2005 ,   1.89934354E-02 ,   0.00000000    
     6394310 ,        2005 ,   5.65221708E-04 ,   0.00000000    
     6394314 ,        2004 ,   1.54877186E-03 ,   0.00000000    
     6394315 ,        2004 ,   1.10502634E-03 ,   0.00000000    
     6394316 ,        2004 ,   2.18421966E-03 ,   0.00000000    
     6394317 ,        2004 ,   8.86377646E-04 ,   0.00000000    
     6397480 ,        2005 ,   1.15986564E-03 ,   0.00000000    
     6397482 ,        2005 ,   1.06720617E-02 ,   0.00000000    
     6397484 ,        2005 ,   1.23751331E-02 ,   0.00000000    
     6397486 ,        2005 ,   5.61454217E-04 ,   0.00000000    
     6397487 ,        2005 ,   6.42082002E-03 ,   0.00000000    
     6397488 ,        2005 ,   2.03126715E-03 ,   0.00000000    
     6397492 ,        2004 ,   2.25709839E-04 ,   0.00000000    
     6397493 ,        2004 ,   6.31744973E-04 ,   0.00000000    
     6397494 ,        2004 ,   1.98484724E-03 ,   0.00000000    
     6397495 ,        2004 ,   2.23238880E-04 ,   0.00000000    
     6400660 ,        2005 ,   6.42461283E-03 ,   0.00000000    
     6400662 ,        2005 ,   2.13282444E-02 ,   0.00000000    
     6400663 ,        2005 ,   1.07790092E-02 ,   0.00000000    
     6400664 ,        2005 ,   8.60574190E-03 ,   0.00000000    
     6400665 ,        2005 ,   8.70156288E-03 ,   0.00000000    
     6400667 ,        2004 ,   1.94458426E-06 ,   0.00000000    
     6400668 ,        2004 ,   2.77385425E-06 ,   0.00000000    
     6400669 ,        2004 ,   1.06988882E-03 ,   0.00000000    
     6400670 ,        2004 ,   2.22219084E-03 ,   0.00000000    
     6400671 ,        2004 ,   2.64440518E-04 ,   0.00000000    
     6400672 ,        2004 ,   4.28842148E-03 ,   0.00000000    
     6400673 ,        2004 ,   6.49924739E-04 ,   0.00000000    
     6400674 ,        2004 ,   8.03137023E-04 ,   0.00000000    
     6400675 ,        2004 ,   1.94819382E-04 ,   0.00000000    
     6403837 ,        2005 ,   2.08839425E-03 ,   0.00000000    
     6403838 ,        2005 ,   1.42929191E-02 ,   0.00000000    
     6403841 ,        2005 ,   2.39730012E-02 ,   0.00000000    
     6403842 ,        2005 ,   2.26719994E-02 ,   0.00000000    
     6403843 ,        2004 ,   8.76896047E-06 ,   0.00000000    
     6403843 ,        2005 ,   1.78116057E-02 ,   0.00000000    
     6403844 ,        2004 ,   2.13563631E-04 ,   0.00000000    
     6403845 ,        2004 ,   6.84220413E-06 ,   0.00000000    
     6403846 ,        2004 ,   1.25740166E-03 ,   0.00000000    
     6403847 ,        2004 ,   1.54592469E-03 ,   0.00000000    
     6403848 ,        2004 ,   2.83358921E-03 ,   0.00000000    
     6403849 ,        2004 ,   7.08583277E-04 ,   0.00000000    
     6403850 ,        2004 ,   7.76039029E-04 ,   0.00000000    
     6403851 ,        2004 ,   2.15479085E-04 ,   0.00000000    
     6403852 ,        2004 ,   7.43734650E-04 ,   0.00000000    
     6403853 ,        2004 ,   1.40669217E-05 ,   0.00000000    
     6403856 ,        2004 ,   2.92376586E-04 ,   0.00000000    
     6403859 ,        2004 ,   1.21393452E-04 ,   0.00000000    
     6407015 ,        2004 ,   1.52433204E-05 ,   0.00000000    
     6407016 ,        2005 ,   2.85698147E-03 ,   0.00000000    
     6407017 ,        2005 ,   2.24095061E-02 ,   0.00000000    
     6407020 ,        2004 ,   2.52978946E-03 ,   0.00000000    
     6407020 ,        2005 ,   4.09501093E-03 ,   0.00000000    
     6407021 ,        2004 ,   4.15689370E-04 ,   0.00000000    
     6407021 ,        2005 ,   1.09360713E-04 ,   0.00000000    
     6407022 ,        2004 ,   1.19214738E-03 ,   0.00000000    
     6407024 ,        2004 ,   6.10798947E-04 ,   0.00000000    
     6407025 ,        2004 ,   1.63434935E-03 ,   0.00000000    
     6407026 ,        2004 ,   3.67768435E-03 ,   0.00000000    
     6407027 ,        2004 ,   3.76518024E-03 ,   0.00000000    
     6407028 ,        2004 ,   2.97551695E-03 ,   0.00000000    
     6407029 ,        2004 ,   1.36501389E-03 ,   0.00000000    
     6407030 ,        2004 ,   1.11652762E-05 ,   0.00000000    
     6407033 ,        2004 ,   5.15413012E-06 ,   0.00000000    
     6407034 ,        2004 ,   8.29662255E-04 ,   0.00000000    
     6410193 ,        2004 ,   8.14437983E-04 ,   0.00000000    
     6410195 ,        2004 ,   9.98620060E-04 ,   0.00000000    
     6410195 ,        2005 ,   4.74610273E-03 ,   0.00000000    
     6410196 ,        2004 ,   1.98126421E-03 ,   0.00000000    
     6410196 ,        2005 ,   2.21263827E-03 ,   0.00000000    
     6410200 ,        2004 ,   2.18748511E-03 ,   0.00000000    
     6410201 ,        2004 ,   9.66860389E-04 ,   0.00000000    
     6410202 ,        2004 ,   2.13929801E-03 ,   0.00000000    
     6410203 ,        2004 ,   1.91894593E-04 ,   0.00000000    
     6410204 ,        2004 ,   1.04612240E-03 ,   0.00000000    
     6410205 ,        2004 ,   2.22828938E-03 ,   0.00000000    
     6410206 ,        2004 ,   3.44099198E-03 ,   0.00000000    
     6410207 ,        2004 ,   8.19974812E-04 ,   0.00000000    
     6410208 ,        2004 ,   1.71610169E-04 ,   0.00000000    
     6410212 ,        2004 ,   4.04691964E-05 ,   0.00000000    
     6413369 ,        2004 ,   5.94822779E-07 ,   0.00000000    
     6413371 ,        2004 ,   1.58834722E-04 ,   0.00000000    
     6413372 ,        2004 ,   1.18418271E-03 ,   0.00000000    
     6413373 ,        2004 ,   1.45637000E-03 ,   0.00000000    
     6413374 ,        2004 ,   7.03438534E-04 ,   0.00000000    
     6413375 ,        2004 ,   1.70333160E-03 ,   0.00000000    
     6413376 ,        2004 ,   4.10166802E-03 ,   0.00000000    
     6413379 ,        2004 ,   4.26640688E-03 ,   0.00000000    
     6413380 ,        2004 ,   3.31567391E-03 ,   0.00000000    
     6413381 ,        2004 ,   1.29777251E-03 ,   0.00000000    
     6413382 ,        2004 ,   1.23404455E-03 ,   0.00000000    
     6413383 ,        2004 ,   3.51563249E-05 ,   0.00000000    
     6413385 ,        2004 ,   4.98460024E-04 ,   0.00000000    
     6413386 ,        2004 ,   3.22750537E-03 ,   0.00000000    
     6413387 ,        2004 ,   1.25834323E-03 ,   0.00000000    
     6413392 ,        2004 ,   1.11635578E-04 ,   0.00000000    
     6413408 ,        2004 ,   1.27406702E-06 ,   0.00000000    
     6416550 ,        2004 ,   3.37079313E-04 ,   0.00000000    
     6416551 ,        2004 ,   3.50251887E-03 ,   0.00000000    
     6416552 ,        2004 ,   1.57647615E-03 ,   0.00000000    
     6416553 ,        2004 ,   4.03551571E-03 ,   0.00000000    
     6416554 ,        2004 ,   2.73780874E-03 ,   0.00000000    
     6416557 ,        2004 ,   3.28646321E-03 ,   0.00000000    
     6416558 ,        2004 ,   4.22109151E-03 ,   0.00000000    
     6416559 ,        2004 ,   1.25684368E-03 ,   0.00000000    
     6416560 ,        2004 ,   2.34152074E-03 ,   0.00000000    
     6416561 ,        2004 ,   2.05750391E-03 ,   0.00000000    
     6416562 ,        2004 ,   2.47360277E-03 ,   0.00000000    
     6416563 ,        2004 ,   2.04035453E-03 ,   0.00000000    
     6416567 ,        2004 ,   8.36947060E-04 ,   0.00000000    
     6416568 ,        2004 ,   3.02070612E-03 ,   0.00000000    
     6416569 ,        2004 ,   3.84917320E-03 ,   0.00000000    
     6416570 ,        2004 ,   2.18317285E-03 ,   0.00000000    
     6416571 ,        2004 ,   9.10615432E-04 ,   0.00000000    
     6416572 ,        2004 ,   2.60456465E-03 ,   0.00000000    
     6416573 ,        2004 ,   3.95723199E-03 ,   0.00000000    
     6416586 ,        2004 ,   5.91126127E-06 ,   0.00000000    
     6419726 ,        2004 ,   5.95575199E-04 ,   0.00000000    
     6419727 ,        2004 ,   1.89997700E-05 ,   0.00000000    
     6419729 ,        2004 ,   8.39019660E-04 ,   0.00000000    
     6419731 ,        2004 ,   1.17663376E-03 ,   0.00000000    
     6419732 ,        2004 ,   1.32041390E-03 ,   0.00000000    
     6419734 ,        2004 ,   3.65531043E-04 ,   0.00000000    
     6419735 ,        2004 ,   3.04835360E-03 ,   0.00000000    
     6419736 ,        2004 ,   2.19764863E-03 ,   0.00000000    
     6419737 ,        2004 ,   1.71520142E-03 ,   0.00000000    
     6419738 ,        2004 ,   4.21705656E-03 ,   0.00000000    
     6419739 ,        2004 ,   3.50462156E-03 ,   0.00000000    
     6419740 ,        2004 ,   4.64529637E-03 ,   0.00000000    
     6419741 ,        2004 ,   4.80523659E-03 ,   0.00000000    
     6419743 ,        2004 ,   2.41266470E-03 ,   0.00000000    
     6419744 ,        2004 ,   3.60272662E-03 ,   0.00000000    
     6419745 ,        2004 ,   3.15859145E-03 ,   0.00000000    
     6419746 ,        2004 ,   4.24215011E-03 ,   0.00000000    
     6419747 ,        2004 ,   3.85732297E-03 ,   0.00000000    
     6419748 ,        2004 ,   4.02794871E-03 ,   0.00000000    
     6419749 ,        2004 ,   3.07810423E-03 ,   0.00000000    
     6419750 ,        2004 ,   3.98749625E-03 ,   0.00000000    
     6419751 ,        2004 ,   1.65578770E-03 ,   0.00000000    
     6419752 ,        2004 ,   2.32573017E-03 ,   0.00000000    
     6419753 ,        2004 ,   4.44858987E-03 ,   0.00000000    
     6419754 ,        2004 ,   2.17394414E-03 ,   0.00000000    
     6419760 ,        2004 ,   2.46624142E-04 ,   0.00000000    
     6422907 ,        2004 ,   1.21320144E-03 ,   0.00000000    
     6422908 ,        2004 ,   4.15913819E-04 ,   0.00000000    
     6422909 ,        2004 ,   1.39294437E-03 ,   0.00000000    
     6422910 ,        2004 ,   1.03796704E-03 ,   0.00000000    
     6422913 ,        2004 ,   4.30645840E-03 ,   0.00000000    
     6422914 ,        2004 ,   1.35158363E-03 ,   0.00000000    
     6422915 ,        2004 ,   3.94019531E-03 ,   0.00000000    
     6422916 ,        2004 ,   3.87078477E-03 ,   0.00000000    
     6422917 ,        2004 ,   4.46599675E-03 ,   0.00000000    
     6422918 ,        2004 ,   4.03819280E-03 ,   0.00000000    
     6422919 ,        2004 ,   3.46005335E-03 ,   0.00000000    
     6422921 ,        2004 ,   2.52172840E-03 ,   0.00000000    
     6422922 ,        2004 ,   3.21585219E-03 ,   0.00000000    
     6422923 ,        2004 ,   4.93487052E-04 ,   0.00000000    
     6422924 ,        2004 ,   3.14084347E-03 ,   0.00000000    
     6422925 ,        2004 ,   4.12084814E-03 ,   0.00000000    
     6422926 ,        2004 ,   4.07040305E-03 ,   0.00000000    
     6422927 ,        2004 ,   3.50911892E-03 ,   0.00000000    
     6422928 ,        2004 ,   3.99830658E-03 ,   0.00000000    
     6422929 ,        2004 ,   2.93095619E-03 ,   0.00000000    
     6422930 ,        2004 ,   2.22890917E-03 ,   0.00000000    
     6422931 ,        2004 ,   2.55547347E-03 ,   0.00000000    
     6422932 ,        2004 ,   3.17412475E-03 ,   0.00000000    
     6422933 ,        2004 ,   9.75625648E-04 ,   0.00000000    
     6422934 ,        2004 ,   1.71617023E-03 ,   0.00000000    
     6422935 ,        2004 ,   1.00555480E-03 ,   0.00000000    
     6426082 ,        2004 ,   9.59252182E-04 ,   0.00000000    
     6426083 ,        2004 ,   1.47814208E-05 ,   0.00000000    
     6426085 ,        2004 ,   1.46658902E-04 ,   0.00000000    
     6426086 ,        2004 ,   3.17758502E-04 ,   0.00000000    
     6426087 ,        2004 ,   4.83270531E-04 ,   0.00000000    
     6426088 ,        2004 ,   1.72696752E-03 ,   0.00000000    
     6426089 ,        2004 ,   1.24149153E-03 ,   0.00000000    
     6426091 ,        2004 ,   1.77905080E-03 ,   0.00000000    
     6426092 ,        2004 ,   1.90810009E-03 ,   0.00000000    
     6426093 ,        2004 ,   4.29439405E-03 ,   0.00000000    
     6426094 ,        2004 ,   3.69698578E-03 ,   0.00000000    
     6426095 ,        2004 ,   3.58616584E-03 ,   0.00000000    
     6426096 ,        2004 ,   4.13805665E-03 ,   0.00000000    
     6426099 ,        2004 ,   2.35180277E-03 ,   0.00000000    
     6426100 ,        2004 ,   2.55995523E-03 ,   0.00000000    
     6426101 ,        2004 ,   6.01580716E-04 ,   0.00000000    
     6426102 ,        2004 ,   2.02866714E-03 ,   0.00000000    
     6426103 ,        2004 ,   4.24676575E-03 ,   0.00000000    
     6426104 ,        2004 ,   3.45195667E-03 ,   0.00000000    
     6426105 ,        2004 ,   4.25974978E-03 ,   0.00000000    
     6426106 ,        2004 ,   4.05247975E-03 ,   0.00000000    
     6426107 ,        2004 ,   2.61016260E-03 ,   0.00000000    
     6426108 ,        2004 ,   4.79270378E-03 ,   0.00000000    
     6426109 ,        2004 ,   1.64446048E-03 ,   0.00000000    
     6426110 ,        2004 ,   1.02332269E-03 ,   0.00000000    
     6426111 ,        2004 ,   1.02463807E-03 ,   0.00000000    
     6426112 ,        2004 ,   2.59243418E-04 ,   0.00000000    
     6429260 ,        2004 ,   4.08153137E-04 ,   0.00000000    
     6429261 ,        2004 ,   1.32880418E-03 ,   0.00000000    
     6429262 ,        2004 ,   1.49370835E-03 ,   0.00000000    
     6429263 ,        2004 ,   2.97912117E-03 ,   0.00000000    
     6429264 ,        2004 ,   9.29625356E-04 ,   0.00000000    
     6429265 ,        2004 ,   1.32806727E-03 ,   0.00000000    
     6429266 ,        2004 ,   2.96086934E-03 ,   0.00000000    
     6429267 ,        2004 ,   4.27727308E-03 ,   0.00000000    
     6429270 ,        2004 ,   3.62387882E-03 ,   0.00000000    
     6429271 ,        2004 ,   4.21233149E-03 ,   0.00000000    
     6429272 ,        2004 ,   5.17178280E-03 ,   0.00000000    
     6429273 ,        2004 ,   4.07044077E-03 ,   0.00000000    
     6429274 ,        2004 ,   3.65416682E-03 ,   0.00000000    
     6429276 ,        2004 ,   2.48317071E-03 ,   0.00000000    
     6429277 ,        2004 ,   3.54727102E-03 ,   0.00000000    
     6429278 ,        2004 ,   3.34760128E-03 ,   0.00000000    
     6429279 ,        2004 ,   2.90207565E-03 ,   0.00000000    
     6429280 ,        2004 ,   2.72751413E-03 ,   0.00000000    
     6429281 ,        2004 ,   4.57605068E-03 ,   0.00000000    
     6429282 ,        2004 ,   4.74216696E-03 ,   0.00000000    
     6429283 ,        2004 ,   4.39902255E-03 ,   0.00000000    
     6429284 ,        2004 ,   1.99695188E-03 ,   0.00000000    
     6429285 ,        2004 ,   5.04823576E-04 ,   0.00000000    
     6429286 ,        2004 ,   2.63429340E-03 ,   0.00000000    
     6429287 ,        2004 ,   7.54464281E-06 ,   0.00000000    
     6429288 ,        2004 ,   1.28222591E-05 ,   0.00000000    
     6429289 ,        2004 ,   1.94738538E-03 ,   0.00000000    
     6429290 ,        2004 ,   3.67362110E-04 ,   0.00000000    
     6429294 ,        2004 ,   3.01938411E-03 ,   0.00000000    
     6429295 ,        2004 ,   2.05244403E-03 ,   0.00000000    
     6432438 ,        2004 ,   5.73411467E-04 ,   0.00000000    
     6432439 ,        2004 ,   2.56943260E-03 ,   0.00000000    
     6432440 ,        2004 ,   3.91926570E-03 ,   0.00000000    
     6432441 ,        2004 ,   4.07420052E-03 ,   0.00000000    
     6432442 ,        2004 ,   3.99455894E-03 ,   0.00000000    
     6432443 ,        2004 ,   3.48105584E-03 ,   0.00000000    
     6432444 ,        2004 ,   3.59221688E-03 ,   0.00000000    
     6432445 ,        2004 ,   4.64453967E-03 ,   0.00000000    
     6432448 ,        2004 ,   4.01666574E-03 ,   0.00000000    
     6432449 ,        2004 ,   3.97430733E-03 ,   0.00000000    
     6432450 ,        2004 ,   4.11753776E-03 ,   0.00000000    
     6432451 ,        2004 ,   3.08165536E-03 ,   0.00000000    
     6432454 ,        2004 ,   9.46488872E-04 ,   0.00000000    
     6432455 ,        2004 ,   1.80069136E-03 ,   0.00000000    
     6432456 ,        2004 ,   3.12381214E-03 ,   0.00000000    
     6432457 ,        2004 ,   4.05482994E-03 ,   0.00000000    
     6432458 ,        2004 ,   3.94393550E-03 ,   0.00000000    
     6432459 ,        2004 ,   4.76330984E-03 ,   0.00000000    
     6432460 ,        2004 ,   5.05826576E-03 ,   0.00000000    
     6432461 ,        2004 ,   6.13476103E-03 ,   0.00000000    
     6432462 ,        2004 ,   4.26285481E-03 ,   0.00000000    
     6432463 ,        2004 ,   1.61555340E-03 ,   0.00000000    
     6432464 ,        2004 ,   3.23139917E-04 ,   0.00000000    
     6432466 ,        2004 ,   1.65522113E-04 ,   0.00000000    
     6432467 ,        2004 ,   2.47338135E-03 ,   0.00000000    
     6432468 ,        2004 ,   1.22173619E-03 ,   0.00000000    
     6432469 ,        2004 ,   6.08125643E-04 ,   0.00000000    
     6432472 ,        2004 ,   2.69428990E-03 ,   0.00000000    
     6432473 ,        2004 ,   2.00266507E-03 ,   0.00000000    
     6435616 ,        2004 ,   7.08005857E-04 ,   0.00000000    
     6435617 ,        2004 ,   2.83742091E-03 ,   0.00000000    
     6435618 ,        2004 ,   2.40629609E-03 ,   0.00000000    
     6435619 ,        2004 ,   3.98413325E-03 ,   0.00000000    
     6435620 ,        2004 ,   3.95637052E-03 ,   0.00000000    
     6435621 ,        2004 ,   3.82357789E-03 ,   0.00000000    
     6435622 ,        2004 ,   4.06390289E-03 ,   0.00000000    
     6435623 ,        2004 ,   2.84487079E-03 ,   0.00000000    
     6435625 ,        2004 ,   2.80324067E-03 ,   0.00000000    
     6435626 ,        2004 ,   2.64234096E-03 ,   0.00000000    
     6435627 ,        2004 ,   3.60249728E-03 ,   0.00000000    
     6435628 ,        2004 ,   3.45459254E-03 ,   0.00000000    
     6435631 ,        2004 ,   9.35381511E-04 ,   0.00000000    
     6435632 ,        2004 ,   2.32113549E-03 ,   0.00000000    
     6435633 ,        2004 ,   3.10287508E-03 ,   0.00000000    
     6435634 ,        2004 ,   3.97957023E-03 ,   0.00000000    
     6435635 ,        2004 ,   4.15382162E-03 ,   0.00000000    
     6435636 ,        2004 ,   3.71664157E-03 ,   0.00000000    
     6435637 ,        2004 ,   4.19580191E-03 ,   0.00000000    
     6435638 ,        2004 ,   4.68103960E-03 ,   0.00000000    
     6435639 ,        2004 ,   4.40480746E-03 ,   0.00000000    
     6435640 ,        2004 ,   3.64304800E-03 ,   0.00000000    
     6435641 ,        2004 ,   2.01299763E-03 ,   0.00000000    
     6435642 ,        2004 ,   1.46543840E-03 ,   0.00000000    
     6435643 ,        2004 ,   2.41497655E-05 ,   0.00000000    
     6435647 ,        2004 ,   5.83322253E-04 ,   0.00000000    
     6435649 ,        2004 ,   1.50406937E-04 ,   0.00000000    
     6435650 ,        2004 ,   1.96178749E-04 ,   0.00000000    
     6438794 ,        2004 ,   1.66790886E-03 ,   0.00000000    
     6438795 ,        2004 ,   2.17732182E-03 ,   0.00000000    
     6438796 ,        2004 ,   2.99546821E-03 ,   0.00000000    
     6438797 ,        2004 ,   3.38384905E-03 ,   0.00000000    
     6438798 ,        2004 ,   4.75925207E-03 ,   0.00000000    
     6438799 ,        2004 ,   4.29168995E-03 ,   0.00000000    
     6438800 ,        2004 ,   3.69434850E-03 ,   0.00000000    
     6438801 ,        2004 ,   2.79153325E-03 ,   0.00000000    
     6438803 ,        2004 ,   1.67477352E-03 ,   0.00000000    
     6438808 ,        2004 ,   2.32866732E-03 ,   0.00000000    
     6438809 ,        2004 ,   3.09400284E-03 ,   0.00000000    
     6438810 ,        2004 ,   1.59425952E-03 ,   0.00000000    
     6438811 ,        2004 ,   1.51663797E-03 ,   0.00000000    
     6438812 ,        2004 ,   3.19286762E-03 ,   0.00000000    
     6438813 ,        2004 ,   3.32962186E-03 ,   0.00000000    
     6438814 ,        2004 ,   4.08951752E-03 ,   0.00000000    
     6438815 ,        2004 ,   2.62326328E-03 ,   0.00000000    
     6438816 ,        2004 ,   3.87530541E-03 ,   0.00000000    
     6438817 ,        2004 ,   3.51445610E-03 ,   0.00000000    
     6438818 ,        2004 ,   2.82177795E-03 ,   0.00000000    
     6438819 ,        2004 ,   2.64464505E-03 ,   0.00000000    
     6438820 ,        2004 ,   3.05997883E-03 ,   0.00000000    
     6438821 ,        2004 ,   2.76721345E-04 ,   0.00000000    
     6438826 ,        2004 ,   1.45835904E-04 ,   0.00000000    
     6438827 ,        2004 ,   1.22901238E-05 ,   0.00000000    
     6441970 ,        2004 ,   1.52667775E-03 ,   0.00000000    
     6441973 ,        2004 ,   3.24895582E-03 ,   0.00000000    
     6441974 ,        2004 ,   3.65875638E-03 ,   0.00000000    
     6441975 ,        2004 ,   3.20589519E-03 ,   0.00000000    
     6441976 ,        2004 ,   4.42638574E-03 ,   0.00000000    
     6441983 ,        2004 ,   3.81274521E-03 ,   0.00000000    
     6441984 ,        2004 ,   3.46830697E-03 ,   0.00000000    
     6441987 ,        2004 ,   3.60312732E-03 ,   0.00000000    
     6441988 ,        2004 ,   4.02311655E-03 ,   0.00000000    
     6441989 ,        2004 ,   3.20550357E-03 ,   0.00000000    
     6441990 ,        2004 ,   2.13624258E-03 ,   0.00000000    
     6441991 ,        2004 ,   1.22379721E-03 ,   0.00000000    
     6441992 ,        2004 ,   2.31609889E-03 ,   0.00000000    
     6441993 ,        2004 ,   1.83654099E-03 ,   0.00000000    
     6441994 ,        2004 ,   2.88274419E-03 ,   0.00000000    
     6441995 ,        2004 ,   3.52885411E-03 ,   0.00000000    
     6441996 ,        2004 ,   1.30120185E-04 ,   0.00000000    
     6441997 ,        2004 ,   1.80699411E-04 ,   0.00000000    
     6441998 ,        2004 ,   1.06299738E-03 ,   0.00000000    
     6445148 ,        2004 ,   7.81080220E-04 ,   0.00000000    
     6445151 ,        2004 ,   3.85833718E-03 ,   0.00000000    
     6445152 ,        2004 ,   3.24634556E-03 ,   0.00000000    
     6445156 ,        2004 ,   3.62726906E-03 ,   0.00000000    
     6445168 ,        2004 ,   1.62731763E-03 ,   0.00000000    
     6445169 ,        2004 ,   2.01133825E-03 ,   0.00000000    
     6448326 ,        2004 ,   7.80798902E-04 ,   0.00000000    
     6448332 ,        2004 ,   3.34370346E-03 ,   0.00000000    
     6448333 ,        2004 ,   3.58084659E-03 ,   0.00000000    
     6448334 ,        2004 ,   2.27029575E-03 ,   0.00000000    
     6448335 ,        2004 ,   2.90063187E-03 ,   0.00000000    
     6448336 ,        2004 ,   2.34435708E-03 ,   0.00000000    
     6448337 ,        2004 ,   4.43215482E-03 ,   0.00000000    
     6448338 ,        2004 ,   4.54642717E-03 ,   0.00000000    
     6448339 ,        2004 ,   3.61634092E-03 ,   0.00000000    
     6448340 ,        2004 ,   2.29127868E-03 ,   0.00000000    
     6448341 ,        2004 ,   1.06390077E-03 ,   0.00000000    
     6448343 ,        2004 ,   8.00237118E-04 ,   0.00000000    
     6448344 ,        2004 ,   2.80155055E-03 ,   0.00000000    
     6448349 ,        2004 ,   3.78568610E-03 ,   0.00000000    
     6448350 ,        2004 ,   2.60487967E-03 ,   0.00000000    
     6448351 ,        2004 ,   1.22920479E-04 ,   0.00000000    
     6451504 ,        2004 ,   2.53300415E-04 ,   0.00000000    
     6451505 ,        2004 ,   9.38319834E-04 ,   0.00000000    
     6451507 ,        2004 ,   1.23764062E-03 ,   0.00000000    
     6451508 ,        2004 ,   7.41374737E-04 ,   0.00000000    
     6451509 ,        2004 ,   1.95074826E-03 ,   0.00000000    
     6451510 ,        2004 ,   1.74143515E-03 ,   0.00000000    
     6451511 ,        2004 ,   1.52754399E-03 ,   0.00000000    
     6451512 ,        2004 ,   1.45127322E-03 ,   0.00000000    
     6451513 ,        2004 ,   1.18883187E-03 ,   0.00000000    
     6451514 ,        2004 ,   2.01887568E-03 ,   0.00000000    
     6451515 ,        2004 ,   1.81845599E-03 ,   0.00000000    
     6451516 ,        2004 ,   1.81191764E-03 ,   0.00000000    
     6451517 ,        2004 ,   2.56501138E-04 ,   0.00000000    
     6451518 ,        2004 ,   9.69106623E-05 ,   0.00000000    
     6451519 ,        2004 ,   2.68411299E-04 ,   0.00000000    
     6451520 ,        2004 ,   2.66310293E-04 ,   0.00000000    
     6451521 ,        2004 ,   6.45809865E-04 ,   0.00000000    
     6451522 ,        2004 ,   9.38802958E-04 ,   0.00000000    
     6451523 ,        2004 ,   9.27105197E-04 ,   0.00000000    
     6451524 ,        2004 ,   8.43204791E-04 ,   0.00000000    
     6451525 ,        2004 ,   3.89491383E-04 ,   0.00000000    
     6451526 ,        2004 ,   1.25352736E-03 ,   0.00000000    
     6451527 ,        2004 ,   1.66428462E-03 ,   0.00000000    
     6451528 ,        2004 ,   5.91466494E-04 ,   0.00000000    
