GRIDCODE,LONG,LATITUDE,Huso,Pob,UTMx,UTMy,UTMz
48,30,"EI 2016 Area Tijuana V4.0",,,,,
6359335,-117.1695164,32.26945514,8,0,1064321.774,2320649.062,11
6359336,-117.1590289,32.2704008,8,0,1065321.774,2320649.062,11
6359337,-117.1485412,32.2713458,8,0,1066321.774,2320649.062,11
6359338,-117.1380533,32.27229015,8,0,1067321.774,2320649.062,11
6359339,-117.1275653,32.27323384,8,0,1068321.774,2320649.062,11
6359340,-117.1170771,32.27417688,8,0,1069321.774,2320649.062,11
6359341,-117.1065887,32.27511926,8,0,1070321.774,2320649.062,11
6359342,-117.0961002,32.27606099,8,0,1071321.774,2320649.062,11
6359343,-117.0856115,32.27700207,8,0,1072321.774,2320649.062,11
6359344,-117.0751226,32.27794249,8,0,1073321.774,2320649.062,11
6359345,-117.0646336,32.27888226,8,0,1074321.774,2320649.062,11
6359346,-117.0541445,32.27982137,8,0,1075321.774,2320649.062,11
6359347,-117.0436551,32.28075983,8,0,1076321.774,2320649.062,11
6359348,-117.0331656,32.28169763,8,55,1077321.774,2320649.062,11
6359349,-117.022676,32.28263478,8,0,1078321.774,2320649.062,11
6359350,-117.0121861,32.28357128,8,81,1079321.774,2320649.062,11
6359351,-117.0016962,32.28450712,8,29,1080321.774,2320649.062,11
6359352,-116.991206,32.28544231,8,127,1081321.774,2320649.062,11
6359353,-116.9807157,32.28637684,8,0,1082321.774,2320649.062,11
6359354,-116.9702253,32.28731072,8,0,1083321.774,2320649.062,11
6359355,-116.9597346,32.28824394,8,0,1084321.774,2320649.062,11
6359356,-116.9492439,32.28917651,8,0,1085321.774,2320649.062,11
6359357,-116.9387529,32.29010843,8,0,1086321.774,2320649.062,11
6359358,-116.9282618,32.29103969,8,0,1087321.774,2320649.062,11
6359359,-116.9177705,32.29197029,8,0,1088321.774,2320649.062,11
6359360,-116.9072791,32.29290025,8,0,1089321.774,2320649.062,11
6359361,-116.8967875,32.29382954,8,0,1090321.774,2320649.062,11
6359362,-116.8862958,32.29475819,8,0,1091321.774,2320649.062,11
6359363,-116.8758039,32.29568617,8,0,1092321.774,2320649.062,11
6359364,-116.8653118,32.29661351,8,0,1093321.774,2320649.062,11
6359365,-116.8548196,32.29754019,8,0,1094321.774,2320649.062,11
6359366,-116.8443272,32.29846621,8,0,1095321.774,2320649.062,11
6359367,-116.8338346,32.29939158,8,0,1096321.774,2320649.062,11
6359368,-116.8233419,32.3003163,8,5,1097321.774,2320649.062,11
6359369,-116.8128491,32.30124036,8,0,1098321.774,2320649.062,11
6359370,-116.8023561,32.30216377,8,0,1099321.774,2320649.062,11
6359371,-116.7918629,32.30308652,8,0,1100321.774,2320649.062,11
6359372,-116.7813695,32.30400862,8,0,1101321.774,2320649.062,11
6359373,-116.770876,32.30493006,8,0,1102321.774,2320649.062,11
6359374,-116.7603824,32.30585085,8,0,1103321.774,2320649.062,11
6359375,-116.7498886,32.30677099,8,0,1104321.774,2320649.062,11
6359376,-116.7393946,32.30769047,8,0,1105321.774,2320649.062,11
6359377,-116.7289004,32.30860929,8,0,1106321.774,2320649.062,11
6359378,-116.7184062,32.30952746,8,0,1107321.774,2320649.062,11
6359379,-116.7079117,32.31044498,8,0,1108321.774,2320649.062,11
6359380,-116.6974171,32.31136184,8,0,1109321.774,2320649.062,11
6359381,-116.6869223,32.31227805,8,0,1110321.774,2320649.062,11
6359382,-116.6764274,32.3131936,8,0,1111321.774,2320649.062,11
6362513,-117.1706299,32.2783654,8,0,1064321.774,2321649.062,11
6362514,-117.1601416,32.2793111,8,0,1065321.774,2321649.062,11
6362515,-117.1496532,32.28025614,8,0,1066321.774,2321649.062,11
6362516,-117.1391645,32.28120053,8,0,1067321.774,2321649.062,11
6362517,-117.1286757,32.28214427,8,0,1068321.774,2321649.062,11
6362518,-117.1181868,32.28308735,8,0,1069321.774,2321649.062,11
6362519,-117.1076977,32.28402978,8,0,1070321.774,2321649.062,11
6362520,-117.0972084,32.28497156,8,0,1071321.774,2321649.062,11
6362521,-117.0867189,32.28591268,8,0,1072321.774,2321649.062,11
6362522,-117.0762293,32.28685314,8,0,1073321.774,2321649.062,11
6362523,-117.0657395,32.28779295,8,0,1074321.774,2321649.062,11
6362524,-117.0552496,32.28873211,8,0,1075321.774,2321649.062,11
6362525,-117.0447595,32.28967061,8,0,1076321.774,2321649.062,11
6362526,-117.0342693,32.29060846,8,16,1077321.774,2321649.062,11
6362527,-117.0237788,32.29154566,8,0,1078321.774,2321649.062,11
6362528,-117.0132883,32.2924822,8,5,1079321.774,2321649.062,11
6362529,-117.0027975,32.29341808,8,4,1080321.774,2321649.062,11
6362530,-116.9923066,32.29435331,8,3,1081321.774,2321649.062,11
6362531,-116.9818156,32.29528789,8,3,1082321.774,2321649.062,11
6362532,-116.9713243,32.29622181,8,0,1083321.774,2321649.062,11
6362533,-116.960833,32.29715508,8,3,1084321.774,2321649.062,11
6362534,-116.9503414,32.29808769,8,0,1085321.774,2321649.062,11
6362535,-116.9398497,32.29901965,8,0,1086321.774,2321649.062,11
6362536,-116.9293578,32.29995096,8,0,1087321.774,2321649.062,11
6362537,-116.9188658,32.30088161,8,0,1088321.774,2321649.062,11
6362538,-116.9083736,32.3018116,8,0,1089321.774,2321649.062,11
6362539,-116.8978813,32.30274094,8,0,1090321.774,2321649.062,11
6362540,-116.8873888,32.30366963,8,0,1091321.774,2321649.062,11
6362541,-116.8768961,32.30459766,8,0,1092321.774,2321649.062,11
6362542,-116.8664033,32.30552504,8,0,1093321.774,2321649.062,11
6362543,-116.8559103,32.30645176,8,0,1094321.774,2321649.062,11
6362544,-116.8454172,32.30737783,8,0,1095321.774,2321649.062,11
6362545,-116.8349239,32.30830325,8,0,1096321.774,2321649.062,11
6362546,-116.8244304,32.30922801,8,0,1097321.774,2321649.062,11
6362547,-116.8139368,32.31015211,8,0,1098321.774,2321649.062,11
6362548,-116.803443,32.31107556,8,0,1099321.774,2321649.062,11
6362549,-116.792949,32.31199836,8,0,1100321.774,2321649.062,11
6362550,-116.7824549,32.3129205,8,0,1101321.774,2321649.062,11
6362551,-116.7719607,32.31384199,8,0,1102321.774,2321649.062,11
6362552,-116.7614663,32.31476282,8,0,1103321.774,2321649.062,11
6362553,-116.7509717,32.315683,8,0,1104321.774,2321649.062,11
6362554,-116.740477,32.31660252,8,0,1105321.774,2321649.062,11
6362555,-116.7299821,32.31752139,8,0,1106321.774,2321649.062,11
6362556,-116.719487,32.3184396,8,0,1107321.774,2321649.062,11
6362557,-116.7089918,32.31935716,8,0,1108321.774,2321649.062,11
6362558,-116.6984964,32.32027407,8,0,1109321.774,2321649.062,11
6362559,-116.6880009,32.32119032,8,0,1110321.774,2321649.062,11
6362560,-116.6775052,32.32210591,8,0,1111321.774,2321649.062,11
6365691,-117.1717436,32.28727541,8,0,1064321.774,2322649.062,11
6365692,-117.1612545,32.28822115,8,0,1065321.774,2322649.062,11
6365693,-117.1507653,32.28916624,8,0,1066321.774,2322649.062,11
6365694,-117.1402759,32.29011068,8,0,1067321.774,2322649.062,11
6365695,-117.1297864,32.29105446,8,0,1068321.774,2322649.062,11
6365696,-117.1192966,32.29199759,8,0,1069321.774,2322649.062,11
6365697,-117.1088068,32.29294006,8,0,1070321.774,2322649.062,11
6365698,-117.0983167,32.29388188,8,0,1071321.774,2322649.062,11
6365699,-117.0878265,32.29482304,8,0,1072321.774,2322649.062,11
6365700,-117.0773361,32.29576355,8,0,1073321.774,2322649.062,11
6365701,-117.0668456,32.29670341,8,0,1074321.774,2322649.062,11
6365702,-117.0563549,32.29764261,8,0,1075321.774,2322649.062,11
6365703,-117.0458641,32.29858116,8,75,1076321.774,2322649.062,11
6365704,-117.0353731,32.29951905,8,108,1077321.774,2322649.062,11
6365705,-117.0248819,32.30045629,8,663,1078321.774,2322649.062,11
6365706,-117.0143905,32.30139287,8,0,1079321.774,2322649.062,11
6365707,-117.0038991,32.3023288,8,20,1080321.774,2322649.062,11
6365708,-116.9934074,32.30326408,8,0,1081321.774,2322649.062,11
6365709,-116.9829156,32.3041987,8,0,1082321.774,2322649.062,11
6365710,-116.9724236,32.30513266,8,0,1083321.774,2322649.062,11
6365711,-116.9619314,32.30606598,8,2,1084321.774,2322649.062,11
6365712,-116.9514391,32.30699863,8,2,1085321.774,2322649.062,11
6365713,-116.9409467,32.30793064,8,2,1086321.774,2322649.062,11
6365714,-116.9304541,32.30886198,8,0,1087321.774,2322649.062,11
6365715,-116.9199613,32.30979268,8,0,1088321.774,2322649.062,11
6365716,-116.9094683,32.31072272,8,0,1089321.774,2322649.062,11
6365717,-116.8989752,32.3116521,8,0,1090321.774,2322649.062,11
6365718,-116.888482,32.31258083,8,0,1091321.774,2322649.062,11
6365719,-116.8779885,32.31350891,8,0,1092321.774,2322649.062,11
6365720,-116.8674949,32.31443633,8,0,1093321.774,2322649.062,11
6365721,-116.8570012,32.3153631,8,1,1094321.774,2322649.062,11
6365722,-116.8465073,32.31628921,8,0,1095321.774,2322649.062,11
6365723,-116.8360132,32.31721467,8,0,1096321.774,2322649.062,11
6365724,-116.825519,32.31813947,8,0,1097321.774,2322649.062,11
6365725,-116.8150246,32.31906362,8,0,1098321.774,2322649.062,11
6365726,-116.8045301,32.31998711,8,0,1099321.774,2322649.062,11
6365727,-116.7940354,32.32090995,8,0,1100321.774,2322649.062,11
6365728,-116.7835405,32.32183214,8,0,1101321.774,2322649.062,11
6365729,-116.7730455,32.32275367,8,0,1102321.774,2322649.062,11
6365730,-116.7625503,32.32367454,8,0,1103321.774,2322649.062,11
6365731,-116.752055,32.32459476,8,0,1104321.774,2322649.062,11
6365732,-116.7415595,32.32551433,8,0,1105321.774,2322649.062,11
6365733,-116.7310638,32.32643324,8,0,1106321.774,2322649.062,11
6365734,-116.720568,32.3273515,8,0,1107321.774,2322649.062,11
6365735,-116.7100721,32.3282691,8,0,1108321.774,2322649.062,11
6365736,-116.6995759,32.32918605,8,0,1109321.774,2322649.062,11
6365737,-116.6890796,32.33010234,8,0,1110321.774,2322649.062,11
6365738,-116.6785832,32.33101798,8,0,1111321.774,2322649.062,11
6368869,-117.1728574,32.29618518,8,0,1064321.774,2323649.062,11
6368870,-117.1623676,32.29713097,8,0,1065321.774,2323649.062,11
6368871,-117.1518776,32.29807611,8,0,1066321.774,2323649.062,11
6368872,-117.1413875,32.29902059,8,0,1067321.774,2323649.062,11
6368873,-117.1308972,32.29996441,8,0,1068321.774,2323649.062,11
6368874,-117.1204067,32.30090758,8,0,1069321.774,2323649.062,11
6368875,-117.109916,32.3018501,8,0,1070321.774,2323649.062,11
6368876,-117.0994252,32.30279196,8,0,1071321.774,2323649.062,11
6368877,-117.0889343,32.30373317,8,0,1072321.774,2323649.062,11
6368878,-117.0784431,32.30467373,8,0,1073321.774,2323649.062,11
6368879,-117.0679519,32.30561363,8,0,1074321.774,2323649.062,11
6368880,-117.0574604,32.30655287,8,0,1075321.774,2323649.062,11
6368881,-117.0469688,32.30749146,8,204,1076321.774,2323649.062,11
6368882,-117.036477,32.3084294,8,93,1077321.774,2323649.062,11
6368883,-117.0259851,32.30936668,8,5,1078321.774,2323649.062,11
6368884,-117.015493,32.31030331,8,0,1079321.774,2323649.062,11
6368885,-117.0050007,32.31123928,8,0,1080321.774,2323649.062,11
6368886,-116.9945083,32.3121746,8,0,1081321.774,2323649.062,11
6368887,-116.9840157,32.31310927,8,0,1082321.774,2323649.062,11
6368888,-116.973523,32.31404328,8,16,1083321.774,2323649.062,11
6368889,-116.9630301,32.31497663,8,0,1084321.774,2323649.062,11
6368890,-116.952537,32.31590933,8,0,1085321.774,2323649.062,11
6368891,-116.9420438,32.31684138,8,0,1086321.774,2323649.062,11
6368892,-116.9315504,32.31777277,8,0,1087321.774,2323649.062,11
6368893,-116.9210569,32.31870351,8,0,1088321.774,2323649.062,11
6368894,-116.9105632,32.31963359,8,0,1089321.774,2323649.062,11
6368895,-116.9000693,32.32056302,8,0,1090321.774,2323649.062,11
6368896,-116.8895753,32.3214918,8,0,1091321.774,2323649.062,11
6368897,-116.8790811,32.32241992,8,0,1092321.774,2323649.062,11
6368898,-116.8685868,32.32334738,8,0,1093321.774,2323649.062,11
6368899,-116.8580923,32.32427419,8,3,1094321.774,2323649.062,11
6368900,-116.8475976,32.32520035,8,0,1095321.774,2323649.062,11
6368901,-116.8371028,32.32612585,8,2,1096321.774,2323649.062,11
6368902,-116.8266078,32.32705069,8,0,1097321.774,2323649.062,11
6368903,-116.8161126,32.32797489,8,0,1098321.774,2323649.062,11
6368904,-116.8056173,32.32889842,8,0,1099321.774,2323649.062,11
6368905,-116.7951219,32.32982131,8,0,1100321.774,2323649.062,11
6368906,-116.7846263,32.33074354,8,0,1101321.774,2323649.062,11
6368907,-116.7741305,32.33166511,8,0,1102321.774,2323649.062,11
6368908,-116.7636345,32.33258603,8,0,1103321.774,2323649.062,11
6368909,-116.7531384,32.33350629,8,0,1104321.774,2323649.062,11
6368910,-116.7426422,32.3344259,8,0,1105321.774,2323649.062,11
6368911,-116.7321458,32.33534486,8,0,1106321.774,2323649.062,11
6368912,-116.7216492,32.33626316,8,0,1107321.774,2323649.062,11
6368913,-116.7111525,32.3371808,8,0,1108321.774,2323649.062,11
6368914,-116.7006556,32.33809779,8,0,1109321.774,2323649.062,11
6368915,-116.6901585,32.33901413,8,0,1110321.774,2323649.062,11
6368916,-116.6796613,32.33992981,8,0,1111321.774,2323649.062,11
6372047,-117.1739714,32.30509472,8,0,1064321.774,2324649.062,11
6372048,-117.1634808,32.30604055,8,0,1065321.774,2324649.062,11
6372049,-117.1529901,32.30698573,8,0,1066321.774,2324649.062,11
6372050,-117.1424992,32.30793025,8,0,1067321.774,2324649.062,11
6372051,-117.1320081,32.30887412,8,0,1068321.774,2324649.062,11
6372052,-117.1215169,32.30981734,8,0,1069321.774,2324649.062,11
6372053,-117.1110255,32.3107599,8,0,1070321.774,2324649.062,11
6372054,-117.1005339,32.31170181,8,0,1071321.774,2324649.062,11
6372055,-117.0900422,32.31264306,8,0,1072321.774,2324649.062,11
6372056,-117.0795503,32.31358366,8,0,1073321.774,2324649.062,11
6372057,-117.0690583,32.3145236,8,0,1074321.774,2324649.062,11
6372058,-117.058566,32.31546289,8,0,1075321.774,2324649.062,11
6372059,-117.0480737,32.31640153,8,226,1076321.774,2324649.062,11
6372060,-117.0375811,32.31733951,8,0,1077321.774,2324649.062,11
6372061,-117.0270885,32.31827684,8,0,1078321.774,2324649.062,11
6372062,-117.0165956,32.31921351,8,5,1079321.774,2324649.062,11
6372063,-117.0061026,32.32014952,8,783,1080321.774,2324649.062,11
6372064,-116.9956094,32.32108489,8,0,1081321.774,2324649.062,11
6372065,-116.9851161,32.3220196,8,8,1082321.774,2324649.062,11
6372066,-116.9746226,32.32295365,8,0,1083321.774,2324649.062,11
6372067,-116.9641289,32.32388705,8,0,1084321.774,2324649.062,11
6372068,-116.9536351,32.32481979,8,0,1085321.774,2324649.062,11
6372069,-116.9431411,32.32575189,8,0,1086321.774,2324649.062,11
6372070,-116.932647,32.32668332,8,0,1087321.774,2324649.062,11
6372071,-116.9221527,32.3276141,8,0,1088321.774,2324649.062,11
6372072,-116.9116582,32.32854423,8,0,1089321.774,2324649.062,11
6372073,-116.9011636,32.3294737,8,0,1090321.774,2324649.062,11
6372074,-116.8906688,32.33040252,8,0,1091321.774,2324649.062,11
6372075,-116.8801738,32.33133068,8,0,1092321.774,2324649.062,11
6372076,-116.8696787,32.33225819,8,0,1093321.774,2324649.062,11
6372077,-116.8591835,32.33318505,8,1,1094321.774,2324649.062,11
6372078,-116.848688,32.33411124,8,3,1095321.774,2324649.062,11
6372079,-116.8381925,32.33503679,8,0,1096321.774,2324649.062,11
6372080,-116.8276967,32.33596168,8,0,1097321.774,2324649.062,11
6372081,-116.8172008,32.33688591,8,0,1098321.774,2324649.062,11
6372082,-116.8067048,32.3378095,8,0,1099321.774,2324649.062,11
6372083,-116.7962085,32.33873242,8,0,1100321.774,2324649.062,11
6372084,-116.7857122,32.33965469,8,0,1101321.774,2324649.062,11
6372085,-116.7752156,32.34057631,8,0,1102321.774,2324649.062,11
6372086,-116.7647189,32.34149727,8,0,1103321.774,2324649.062,11
6372087,-116.7542221,32.34241758,8,0,1104321.774,2324649.062,11
6372088,-116.743725,32.34333723,8,0,1105321.774,2324649.062,11
6372089,-116.7332279,32.34425623,8,0,1106321.774,2324649.062,11
6372090,-116.7227305,32.34517457,8,0,1107321.774,2324649.062,11
6372091,-116.712233,32.34609226,8,2,1108321.774,2324649.062,11
6372092,-116.7017354,32.3470093,8,0,1109321.774,2324649.062,11
6372093,-116.6912376,32.34792568,8,0,1110321.774,2324649.062,11
6372094,-116.6807396,32.3488414,8,4,1111321.774,2324649.062,11
6375225,-117.1750856,32.31400401,8,0,1064321.774,2325649.062,11
6375226,-117.1645942,32.31494989,8,0,1065321.774,2325649.062,11
6375227,-117.1541027,32.31589511,8,0,1066321.774,2325649.062,11
6375228,-117.1436111,32.31683968,8,0,1067321.774,2325649.062,11
6375229,-117.1331192,32.31778359,8,0,1068321.774,2325649.062,11
6375230,-117.1226272,32.31872685,8,0,1069321.774,2325649.062,11
6375231,-117.1121351,32.31966946,8,0,1070321.774,2325649.062,11
6375232,-117.1016427,32.32061141,8,0,1071321.774,2325649.062,11
6375233,-117.0911503,32.32155271,8,0,1072321.774,2325649.062,11
6375234,-117.0806576,32.32249335,8,0,1073321.774,2325649.062,11
6375235,-117.0701648,32.32343334,8,0,1074321.774,2325649.062,11
6375236,-117.0596718,32.32437267,8,0,1075321.774,2325649.062,11
6375237,-117.0491787,32.32531135,8,157,1076321.774,2325649.062,11
6375238,-117.0386854,32.32624938,8,0,1077321.774,2325649.062,11
6375239,-117.028192,32.32718675,8,2,1078321.774,2325649.062,11
6375240,-117.0176984,32.32812346,8,2,1079321.774,2325649.062,11
6375241,-117.0072046,32.32905953,8,74,1080321.774,2325649.062,11
6375242,-116.9967106,32.32999493,8,34,1081321.774,2325649.062,11
6375243,-116.9862165,32.33092969,8,16,1082321.774,2325649.062,11
6375244,-116.9757223,32.33186378,8,0,1083321.774,2325649.062,11
6375245,-116.9652279,32.33279723,8,17,1084321.774,2325649.062,11
6375246,-116.9547333,32.33373002,8,0,1085321.774,2325649.062,11
6375247,-116.9442385,32.33466215,8,0,1086321.774,2325649.062,11
6375248,-116.9337436,32.33559363,8,0,1087321.774,2325649.062,11
6375249,-116.9232486,32.33652445,8,0,1088321.774,2325649.062,11
6375250,-116.9127534,32.33745462,8,0,1089321.774,2325649.062,11
6375251,-116.902258,32.33838414,8,0,1090321.774,2325649.062,11
6375252,-116.8917624,32.339313,8,0,1091321.774,2325649.062,11
6375253,-116.8812667,32.34024121,8,0,1092321.774,2325649.062,11
6375254,-116.8707709,32.34116876,8,0,1093321.774,2325649.062,11
6375255,-116.8602748,32.34209566,8,3,1094321.774,2325649.062,11
6375256,-116.8497787,32.3430219,8,5,1095321.774,2325649.062,11
6375257,-116.8392823,32.34394749,8,0,1096321.774,2325649.062,11
6375258,-116.8287858,32.34487242,8,1,1097321.774,2325649.062,11
6375259,-116.8182891,32.3457967,8,0,1098321.774,2325649.062,11
6375260,-116.8077923,32.34672033,8,0,1099321.774,2325649.062,11
6375261,-116.7972953,32.3476433,8,0,1100321.774,2325649.062,11
6375262,-116.7867982,32.34856561,8,0,1101321.774,2325649.062,11
6375263,-116.7763009,32.34948727,8,0,1102321.774,2325649.062,11
6375264,-116.7658035,32.35040828,8,0,1103321.774,2325649.062,11
6375265,-116.7553058,32.35132863,8,0,1104321.774,2325649.062,11
6375266,-116.7448081,32.35224832,8,0,1105321.774,2325649.062,11
6375267,-116.7343101,32.35316736,8,0,1106321.774,2325649.062,11
6375268,-116.723812,32.35408575,8,0,1107321.774,2325649.062,11
6375269,-116.7133138,32.35500348,8,0,1108321.774,2325649.062,11
6375270,-116.7028154,32.35592056,8,0,1109321.774,2325649.062,11
6375271,-116.6923168,32.35683698,8,0,1110321.774,2325649.062,11
6375272,-116.6818181,32.35775275,8,3,1111321.774,2325649.062,11
6378403,-117.1761999,32.32291306,8,0,1064321.774,2326649.062,11
6378404,-117.1657078,32.32385899,8,0,1065321.774,2326649.062,11
6378405,-117.1552155,32.32480425,8,0,1066321.774,2326649.062,11
6378406,-117.1447231,32.32574887,8,0,1067321.774,2326649.062,11
6378407,-117.1342305,32.32669283,8,0,1068321.774,2326649.062,11
6378408,-117.1237377,32.32763613,8,0,1069321.774,2326649.062,11
6378409,-117.1132448,32.32857878,8,0,1070321.774,2326649.062,11
6378410,-117.1027517,32.32952078,8,0,1071321.774,2326649.062,11
6378411,-117.0922585,32.33046212,8,0,1072321.774,2326649.062,11
6378412,-117.0817651,32.3314028,8,0,1073321.774,2326649.062,11
6378413,-117.0712715,32.33234284,8,0,1074321.774,2326649.062,11
6378414,-117.0607778,32.33328221,8,94,1075321.774,2326649.062,11
6378415,-117.0502839,32.33422094,8,644,1076321.774,2326649.062,11
6378416,-117.0397899,32.33515901,8,267,1077321.774,2326649.062,11
6378417,-117.0292957,32.33609642,8,156,1078321.774,2326649.062,11
6378418,-117.0188013,32.33703318,8,0,1079321.774,2326649.062,11
6378419,-117.0083068,32.33796929,8,52,1080321.774,2326649.062,11
6378420,-116.9978121,32.33890474,8,0,1081321.774,2326649.062,11
6378421,-116.9873172,32.33983953,8,33,1082321.774,2326649.062,11
6378422,-116.9768222,32.34077368,8,14,1083321.774,2326649.062,11
6378423,-116.966327,32.34170716,8,1,1084321.774,2326649.062,11
6378424,-116.9558317,32.34263999,8,0,1085321.774,2326649.062,11
6378425,-116.9453362,32.34357217,8,0,1086321.774,2326649.062,11
6378426,-116.9348405,32.3445037,8,0,1087321.774,2326649.062,11
6378427,-116.9243447,32.34543457,8,0,1088321.774,2326649.062,11
6378428,-116.9138487,32.34636478,8,0,1089321.774,2326649.062,11
6378429,-116.9033525,32.34729434,8,0,1090321.774,2326649.062,11
6378430,-116.8928562,32.34822324,8,0,1091321.774,2326649.062,11
6378431,-116.8823598,32.34915149,8,0,1092321.774,2326649.062,11
6378432,-116.8718632,32.35007909,8,0,1093321.774,2326649.062,11
6378433,-116.8613664,32.35100603,8,0,1094321.774,2326649.062,11
6378434,-116.8508694,32.35193232,8,0,1095321.774,2326649.062,11
6378435,-116.8403723,32.35285795,8,0,1096321.774,2326649.062,11
6378436,-116.8298751,32.35378293,8,2,1097321.774,2326649.062,11
6378437,-116.8193776,32.35470725,8,0,1098321.774,2326649.062,11
6378438,-116.8088801,32.35563092,8,0,1099321.774,2326649.062,11
6378439,-116.7983823,32.35655393,8,0,1100321.774,2326649.062,11
6378440,-116.7878844,32.35747629,8,0,1101321.774,2326649.062,11
6378441,-116.7773864,32.35839799,8,0,1102321.774,2326649.062,11
6378442,-116.7668881,32.35931904,8,0,1103321.774,2326649.062,11
6378443,-116.7563898,32.36023943,8,0,1104321.774,2326649.062,11
6378444,-116.7458912,32.36115917,8,0,1105321.774,2326649.062,11
6378445,-116.7353925,32.36207826,8,0,1106321.774,2326649.062,11
6378446,-116.7248937,32.36299669,8,0,1107321.774,2326649.062,11
6378447,-116.7143947,32.36391446,8,0,1108321.774,2326649.062,11
6378448,-116.7038955,32.36483158,8,0,1109321.774,2326649.062,11
6378449,-116.6933962,32.36574805,8,0,1110321.774,2326649.062,11
6378450,-116.6828967,32.36666386,8,4,1111321.774,2326649.062,11
6381581,-117.1773144,32.33182188,8,0,1064321.774,2327649.062,11
6381582,-117.1668215,32.33276784,8,0,1065321.774,2327649.062,11
6381583,-117.1563285,32.33371315,8,0,1066321.774,2327649.062,11
6381584,-117.1458353,32.33465781,8,0,1067321.774,2327649.062,11
6381585,-117.1353419,32.33560182,8,0,1068321.774,2327649.062,11
6381586,-117.1248484,32.33654516,8,0,1069321.774,2327649.062,11
6381587,-117.1143547,32.33748786,8,0,1070321.774,2327649.062,11
6381588,-117.1038609,32.3384299,8,0,1071321.774,2327649.062,11
6381589,-117.0933669,32.33937128,8,0,1072321.774,2327649.062,11
6381590,-117.0828727,32.34031202,8,0,1073321.774,2327649.062,11
6381591,-117.0723784,32.34125209,8,0,1074321.774,2327649.062,11
6381592,-117.0618839,32.34219151,8,844,1075321.774,2327649.062,11
6381593,-117.0513893,32.34313028,8,2727,1076321.774,2327649.062,11
6381594,-117.0408945,32.34406839,8,2057,1077321.774,2327649.062,11
6381595,-117.0303995,32.34500585,8,613,1078321.774,2327649.062,11
6381596,-117.0199044,32.34594266,8,0,1079321.774,2327649.062,11
6381597,-117.0094091,32.34687881,8,2040,1080321.774,2327649.062,11
6381598,-116.9989136,32.3478143,8,354,1081321.774,2327649.062,11
6381599,-116.988418,32.34874914,8,0,1082321.774,2327649.062,11
6381600,-116.9779222,32.34968333,8,0,1083321.774,2327649.062,11
6381601,-116.9674263,32.35061686,8,23,1084321.774,2327649.062,11
6381602,-116.9569302,32.35154973,8,0,1085321.774,2327649.062,11
6381603,-116.9464339,32.35248196,8,1,1086321.774,2327649.062,11
6381604,-116.9359375,32.35341352,8,3,1087321.774,2327649.062,11
6381605,-116.9254409,32.35434444,8,0,1088321.774,2327649.062,11
6381606,-116.9149442,32.35527469,8,0,1089321.774,2327649.062,11
6381607,-116.9044473,32.3562043,8,0,1090321.774,2327649.062,11
6381608,-116.8939502,32.35713325,8,0,1091321.774,2327649.062,11
6381609,-116.883453,32.35806154,8,0,1092321.774,2327649.062,11
6381610,-116.8729556,32.35898918,8,1,1093321.774,2327649.062,11
6381611,-116.8624581,32.35991616,8,1,1094321.774,2327649.062,11
6381612,-116.8519604,32.36084249,8,0,1095321.774,2327649.062,11
6381613,-116.8414625,32.36176817,8,0,1096321.774,2327649.062,11
6381614,-116.8309645,32.36269319,8,0,1097321.774,2327649.062,11
6381615,-116.8204663,32.36361755,8,0,1098321.774,2327649.062,11
6381616,-116.809968,32.36454126,8,0,1099321.774,2327649.062,11
6381617,-116.7994694,32.36546432,8,4,1100321.774,2327649.062,11
6381618,-116.7889708,32.36638672,8,0,1101321.774,2327649.062,11
6381619,-116.778472,32.36730847,8,0,1102321.774,2327649.062,11
6381620,-116.767973,32.36822956,8,0,1103321.774,2327649.062,11
6381621,-116.7574739,32.36915,8,0,1104321.774,2327649.062,11
6381622,-116.7469746,32.37006978,8,0,1105321.774,2327649.062,11
6381623,-116.7364751,32.37098891,8,0,1106321.774,2327649.062,11
6381624,-116.7259755,32.37190738,8,0,1107321.774,2327649.062,11
6381625,-116.7154757,32.3728252,8,0,1108321.774,2327649.062,11
6381626,-116.7049758,32.37374236,8,0,1109321.774,2327649.062,11
6381627,-116.6944757,32.37465887,8,0,1110321.774,2327649.062,11
6381628,-116.6839755,32.37557472,8,0,1111321.774,2327649.062,11
6384759,-117.178429,32.34073045,8,0,1064321.774,2328649.062,11
6384760,-117.1679354,32.34167646,8,0,1065321.774,2328649.062,11
6384761,-117.1574416,32.34262182,8,0,1066321.774,2328649.062,11
6384762,-117.1469476,32.34356652,8,0,1067321.774,2328649.062,11
6384763,-117.1364535,32.34451056,8,0,1068321.774,2328649.062,11
6384764,-117.1259593,32.34545396,8,0,1069321.774,2328649.062,11
6384765,-117.1154648,32.3463967,8,0,1070321.774,2328649.062,11
6384766,-117.1049702,32.34733878,8,0,1071321.774,2328649.062,11
6384767,-117.0944755,32.34828021,8,0,1072321.774,2328649.062,11
6384768,-117.0839806,32.34922099,8,0,1073321.774,2328649.062,11
6384769,-117.0734855,32.35016111,8,0,1074321.774,2328649.062,11
6384770,-117.0629902,32.35110057,8,1719,1075321.774,2328649.062,11
6384771,-117.0524948,32.35203938,8,3115,1076321.774,2328649.062,11
6384772,-117.0419992,32.35297754,8,2175,1077321.774,2328649.062,11
6384773,-117.0315035,32.35391504,8,556,1078321.774,2328649.062,11
6384774,-117.0210076,32.35485189,8,0,1079321.774,2328649.062,11
6384775,-117.0105116,32.35578808,8,8,1080321.774,2328649.062,11
6384776,-117.0000154,32.35672362,8,0,1081321.774,2328649.062,11
6384777,-116.989519,32.35765851,8,0,1082321.774,2328649.062,11
6384778,-116.9790224,32.35859274,8,0,1083321.774,2328649.062,11
6384779,-116.9685257,32.35952631,8,0,1084321.774,2328649.062,11
6384780,-116.9580289,32.36045923,8,0,1085321.774,2328649.062,11
6384781,-116.9475319,32.3613915,8,0,1086321.774,2328649.062,11
6384782,-116.9370347,32.36232311,8,0,1087321.774,2328649.062,11
6384783,-116.9265373,32.36325406,8,0,1088321.774,2328649.062,11
6384784,-116.9160398,32.36418437,8,0,1089321.774,2328649.062,11
6384785,-116.9055422,32.36511401,8,0,1090321.774,2328649.062,11
6384786,-116.8950443,32.366043,8,0,1091321.774,2328649.062,11
6384787,-116.8845464,32.36697134,8,0,1092321.774,2328649.062,11
6384788,-116.8740482,32.36789903,8,2,1093321.774,2328649.062,11
6384789,-116.8635499,32.36882605,8,0,1094321.774,2328649.062,11
6384790,-116.8530515,32.36975243,8,0,1095321.774,2328649.062,11
6384791,-116.8425528,32.37067814,8,0,1096321.774,2328649.062,11
6384792,-116.832054,32.37160321,8,0,1097321.774,2328649.062,11
6384793,-116.8215551,32.37252762,8,0,1098321.774,2328649.062,11
6384794,-116.811056,32.37345137,8,0,1099321.774,2328649.062,11
6384795,-116.8005567,32.37437447,8,0,1100321.774,2328649.062,11
6384796,-116.7900573,32.37529692,8,0,1101321.774,2328649.062,11
6384797,-116.7795577,32.37621871,8,1,1102321.774,2328649.062,11
6384798,-116.769058,32.37713984,8,0,1103321.774,2328649.062,11
6384799,-116.7585581,32.37806032,8,0,1104321.774,2328649.062,11
6384800,-116.748058,32.37898015,8,0,1105321.774,2328649.062,11
6384801,-116.7375578,32.37989932,8,0,1106321.774,2328649.062,11
6384802,-116.7270575,32.38081783,8,0,1107321.774,2328649.062,11
6384803,-116.7165569,32.38173569,8,0,1108321.774,2328649.062,11
6384804,-116.7060562,32.3826529,8,0,1109321.774,2328649.062,11
6384805,-116.6955554,32.38356945,8,0,1110321.774,2328649.062,11
6384806,-116.6850544,32.38448535,8,12,1111321.774,2328649.062,11
6387937,-117.1795438,32.34963878,8,0,1064321.774,2329649.062,11
6387938,-117.1690494,32.35058483,8,0,1065321.774,2329649.062,11
6387939,-117.1585549,32.35153023,8,0,1066321.774,2329649.062,11
6387940,-117.1480602,32.35247498,8,0,1067321.774,2329649.062,11
6387941,-117.1375653,32.35341907,8,0,1068321.774,2329649.062,11
6387942,-117.1270703,32.35436251,8,0,1069321.774,2329649.062,11
6387943,-117.1165751,32.35530529,8,0,1070321.774,2329649.062,11
6387944,-117.1060797,32.35624742,8,0,1071321.774,2329649.062,11
6387945,-117.0955842,32.3571889,8,0,1072321.774,2329649.062,11
6387946,-117.0850885,32.35812972,8,0,1073321.774,2329649.062,11
6387947,-117.0745927,32.35906988,8,34,1074321.774,2329649.062,11
6387948,-117.0640967,32.36000939,8,1999,1075321.774,2329649.062,11
6387949,-117.0536005,32.36094825,8,3858,1076321.774,2329649.062,11
6387950,-117.0431042,32.36188645,8,5837,1077321.774,2329649.062,11
6387951,-117.0326077,32.36282399,8,187,1078321.774,2329649.062,11
6387952,-117.022111,32.36376088,8,2,1079321.774,2329649.062,11
6387953,-117.0116142,32.36469712,8,7,1080321.774,2329649.062,11
6387954,-117.0011172,32.3656327,8,0,1081321.774,2329649.062,11
6387955,-116.9906201,32.36656763,8,0,1082321.774,2329649.062,11
6387956,-116.9801228,32.36750191,8,0,1083321.774,2329649.062,11
6387957,-116.9696254,32.36843552,8,0,1084321.774,2329649.062,11
6387958,-116.9591277,32.36936849,8,0,1085321.774,2329649.062,11
6387959,-116.94863,32.3703008,8,0,1086321.774,2329649.062,11
6387960,-116.938132,32.37123245,8,0,1087321.774,2329649.062,11
6387961,-116.9276339,32.37216345,8,0,1088321.774,2329649.062,11
6387962,-116.9171356,32.3730938,8,4,1089321.774,2329649.062,11
6387963,-116.9066372,32.37402349,8,0,1090321.774,2329649.062,11
6387964,-116.8961386,32.37495252,8,0,1091321.774,2329649.062,11
6387965,-116.8856399,32.3758809,8,1,1092321.774,2329649.062,11
6387966,-116.875141,32.37680863,8,0,1093321.774,2329649.062,11
6387967,-116.8646419,32.3777357,8,0,1094321.774,2329649.062,11
6387968,-116.8541427,32.37866212,8,0,1095321.774,2329649.062,11
6387969,-116.8436433,32.37958788,8,0,1096321.774,2329649.062,11
6387970,-116.8331438,32.38051299,8,0,1097321.774,2329649.062,11
6387971,-116.8226441,32.38143744,8,0,1098321.774,2329649.062,11
6387972,-116.8121442,32.38236124,8,0,1099321.774,2329649.062,11
6387973,-116.8016442,32.38328438,8,0,1100321.774,2329649.062,11
6387974,-116.791144,32.38420687,8,3,1101321.774,2329649.062,11
6387975,-116.7806437,32.3851287,8,0,1102321.774,2329649.062,11
6387976,-116.7701432,32.38604988,8,0,1103321.774,2329649.062,11
6387977,-116.7596425,32.3869704,8,0,1104321.774,2329649.062,11
6387978,-116.7491417,32.38789027,8,0,1105321.774,2329649.062,11
6387979,-116.7386407,32.38880948,8,0,1106321.774,2329649.062,11
6387980,-116.7281396,32.38972804,8,21,1107321.774,2329649.062,11
6387981,-116.7176383,32.39064595,8,7,1108321.774,2329649.062,11
6387982,-116.7071368,32.3915632,8,0,1109321.774,2329649.062,11
6387983,-116.6966352,32.39247979,8,0,1110321.774,2329649.062,11
6387984,-116.6861335,32.39339573,8,2,1111321.774,2329649.062,11
6391115,-117.1806588,32.35854687,8,0,1064321.774,2330649.062,11
6391116,-117.1701636,32.35949297,8,0,1065321.774,2330649.062,11
6391117,-117.1596683,32.36043841,8,0,1066321.774,2330649.062,11
6391118,-117.1491729,32.3613832,8,0,1067321.774,2330649.062,11
6391119,-117.1386772,32.36232734,8,0,1068321.774,2330649.062,11
6391120,-117.1281814,32.36327082,8,0,1069321.774,2330649.062,11
6391121,-117.1176855,32.36421365,8,0,1070321.774,2330649.062,11
6391122,-117.1071894,32.36515582,8,0,1071321.774,2330649.062,11
6391123,-117.0966931,32.36609734,8,0,1072321.774,2330649.062,11
6391124,-117.0861967,32.3670382,8,0,1073321.774,2330649.062,11
6391125,-117.0757001,32.36797841,8,134,1074321.774,2330649.062,11
6391126,-117.0652033,32.36891797,8,1156,1075321.774,2330649.062,11
6391127,-117.0547064,32.36985687,8,4138,1076321.774,2330649.062,11
6391128,-117.0442093,32.37079511,8,5764,1077321.774,2330649.062,11
6391129,-117.033712,32.3717327,8,379,1078321.774,2330649.062,11
6391130,-117.0232146,32.37266964,8,13,1079321.774,2330649.062,11
6391131,-117.012717,32.37360592,8,0,1080321.774,2330649.062,11
6391132,-117.0022193,32.37454154,8,0,1081321.774,2330649.062,11
6391133,-116.9917214,32.37547652,8,0,1082321.774,2330649.062,11
6391134,-116.9812233,32.37641083,8,0,1083321.774,2330649.062,11
6391135,-116.9707251,32.3773445,8,0,1084321.774,2330649.062,11
6391136,-116.9602267,32.3782775,8,0,1085321.774,2330649.062,11
6391137,-116.9497282,32.37920986,8,0,1086321.774,2330649.062,11
6391138,-116.9392295,32.38014155,8,0,1087321.774,2330649.062,11
6391139,-116.9287306,32.3810726,8,0,1088321.774,2330649.062,11
6391140,-116.9182316,32.38200299,8,5,1089321.774,2330649.062,11
6391141,-116.9077324,32.38293272,8,0,1090321.774,2330649.062,11
6391142,-116.8972331,32.3838618,8,0,1091321.774,2330649.062,11
6391143,-116.8867336,32.38479022,8,0,1092321.774,2330649.062,11
6391144,-116.8762339,32.38571799,8,0,1093321.774,2330649.062,11
6391145,-116.8657341,32.38664511,8,0,1094321.774,2330649.062,11
6391146,-116.8552341,32.38757157,8,0,1095321.774,2330649.062,11
6391147,-116.844734,32.38849737,8,0,1096321.774,2330649.062,11
6391148,-116.8342337,32.38942252,8,1,1097321.774,2330649.062,11
6391149,-116.8237332,32.39034702,8,0,1098321.774,2330649.062,11
6391150,-116.8132326,32.39127086,8,0,1099321.774,2330649.062,11
6391151,-116.8027318,32.39219405,8,0,1100321.774,2330649.062,11
6391152,-116.7922309,32.39311658,8,0,1101321.774,2330649.062,11
6391153,-116.7817298,32.39403845,8,0,1102321.774,2330649.062,11
6391154,-116.7712285,32.39495968,8,0,1103321.774,2330649.062,11
6391155,-116.7607271,32.39588024,8,0,1104321.774,2330649.062,11
6391156,-116.7502255,32.39680015,8,0,1105321.774,2330649.062,11
6391157,-116.7397238,32.39771941,8,0,1106321.774,2330649.062,11
6391158,-116.7292219,32.39863801,8,0,1107321.774,2330649.062,11
6391159,-116.7187198,32.39955596,8,0,1108321.774,2330649.062,11
6391160,-116.7082176,32.40047325,8,0,1109321.774,2330649.062,11
6391161,-116.6977152,32.40138989,8,0,1110321.774,2330649.062,11
6391162,-116.6872127,32.40230587,8,7,1111321.774,2330649.062,11
6394293,-117.1817739,32.36745472,8,0,1064321.774,2331649.062,11
6394294,-117.171278,32.36840086,8,0,1065321.774,2331649.062,11
6394295,-117.1607819,32.36934635,8,0,1066321.774,2331649.062,11
6394296,-117.1502857,32.37029119,8,0,1067321.774,2331649.062,11
6394297,-117.1397893,32.37123537,8,0,1068321.774,2331649.062,11
6394298,-117.1292928,32.37217889,8,0,1069321.774,2331649.062,11
6394299,-117.1187961,32.37312176,8,0,1070321.774,2331649.062,11
6394300,-117.1082992,32.37406398,8,0,1071321.774,2331649.062,11
6394301,-117.0978021,32.37500554,8,0,1072321.774,2331649.062,11
6394302,-117.0873049,32.37594645,8,0,1073321.774,2331649.062,11
6394303,-117.0768076,32.3768867,8,329,1074321.774,2331649.062,11
6394304,-117.0663101,32.3778263,8,578,1075321.774,2331649.062,11
6394305,-117.0558124,32.37876524,8,3789,1076321.774,2331649.062,11
6394306,-117.0453145,32.37970353,8,4429,1077321.774,2331649.062,11
6394307,-117.0348165,32.38064117,8,0,1078321.774,2331649.062,11
6394308,-117.0243183,32.38157815,8,7,1079321.774,2331649.062,11
6394309,-117.01382,32.38251447,8,10,1080321.774,2331649.062,11
6394310,-117.0033215,32.38345014,8,0,1081321.774,2331649.062,11
6394311,-116.9928229,32.38438516,8,0,1082321.774,2331649.062,11
6394312,-116.982324,32.38531952,8,0,1083321.774,2331649.062,11
6394313,-116.9718251,32.38625323,8,0,1084321.774,2331649.062,11
6394314,-116.9613259,32.38718628,8,184,1085321.774,2331649.062,11
6394315,-116.9508266,32.38811867,8,1396,1086321.774,2331649.062,11
6394316,-116.9403272,32.38905042,8,0,1087321.774,2331649.062,11
6394317,-116.9298275,32.3899815,8,1,1088321.774,2331649.062,11
6394318,-116.9193278,32.39091193,8,12,1089321.774,2331649.062,11
6394319,-116.9088278,32.39184171,8,0,1090321.774,2331649.062,11
6394320,-116.8983277,32.39277083,8,0,1091321.774,2331649.062,11
6394321,-116.8878274,32.3936993,8,0,1092321.774,2331649.062,11
6394322,-116.877327,32.39462712,8,0,1093321.774,2331649.062,11
6394323,-116.8668264,32.39555427,8,0,1094321.774,2331649.062,11
6394324,-116.8563257,32.39648078,8,0,1095321.774,2331649.062,11
6394325,-116.8458248,32.39740663,8,0,1096321.774,2331649.062,11
6394326,-116.8353237,32.39833182,8,0,1097321.774,2331649.062,11
6394327,-116.8248225,32.39925636,8,0,1098321.774,2331649.062,11
6394328,-116.8143211,32.40018024,8,0,1099321.774,2331649.062,11
6394329,-116.8038196,32.40110347,8,0,1100321.774,2331649.062,11
6394330,-116.7933179,32.40202605,8,0,1101321.774,2331649.062,11
6394331,-116.782816,32.40294797,8,0,1102321.774,2331649.062,11
6394332,-116.772314,32.40386923,8,0,1103321.774,2331649.062,11
6394333,-116.7618118,32.40478984,8,0,1104321.774,2331649.062,11
6394334,-116.7513095,32.40570979,8,0,1105321.774,2331649.062,11
6394335,-116.740807,32.40662909,8,95,1106321.774,2331649.062,11
6394336,-116.7303043,32.40754774,8,0,1107321.774,2331649.062,11
6394337,-116.7198015,32.40846573,8,0,1108321.774,2331649.062,11
6394338,-116.7092985,32.40938306,8,0,1109321.774,2331649.062,11
6394339,-116.6987954,32.41029974,8,0,1110321.774,2331649.062,11
6394340,-116.6882921,32.41121577,8,0,1111321.774,2331649.062,11
6397471,-117.1828892,32.37636232,8,0,1064321.774,2332649.062,11
6397472,-117.1723925,32.37730851,8,0,1065321.774,2332649.062,11
6397473,-117.1618957,32.37825405,8,0,1066321.774,2332649.062,11
6397474,-117.1513987,32.37919892,8,0,1067321.774,2332649.062,11
6397475,-117.1409016,32.38014315,8,0,1068321.774,2332649.062,11
6397476,-117.1304043,32.38108672,8,0,1069321.774,2332649.062,11
6397477,-117.1199068,32.38202964,8,0,1070321.774,2332649.062,11
6397478,-117.1094092,32.3829719,8,0,1071321.774,2332649.062,11
6397479,-117.0989114,32.3839135,8,0,1072321.774,2332649.062,11
6397480,-117.0884134,32.38485445,8,47,1073321.774,2332649.062,11
6397481,-117.0779153,32.38579475,8,550,1074321.774,2332649.062,11
6397482,-117.067417,32.38673439,8,700,1075321.774,2332649.062,11
6397483,-117.0569185,32.38767338,8,2820,1076321.774,2332649.062,11
6397484,-117.0464199,32.38861171,8,1920,1077321.774,2332649.062,11
6397485,-117.0359212,32.38954939,8,0,1078321.774,2332649.062,11
6397486,-117.0254222,32.39048642,8,0,1079321.774,2332649.062,11
6397487,-117.0149231,32.39142278,8,151,1080321.774,2332649.062,11
6397488,-117.0044239,32.3923585,8,2,1081321.774,2332649.062,11
6397489,-116.9939245,32.39329356,8,0,1082321.774,2332649.062,11
6397490,-116.9834249,32.39422796,8,0,1083321.774,2332649.062,11
6397491,-116.9729252,32.39516171,8,0,1084321.774,2332649.062,11
6397492,-116.9624253,32.39609481,8,29,1085321.774,2332649.062,11
6397493,-116.9519252,32.39702725,8,1567,1086321.774,2332649.062,11
6397494,-116.941425,32.39795903,8,1646,1087321.774,2332649.062,11
6397495,-116.9309246,32.39889016,8,12,1088321.774,2332649.062,11
6397496,-116.920424,32.39982064,8,12,1089321.774,2332649.062,11
6397497,-116.9099233,32.40075046,8,0,1090321.774,2332649.062,11
6397498,-116.8994225,32.40167963,8,0,1091321.774,2332649.062,11
6397499,-116.8889215,32.40260814,8,0,1092321.774,2332649.062,11
6397500,-116.8784203,32.403536,8,0,1093321.774,2332649.062,11
6397501,-116.8679189,32.4044632,8,0,1094321.774,2332649.062,11
6397502,-116.8574174,32.40538974,8,0,1095321.774,2332649.062,11
6397503,-116.8469157,32.40631564,8,0,1096321.774,2332649.062,11
6397504,-116.8364139,32.40724087,8,0,1097321.774,2332649.062,11
6397505,-116.8259119,32.40816546,8,0,1098321.774,2332649.062,11
6397506,-116.8154098,32.40908938,8,0,1099321.774,2332649.062,11
6397507,-116.8049075,32.41001266,8,0,1100321.774,2332649.062,11
6397508,-116.794405,32.41093527,8,3,1101321.774,2332649.062,11
6397509,-116.7839024,32.41185724,8,0,1102321.774,2332649.062,11
6397510,-116.7733996,32.41277854,8,0,1103321.774,2332649.062,11
6397511,-116.7628967,32.4136992,8,0,1104321.774,2332649.062,11
6397512,-116.7523936,32.41461919,8,0,1105321.774,2332649.062,11
6397513,-116.7418903,32.41553854,8,0,1106321.774,2332649.062,11
6397514,-116.7313869,32.41645722,8,0,1107321.774,2332649.062,11
6397515,-116.7208833,32.41737526,8,0,1108321.774,2332649.062,11
6397516,-116.7103796,32.41829263,8,0,1109321.774,2332649.062,11
6397517,-116.6998757,32.41920936,8,0,1110321.774,2332649.062,11
6397518,-116.6893717,32.42012542,8,3,1111321.774,2332649.062,11
6400649,-117.1840046,32.38526969,8,0,1064321.774,2333649.062,11
6400650,-117.1735072,32.38621592,8,0,1065321.774,2333649.062,11
6400651,-117.1630096,32.3871615,8,0,1066321.774,2333649.062,11
6400652,-117.1525119,32.38810642,8,0,1067321.774,2333649.062,11
6400653,-117.142014,32.38905069,8,0,1068321.774,2333649.062,11
6400654,-117.1315159,32.38999431,8,0,1069321.774,2333649.062,11
6400655,-117.1210177,32.39093727,8,0,1070321.774,2333649.062,11
6400656,-117.1105193,32.39187957,8,0,1071321.774,2333649.062,11
6400657,-117.1000207,32.39282122,8,0,1072321.774,2333649.062,11
6400658,-117.089522,32.39376222,8,19,1073321.774,2333649.062,11
6400659,-117.0790231,32.39470256,8,5,1074321.774,2333649.062,11
6400660,-117.0685241,32.39564224,8,380,1075321.774,2333649.062,11
6400661,-117.0580249,32.39658128,8,1476,1076321.774,2333649.062,11
6400662,-117.0475255,32.39751965,8,1540,1077321.774,2333649.062,11
6400663,-117.037026,32.39845737,8,379,1078321.774,2333649.062,11
6400664,-117.0265263,32.39939444,8,1361,1079321.774,2333649.062,11
6400665,-117.0160264,32.40033085,8,1104,1080321.774,2333649.062,11
6400666,-117.0055264,32.40126661,8,0,1081321.774,2333649.062,11
6400667,-116.9950262,32.40220172,8,0,1082321.774,2333649.062,11
6400668,-116.9845259,32.40313616,8,0,1083321.774,2333649.062,11
6400669,-116.9740254,32.40406996,8,2385,1084321.774,2333649.062,11
6400670,-116.9635248,32.4050031,8,4783,1085321.774,2333649.062,11
6400671,-116.9530239,32.40593558,8,51,1086321.774,2333649.062,11
6400672,-116.9425229,32.40686741,8,10676,1087321.774,2333649.062,11
6400673,-116.9320218,32.40779858,8,1567,1088321.774,2333649.062,11
6400674,-116.9215205,32.4087291,8,2189,1089321.774,2333649.062,11
6400675,-116.911019,32.40965897,8,0,1090321.774,2333649.062,11
6400676,-116.9005174,32.41058818,8,0,1091321.774,2333649.062,11
6400677,-116.8900156,32.41151673,8,0,1092321.774,2333649.062,11
6400678,-116.8795137,32.41244463,8,0,1093321.774,2333649.062,11
6400679,-116.8690116,32.41337188,8,0,1094321.774,2333649.062,11
6400680,-116.8585093,32.41429847,8,28,1095321.774,2333649.062,11
6400681,-116.8480069,32.4152244,8,1,1096321.774,2333649.062,11
6400682,-116.8375043,32.41614968,8,0,1097321.774,2333649.062,11
6400683,-116.8270015,32.41707431,8,0,1098321.774,2333649.062,11
6400684,-116.8164986,32.41799828,8,1,1099321.774,2333649.062,11
6400685,-116.8059956,32.4189216,8,0,1100321.774,2333649.062,11
6400686,-116.7954924,32.41984426,8,0,1101321.774,2333649.062,11
6400687,-116.784989,32.42076626,8,0,1102321.774,2333649.062,11
6400688,-116.7744854,32.42168761,8,0,1103321.774,2333649.062,11
6400689,-116.7639817,32.42260831,8,0,1104321.774,2333649.062,11
6400690,-116.7534779,32.42352835,8,0,1105321.774,2333649.062,11
6400691,-116.7429738,32.42444773,8,0,1106321.774,2333649.062,11
6400692,-116.7324697,32.42536647,8,0,1107321.774,2333649.062,11
6400693,-116.7219653,32.42628454,8,0,1108321.774,2333649.062,11
6400694,-116.7114608,32.42720196,8,0,1109321.774,2333649.062,11
6400695,-116.7009562,32.42811873,8,0,1110321.774,2333649.062,11
6400696,-116.6904514,32.42903484,8,0,1111321.774,2333649.062,11
6403827,-117.1851203,32.39417681,8,0,1064321.774,2334649.062,11
6403828,-117.1746221,32.39512309,8,0,1065321.774,2334649.062,11
6403829,-117.1641237,32.39606871,8,0,1066321.774,2334649.062,11
6403830,-117.1536252,32.39701368,8,0,1067321.774,2334649.062,11
6403831,-117.1431266,32.39795799,8,0,1068321.774,2334649.062,11
6403832,-117.1326277,32.39890165,8,0,1069321.774,2334649.062,11
6403833,-117.1221288,32.39984465,8,0,1070321.774,2334649.062,11
6403834,-117.1116296,32.400787,8,0,1071321.774,2334649.062,11
6403835,-117.1011303,32.4017287,8,0,1072321.774,2334649.062,11
6403836,-117.0906308,32.40266974,8,0,1073321.774,2334649.062,11
6403837,-117.0801312,32.40361012,8,147,1074321.774,2334649.062,11
6403838,-117.0696314,32.40454985,8,615,1075321.774,2334649.062,11
6403839,-117.0591314,32.40548893,8,1762,1076321.774,2334649.062,11
6403840,-117.0486313,32.40642735,8,1322,1077321.774,2334649.062,11
6403841,-117.038131,32.40736511,8,2141,1078321.774,2334649.062,11
6403842,-117.0276305,32.40830223,8,2152,1079321.774,2334649.062,11
6403843,-117.0171299,32.40923868,8,1532,1080321.774,2334649.062,11
6403844,-117.0066291,32.41017448,8,0,1081321.774,2334649.062,11
6403845,-116.9961282,32.41110963,8,0,1082321.774,2334649.062,11
6403846,-116.9856271,32.41204412,8,0,1083321.774,2334649.062,11
6403847,-116.9751258,32.41297796,8,1098,1084321.774,2334649.062,11
6403848,-116.9646244,32.41391114,8,6557,1085321.774,2334649.062,11
6403849,-116.9541228,32.41484367,8,290,1086321.774,2334649.062,11
6403850,-116.9436211,32.41577554,8,1074,1087321.774,2334649.062,11
6403851,-116.9331192,32.41670676,8,563,1088321.774,2334649.062,11
6403852,-116.9226171,32.41763732,8,12,1089321.774,2334649.062,11
6403853,-116.9121149,32.41856723,8,1,1090321.774,2334649.062,11
6403854,-116.9016125,32.41949649,8,0,1091321.774,2334649.062,11
6403855,-116.89111,32.42042508,8,0,1092321.774,2334649.062,11
6403856,-116.8806072,32.42135303,8,595,1093321.774,2334649.062,11
6403857,-116.8701044,32.42228032,8,10,1094321.774,2334649.062,11
6403858,-116.8596014,32.42320695,8,55,1095321.774,2334649.062,11
6403859,-116.8490982,32.42413293,8,20,1096321.774,2334649.062,11
6403860,-116.8385948,32.42505825,8,0,1097321.774,2334649.062,11
6403861,-116.8280913,32.42598292,8,0,1098321.774,2334649.062,11
6403862,-116.8175877,32.42690693,8,0,1099321.774,2334649.062,11
6403863,-116.8070838,32.42783029,8,0,1100321.774,2334649.062,11
6403864,-116.7965798,32.428753,8,0,1101321.774,2334649.062,11
6403865,-116.7860757,32.42967505,8,0,1102321.774,2334649.062,11
6403866,-116.7755714,32.43059644,8,0,1103321.774,2334649.062,11
6403867,-116.7650669,32.43151718,8,0,1104321.774,2334649.062,11
6403868,-116.7545623,32.43243726,8,91,1105321.774,2334649.062,11
6403869,-116.7440575,32.43335669,8,0,1106321.774,2334649.062,11
6403870,-116.7335526,32.43427546,8,0,1107321.774,2334649.062,11
6403871,-116.7230475,32.43519358,8,0,1108321.774,2334649.062,11
6403872,-116.7125422,32.43611105,8,0,1109321.774,2334649.062,11
6403873,-116.7020368,32.43702785,8,0,1110321.774,2334649.062,11
6403874,-116.6915312,32.43794401,8,0,1111321.774,2334649.062,11
6407005,-117.186236,32.40308369,8,0,1064321.774,2335649.062,11
6407006,-117.1757371,32.40403001,8,0,1065321.774,2335649.062,11
6407007,-117.165238,32.40497568,8,0,1066321.774,2335649.062,11
6407008,-117.1547387,32.40592069,8,0,1067321.774,2335649.062,11
6407009,-117.1442393,32.40686505,8,0,1068321.774,2335649.062,11
6407010,-117.1337397,32.40780875,8,0,1069321.774,2335649.062,11
6407011,-117.12324,32.4087518,8,0,1070321.774,2335649.062,11
6407012,-117.1127401,32.40969419,8,0,1071321.774,2335649.062,11
6407013,-117.10224,32.41063593,8,0,1072321.774,2335649.062,11
6407014,-117.0917397,32.41157702,8,347,1073321.774,2335649.062,11
6407015,-117.0812393,32.41251744,8,28,1074321.774,2335649.062,11
6407016,-117.0707388,32.41345722,8,147,1075321.774,2335649.062,11
6407017,-117.060238,32.41439634,8,1645,1076321.774,2335649.062,11
6407018,-117.0497372,32.4153348,8,393,1077321.774,2335649.062,11
6407019,-117.0392361,32.41627261,8,518,1078321.774,2335649.062,11
6407020,-117.0287349,32.41720977,8,2276,1079321.774,2335649.062,11
6407021,-117.0182335,32.41814627,8,85,1080321.774,2335649.062,11
6407022,-117.007732,32.41908211,8,892,1081321.774,2335649.062,11
6407023,-116.9972303,32.4200173,8,0,1082321.774,2335649.062,11
6407024,-116.9867284,32.42095184,8,2,1083321.774,2335649.062,11
6407025,-116.9762264,32.42188572,8,4649,1084321.774,2335649.062,11
6407026,-116.9657242,32.42281895,8,9677,1085321.774,2335649.062,11
6407027,-116.9552219,32.42375152,8,3551,1086321.774,2335649.062,11
6407028,-116.9447194,32.42468343,8,2948,1087321.774,2335649.062,11
6407029,-116.9342167,32.4256147,8,1,1088321.774,2335649.062,11
6407030,-116.9237139,32.4265453,8,3,1089321.774,2335649.062,11
6407031,-116.9132109,32.42747525,8,21,1090321.774,2335649.062,11
6407032,-116.9027078,32.42840455,8,0,1091321.774,2335649.062,11
6407033,-116.8922044,32.42933319,8,2,1092321.774,2335649.062,11
6407034,-116.881701,32.43026118,8,103,1093321.774,2335649.062,11
6407035,-116.8711974,32.43118851,8,18,1094321.774,2335649.062,11
6407036,-116.8606936,32.43211519,8,16,1095321.774,2335649.062,11
6407037,-116.8501896,32.43304121,8,81,1096321.774,2335649.062,11
6407038,-116.8396855,32.43396658,8,0,1097321.774,2335649.062,11
6407039,-116.8291812,32.43489129,8,0,1098321.774,2335649.062,11
6407040,-116.8186768,32.43581535,8,0,1099321.774,2335649.062,11
6407041,-116.8081722,32.43673875,8,0,1100321.774,2335649.062,11
6407042,-116.7976675,32.43766149,8,0,1101321.774,2335649.062,11
6407043,-116.7871626,32.43858359,8,0,1102321.774,2335649.062,11
6407044,-116.7766575,32.43950502,8,0,1103321.774,2335649.062,11
6407045,-116.7661523,32.44042581,8,0,1104321.774,2335649.062,11
6407046,-116.7556469,32.44134593,8,0,1105321.774,2335649.062,11
6407047,-116.7451414,32.4422654,8,0,1106321.774,2335649.062,11
6407048,-116.7346357,32.44318422,8,0,1107321.774,2335649.062,11
6407049,-116.7241298,32.44410238,8,0,1108321.774,2335649.062,11
6407050,-116.7136238,32.44501989,8,0,1109321.774,2335649.062,11
6407051,-116.7031176,32.44593674,8,0,1110321.774,2335649.062,11
6407052,-116.6926113,32.44685294,8,0,1111321.774,2335649.062,11
6410183,-117.187352,32.41199033,8,0,1064321.774,2336649.062,11
6410184,-117.1768523,32.41293669,8,0,1065321.774,2336649.062,11
6410185,-117.1663524,32.41388241,8,0,1066321.774,2336649.062,11
6410186,-117.1558524,32.41482746,8,0,1067321.774,2336649.062,11
6410187,-117.1453522,32.41577186,8,0,1068321.774,2336649.062,11
6410188,-117.1348519,32.41671561,8,0,1069321.774,2336649.062,11
6410189,-117.1243514,32.4176587,8,0,1070321.774,2336649.062,11
6410190,-117.1138507,32.41860114,8,0,1071321.774,2336649.062,11
6410191,-117.1033498,32.41954292,8,0,1072321.774,2336649.062,11
6410192,-117.0928488,32.42048405,8,512,1073321.774,2336649.062,11
6410193,-117.0823477,32.42142452,8,12,1074321.774,2336649.062,11
6410194,-117.0718464,32.42236434,8,37,1075321.774,2336649.062,11
6410195,-117.0613449,32.42330351,8,1815,1076321.774,2336649.062,11
6410196,-117.0508432,32.42424201,8,346,1077321.774,2336649.062,11
6410197,-117.0403414,32.42517987,8,328,1078321.774,2336649.062,11
6410198,-117.0298394,32.42611707,8,616,1079321.774,2336649.062,11
6410199,-117.0193373,32.42705361,8,91,1080321.774,2336649.062,11
6410200,-117.008835,32.4279895,8,1041,1081321.774,2336649.062,11
6410201,-116.9983325,32.42892473,8,613,1082321.774,2336649.062,11
6410202,-116.9878299,32.42985931,8,1155,1083321.774,2336649.062,11
6410203,-116.9773271,32.43079324,8,198,1084321.774,2336649.062,11
6410204,-116.9668242,32.43172651,8,3739,1085321.774,2336649.062,11
6410205,-116.9563211,32.43265912,8,2116,1086321.774,2336649.062,11
6410206,-116.9458178,32.43359108,8,546,1087321.774,2336649.062,11
6410207,-116.9353144,32.43452239,8,113,1088321.774,2336649.062,11
6410208,-116.9248108,32.43545304,8,0,1089321.774,2336649.062,11
6410209,-116.9143071,32.43638303,8,4,1090321.774,2336649.062,11
6410210,-116.9038032,32.43731237,8,0,1091321.774,2336649.062,11
6410211,-116.8932991,32.43824106,8,1,1092321.774,2336649.062,11
6410212,-116.8827949,32.43916909,8,2,1093321.774,2336649.062,11
6410213,-116.8722905,32.44009646,8,171,1094321.774,2336649.062,11
6410214,-116.8617859,32.44102318,8,73,1095321.774,2336649.062,11
6410215,-116.8512812,32.44194925,8,14,1096321.774,2336649.062,11
6410216,-116.8407764,32.44287466,8,0,1097321.774,2336649.062,11
6410217,-116.8302713,32.44379941,8,0,1098321.774,2336649.062,11
6410218,-116.8197661,32.44472351,8,71,1099321.774,2336649.062,11
6410219,-116.8092608,32.44564696,8,0,1100321.774,2336649.062,11
6410220,-116.7987553,32.44656975,8,0,1101321.774,2336649.062,11
6410221,-116.7882496,32.44749188,8,0,1102321.774,2336649.062,11
6410222,-116.7777438,32.44841336,8,0,1103321.774,2336649.062,11
6410223,-116.7672378,32.44933419,8,0,1104321.774,2336649.062,11
6410224,-116.7567317,32.45025436,8,1,1105321.774,2336649.062,11
6410225,-116.7462254,32.45117387,8,0,1106321.774,2336649.062,11
6410226,-116.7357189,32.45209273,8,0,1107321.774,2336649.062,11
6410227,-116.7252123,32.45301094,8,0,1108321.774,2336649.062,11
6410228,-116.7147055,32.45392849,8,0,1109321.774,2336649.062,11
6410229,-116.7041986,32.45484538,8,0,1110321.774,2336649.062,11
6410230,-116.6936915,32.45576162,8,0,1111321.774,2336649.062,11
6413361,-117.1884681,32.42089672,8,0,1064321.774,2337649.062,11
6413362,-117.1779676,32.42184313,8,0,1065321.774,2337649.062,11
6413363,-117.167467,32.42278889,8,0,1066321.774,2337649.062,11
6413364,-117.1569662,32.42373399,8,0,1067321.774,2337649.062,11
6413365,-117.1464653,32.42467844,8,0,1068321.774,2337649.062,11
6413366,-117.1359642,32.42562223,8,0,1069321.774,2337649.062,11
6413367,-117.1254629,32.42656536,8,0,1070321.774,2337649.062,11
6413368,-117.1149615,32.42750784,8,0,1071321.774,2337649.062,11
6413369,-117.1044599,32.42844967,8,0,1072321.774,2337649.062,11
6413370,-117.0939581,32.42939084,8,1039,1073321.774,2337649.062,11
6413371,-117.0834562,32.43033136,8,3,1074321.774,2337649.062,11
6413372,-117.0729541,32.43127122,8,274,1075321.774,2337649.062,11
6413373,-117.0624519,32.43221043,8,512,1076321.774,2337649.062,11
6413374,-117.0519494,32.43314898,8,1011,1077321.774,2337649.062,11
6413375,-117.0414469,32.43408688,8,4085,1078321.774,2337649.062,11
6413376,-117.0309441,32.43502412,8,9182,1079321.774,2337649.062,11
6413377,-117.0204412,32.43596071,8,2610,1080321.774,2337649.062,11
6413378,-117.0099382,32.43689664,8,2146,1081321.774,2337649.062,11
6413379,-116.999435,32.43783192,8,2607,1082321.774,2337649.062,11
6413380,-116.9889316,32.43876654,8,1311,1083321.774,2337649.062,11
6413381,-116.978428,32.43970051,8,1267,1084321.774,2337649.062,11
6413382,-116.9679243,32.44063383,8,1159,1085321.774,2337649.062,11
6413383,-116.9574205,32.44156648,8,30,1086321.774,2337649.062,11
6413384,-116.9469165,32.44249849,8,70,1087321.774,2337649.062,11
6413385,-116.9364123,32.44342984,8,1623,1088321.774,2337649.062,11
6413386,-116.9259079,32.44436053,8,4289,1089321.774,2337649.062,11
6413387,-116.9154034,32.44529057,8,1441,1090321.774,2337649.062,11
6413388,-116.9048987,32.44621995,8,348,1091321.774,2337649.062,11
6413389,-116.8943939,32.44714868,8,0,1092321.774,2337649.062,11
6413390,-116.8838889,32.44807675,8,5,1093321.774,2337649.062,11
6413391,-116.8733838,32.44900417,8,193,1094321.774,2337649.062,11
6413392,-116.8628785,32.44993094,8,0,1095321.774,2337649.062,11
6413393,-116.852373,32.45085704,8,154,1096321.774,2337649.062,11
6413394,-116.8418674,32.4517825,8,2489,1097321.774,2337649.062,11
6413395,-116.8313616,32.4527073,8,721,1098321.774,2337649.062,11
6413396,-116.8208556,32.45363144,8,619,1099321.774,2337649.062,11
6413397,-116.8103495,32.45455493,8,11,1100321.774,2337649.062,11
6413398,-116.7998433,32.45547776,8,0,1101321.774,2337649.062,11
6413399,-116.7893368,32.45639994,8,0,1102321.774,2337649.062,11
6413400,-116.7788302,32.45732146,8,0,1103321.774,2337649.062,11
6413401,-116.7683235,32.45824233,8,54,1104321.774,2337649.062,11
6413402,-116.7578166,32.45916254,8,47,1105321.774,2337649.062,11
6413403,-116.7473095,32.4600821,8,33,1106321.774,2337649.062,11
6413404,-116.7368023,32.461001,8,54,1107321.774,2337649.062,11
6413405,-116.7262949,32.46191925,8,0,1108321.774,2337649.062,11
6413406,-116.7157874,32.46283684,8,0,1109321.774,2337649.062,11
6413407,-116.7052797,32.46375378,8,0,1110321.774,2337649.062,11
6413408,-116.6947718,32.46467006,8,0,1111321.774,2337649.062,11
6416539,-117.1895844,32.42980288,8,0,1064321.774,2338649.062,11
6416540,-117.1790832,32.43074933,8,0,1065321.774,2338649.062,11
6416541,-117.1685818,32.43169513,8,0,1066321.774,2338649.062,11
6416542,-117.1580802,32.43264027,8,0,1067321.774,2338649.062,11
6416543,-117.1475785,32.43358476,8,0,1068321.774,2338649.062,11
6416544,-117.1370767,32.4345286,8,0,1069321.774,2338649.062,11
6416545,-117.1265746,32.43547178,8,0,1070321.774,2338649.062,11
6416546,-117.1160724,32.43641431,8,0,1071321.774,2338649.062,11
6416547,-117.1055701,32.43735618,8,0,1072321.774,2338649.062,11
6416548,-117.0950675,32.43829739,8,0,1073321.774,2338649.062,11
6416549,-117.0845649,32.43923795,8,1,1074321.774,2338649.062,11
6416550,-117.074062,32.44017786,8,220,1075321.774,2338649.062,11
6416551,-117.063559,32.44111711,8,3723,1076321.774,2338649.062,11
6416552,-117.0530558,32.44205571,8,2954,1077321.774,2338649.062,11
6416553,-117.0425525,32.44299365,8,9467,1078321.774,2338649.062,11
6416554,-117.032049,32.44393093,8,6795,1079321.774,2338649.062,11
6416555,-117.0215454,32.44486757,8,1416,1080321.774,2338649.062,11
6416556,-117.0110415,32.44580354,8,1913,1081321.774,2338649.062,11
6416557,-117.0005376,32.44673886,8,3801,1082321.774,2338649.062,11
6416558,-116.9900334,32.44767353,8,5974,1083321.774,2338649.062,11
6416559,-116.9795291,32.44860754,8,1849,1084321.774,2338649.062,11
6416560,-116.9690246,32.4495409,8,4069,1085321.774,2338649.062,11
6416561,-116.95852,32.4504736,8,2924,1086321.774,2338649.062,11
6416562,-116.9480152,32.45140565,8,3068,1087321.774,2338649.062,11
6416563,-116.9375103,32.45233704,8,3133,1088321.774,2338649.062,11
6416564,-116.9270052,32.45326778,8,8056,1089321.774,2338649.062,11
6416565,-116.9164999,32.45419786,8,3844,1090321.774,2338649.062,11
6416566,-116.9059945,32.45512729,8,752,1091321.774,2338649.062,11
6416567,-116.8954889,32.45605606,8,1847,1092321.774,2338649.062,11
6416568,-116.8849831,32.45698418,8,5468,1093321.774,2338649.062,11
6416569,-116.8744772,32.45791164,8,8578,1094321.774,2338649.062,11
6416570,-116.8639712,32.45883844,8,7716,1095321.774,2338649.062,11
6416571,-116.8534649,32.4597646,8,2617,1096321.774,2338649.062,11
6416572,-116.8429585,32.46069009,8,5572,1097321.774,2338649.062,11
6416573,-116.832452,32.46161493,8,10565,1098321.774,2338649.062,11
6416574,-116.8219453,32.46253912,8,7101,1099321.774,2338649.062,11
6416575,-116.8114384,32.46346265,8,2014,1100321.774,2338649.062,11
6416576,-116.8009314,32.46438553,8,434,1101321.774,2338649.062,11
6416577,-116.7904242,32.46530775,8,79,1102321.774,2338649.062,11
6416578,-116.7799168,32.46622932,8,1530,1103321.774,2338649.062,11
6416579,-116.7694093,32.46715023,8,43,1104321.774,2338649.062,11
6416580,-116.7589017,32.46807048,8,285,1105321.774,2338649.062,11
6416581,-116.7483938,32.46899008,8,148,1106321.774,2338649.062,11
6416582,-116.7378858,32.46990903,8,42,1107321.774,2338649.062,11
6416583,-116.7273777,32.47082732,8,106,1108321.774,2338649.062,11
6416584,-116.7168694,32.47174495,8,0,1109321.774,2338649.062,11
6416585,-116.7063609,32.47266193,8,29,1110321.774,2338649.062,11
6416586,-116.6958523,32.47357826,8,3,1111321.774,2338649.062,11
6419717,-117.1907008,32.43870879,8,0,1064321.774,2339649.062,11
6419718,-117.1801988,32.43965528,8,0,1065321.774,2339649.062,11
6419719,-117.1696967,32.44060113,8,0,1066321.774,2339649.062,11
6419720,-117.1591944,32.44154632,8,0,1067321.774,2339649.062,11
6419721,-117.1486919,32.44249085,8,0,1068321.774,2339649.062,11
6419722,-117.1381893,32.44343473,8,0,1069321.774,2339649.062,11
6419723,-117.1276865,32.44437795,8,0,1070321.774,2339649.062,11
6419724,-117.1171835,32.44532052,8,0,1071321.774,2339649.062,11
6419725,-117.1066804,32.44626244,8,11,1072321.774,2339649.062,11
6419726,-117.0961771,32.4472037,8,397,1073321.774,2339649.062,11
6419727,-117.0856737,32.4481443,8,13,1074321.774,2339649.062,11
6419728,-117.0751701,32.44908425,8,0,1075321.774,2339649.062,11
6419729,-117.0646663,32.45002355,8,649,1076321.774,2339649.062,11
6419730,-117.0541624,32.45096219,8,0,1077321.774,2339649.062,11
6419731,-117.0436583,32.45190017,8,1913,1078321.774,2339649.062,11
6419732,-117.033154,32.4528375,8,9,1079321.774,2339649.062,11
6419733,-117.0226496,32.45377418,8,403,1080321.774,2339649.062,11
6419734,-117.012145,32.4547102,8,412,1081321.774,2339649.062,11
6419735,-117.0016403,32.45564556,8,3317,1082321.774,2339649.062,11
6419736,-116.9911354,32.45658028,8,2462,1083321.774,2339649.062,11
6419737,-116.9806303,32.45751433,8,2837,1084321.774,2339649.062,11
6419738,-116.9701251,32.45844773,8,11443,1085321.774,2339649.062,11
6419739,-116.9596197,32.45938048,8,7643,1086321.774,2339649.062,11
6419740,-116.9491142,32.46031257,8,6981,1087321.774,2339649.062,11
6419741,-116.9386085,32.461244,8,7100,1088321.774,2339649.062,11
6419742,-116.9281026,32.46217478,8,4838,1089321.774,2339649.062,11
6419743,-116.9175966,32.46310491,8,4021,1090321.774,2339649.062,11
6419744,-116.9070904,32.46403438,8,5050,1091321.774,2339649.062,11
6419745,-116.896584,32.46496319,8,4212,1092321.774,2339649.062,11
6419746,-116.8860775,32.46589135,8,7913,1093321.774,2339649.062,11
6419747,-116.8755708,32.46681886,8,9323,1094321.774,2339649.062,11
6419748,-116.865064,32.46774571,8,11264,1095321.774,2339649.062,11
6419749,-116.854557,32.4686719,8,10138,1096321.774,2339649.062,11
6419750,-116.8440499,32.46959744,8,9681,1097321.774,2339649.062,11
6419751,-116.8335426,32.47052233,8,3896,1098321.774,2339649.062,11
6419752,-116.8230351,32.47144656,8,4926,1099321.774,2339649.062,11
6419753,-116.8125274,32.47237013,8,5712,1100321.774,2339649.062,11
6419754,-116.8020197,32.47329305,8,1866,1101321.774,2339649.062,11
6419755,-116.7915117,32.47421532,8,2040,1102321.774,2339649.062,11
6419756,-116.7810036,32.47513692,8,210,1103321.774,2339649.062,11
6419757,-116.7704953,32.47605788,8,318,1104321.774,2339649.062,11
6419758,-116.7599869,32.47697818,8,6,1105321.774,2339649.062,11
6419759,-116.7494783,32.47789782,8,2,1106321.774,2339649.062,11
6419760,-116.7389696,32.47881681,8,32,1107321.774,2339649.062,11
6419761,-116.7284607,32.47973514,8,20,1108321.774,2339649.062,11
6419762,-116.7179516,32.48065282,8,0,1109321.774,2339649.062,11
6419763,-116.7074424,32.48156984,8,1,1110321.774,2339649.062,11
6419764,-116.696933,32.48248621,8,0,1111321.774,2339649.062,11
6422895,-117.1918174,32.44761445,8,0,1064321.774,2340649.062,11
6422896,-117.1813147,32.44856099,8,0,1065321.774,2340649.062,11
6422897,-117.1708118,32.44950688,8,0,1066321.774,2340649.062,11
6422898,-117.1603087,32.45045211,8,0,1067321.774,2340649.062,11
6422899,-117.1498055,32.45139669,8,0,1068321.774,2340649.062,11
6422900,-117.1393021,32.45234062,8,0,1069321.774,2340649.062,11
6422901,-117.1287985,32.45328388,8,0,1070321.774,2340649.062,11
6422902,-117.1182948,32.4542265,8,0,1071321.774,2340649.062,11
6422903,-117.1077909,32.45516846,8,64,1072321.774,2340649.062,11
6422904,-117.0972869,32.45610976,8,4,1073321.774,2340649.062,11
6422905,-117.0867827,32.45705041,8,0,1074321.774,2340649.062,11
6422906,-117.0762783,32.4579904,8,0,1075321.774,2340649.062,11
6422907,-117.0657738,32.45892974,8,490,1076321.774,2340649.062,11
6422908,-117.0552691,32.45986843,8,20,1077321.774,2340649.062,11
6422909,-117.0447642,32.46080645,8,912,1078321.774,2340649.062,11
6422910,-117.0342592,32.46174383,8,1145,1079321.774,2340649.062,11
6422911,-117.023754,32.46268055,8,134,1080321.774,2340649.062,11
6422912,-117.0132487,32.46361661,8,1387,1081321.774,2340649.062,11
6422913,-117.0027432,32.46455202,8,6630,1082321.774,2340649.062,11
6422914,-116.9922375,32.46548677,8,1552,1083321.774,2340649.062,11
6422915,-116.9817317,32.46642087,8,8000,1084321.774,2340649.062,11
6422916,-116.9712257,32.46735432,8,9652,1085321.774,2340649.062,11
6422917,-116.9607196,32.46828711,8,9935,1086321.774,2340649.062,11
6422918,-116.9502133,32.46921924,8,10145,1087321.774,2340649.062,11
6422919,-116.9397068,32.47015072,8,8467,1088321.774,2340649.062,11
6422920,-116.9292002,32.47108154,8,2545,1089321.774,2340649.062,11
6422921,-116.9186934,32.47201171,8,3025,1090321.774,2340649.062,11
6422922,-116.9081864,32.47294123,8,3851,1091321.774,2340649.062,11
6422923,-116.8976793,32.47387008,8,2375,1092321.774,2340649.062,11
6422924,-116.887172,32.47479829,8,6683,1093321.774,2340649.062,11
6422925,-116.8766646,32.47572584,8,9360,1094321.774,2340649.062,11
6422926,-116.866157,32.47665273,8,6656,1095321.774,2340649.062,11
6422927,-116.8556493,32.47757897,8,4984,1096321.774,2340649.062,11
6422928,-116.8451414,32.47850455,8,6837,1097321.774,2340649.062,11
6422929,-116.8346333,32.47942948,8,5494,1098321.774,2340649.062,11
6422930,-116.824125,32.48035375,8,4172,1099321.774,2340649.062,11
6422931,-116.8136167,32.48127737,8,2184,1100321.774,2340649.062,11
6422932,-116.8031081,32.48220033,8,2365,1101321.774,2340649.062,11
6422933,-116.7925994,32.48312264,8,588,1102321.774,2340649.062,11
6422934,-116.7820905,32.48404429,8,494,1103321.774,2340649.062,11
6422935,-116.7715815,32.48496529,8,0,1104321.774,2340649.062,11
6422936,-116.7610723,32.48588563,8,0,1105321.774,2340649.062,11
6422937,-116.7505629,32.48680531,8,0,1106321.774,2340649.062,11
6422938,-116.7400534,32.48772435,8,0,1107321.774,2340649.062,11
6422939,-116.7295438,32.48864272,8,0,1108321.774,2340649.062,11
6422940,-116.7190339,32.48956044,8,202,1109321.774,2340649.062,11
6422941,-116.708524,32.49047751,8,29,1110321.774,2340649.062,11
6422942,-116.6980138,32.49139392,8,0,1111321.774,2340649.062,11
6426073,-117.1929342,32.45651987,8,0,1064321.774,2341649.062,11
6426074,-117.1824307,32.45746646,8,0,1065321.774,2341649.062,11
6426075,-117.171927,32.45841239,8,0,1066321.774,2341649.062,11
6426076,-117.1614232,32.45935767,8,0,1067321.774,2341649.062,11
6426077,-117.1509192,32.46030229,8,0,1068321.774,2341649.062,11
6426078,-117.140415,32.46124626,8,0,1069321.774,2341649.062,11
6426079,-117.1299107,32.46218957,8,0,1070321.774,2341649.062,11
6426080,-117.1194062,32.46313223,8,50,1071321.774,2341649.062,11
6426081,-117.1089016,32.46407423,8,1173,1072321.774,2341649.062,11
6426082,-117.0983968,32.46501558,8,14,1073321.774,2341649.062,11
6426083,-117.0878918,32.46595627,8,13,1074321.774,2341649.062,11
6426084,-117.0773867,32.46689631,8,17,1075321.774,2341649.062,11
6426085,-117.0668814,32.46783569,8,304,1076321.774,2341649.062,11
6426086,-117.056376,32.46877442,8,44,1077321.774,2341649.062,11
6426087,-117.0458704,32.46971249,8,0,1078321.774,2341649.062,11
6426088,-117.0353646,32.47064991,8,346,1079321.774,2341649.062,11
6426089,-117.0248586,32.47158667,8,3385,1080321.774,2341649.062,11
6426090,-117.0143525,32.47252278,8,4707,1081321.774,2341649.062,11
6426091,-117.0038463,32.47345823,8,4137,1082321.774,2341649.062,11
6426092,-116.9933398,32.47439303,8,2785,1083321.774,2341649.062,11
6426093,-116.9828333,32.47532717,8,9228,1084321.774,2341649.062,11
6426094,-116.9723265,32.47626066,8,8265,1085321.774,2341649.062,11
6426095,-116.9618196,32.47719349,8,8934,1086321.774,2341649.062,11
6426096,-116.9513125,32.47812567,8,7412,1087321.774,2341649.062,11
6426097,-116.9408053,32.47905719,8,5725,1088321.774,2341649.062,11
6426098,-116.9302979,32.47998806,8,4243,1089321.774,2341649.062,11
6426099,-116.9197904,32.48091827,8,4801,1090321.774,2341649.062,11
6426100,-116.9092826,32.48184783,8,5110,1091321.774,2341649.062,11
6426101,-116.8987748,32.48277673,8,1689,1092321.774,2341649.062,11
6426102,-116.8882667,32.48370498,8,4255,1093321.774,2341649.062,11
6426103,-116.8777585,32.48463257,8,8675,1094321.774,2341649.062,11
6426104,-116.8672502,32.48555951,8,5520,1095321.774,2341649.062,11
6426105,-116.8567417,32.48648579,8,7821,1096321.774,2341649.062,11
6426106,-116.846233,32.48741141,8,9261,1097321.774,2341649.062,11
6426107,-116.8357242,32.48833639,8,5914,1098321.774,2341649.062,11
6426108,-116.8252152,32.4892607,8,11279,1099321.774,2341649.062,11
6426109,-116.814706,32.49018436,8,1474,1100321.774,2341649.062,11
6426110,-116.8041967,32.49110737,8,526,1101321.774,2341649.062,11
6426111,-116.7936872,32.49202972,8,935,1102321.774,2341649.062,11
6426112,-116.7831776,32.49295141,8,0,1103321.774,2341649.062,11
6426113,-116.7726678,32.49387245,8,0,1104321.774,2341649.062,11
6426114,-116.7621578,32.49479284,8,3,1105321.774,2341649.062,11
6426115,-116.7516477,32.49571256,8,0,1106321.774,2341649.062,11
6426116,-116.7411375,32.49663164,8,0,1107321.774,2341649.062,11
6426117,-116.730627,32.49755006,8,3,1108321.774,2341649.062,11
6426118,-116.7201164,32.49846782,8,17,1109321.774,2341649.062,11
6426119,-116.7096057,32.49938493,8,0,1110321.774,2341649.062,11
6426120,-116.6990948,32.50030138,8,23,1111321.774,2341649.062,11
6429251,-117.1940511,32.46542505,8,0,1064321.774,2342649.062,11
6429252,-117.1835468,32.46637168,8,0,1065321.774,2342649.062,11
6429253,-117.1730424,32.46731766,8,0,1066321.774,2342649.062,11
6429254,-117.1625378,32.46826298,8,0,1067321.774,2342649.062,11
6429255,-117.1520331,32.46920764,8,0,1068321.774,2342649.062,11
6429256,-117.1415282,32.47015166,8,0,1069321.774,2342649.062,11
6429257,-117.1310231,32.47109501,8,0,1070321.774,2342649.062,11
6429258,-117.1205179,32.47203771,8,0,1071321.774,2342649.062,11
6429259,-117.1100125,32.47297976,8,0,1072321.774,2342649.062,11
6429260,-117.0995069,32.47392115,8,107,1073321.774,2342649.062,11
6429261,-117.0890012,32.47486189,8,1114,1074321.774,2342649.062,11
6429262,-117.0784953,32.47580197,8,2796,1075321.774,2342649.062,11
6429263,-117.0679892,32.4767414,8,4919,1076321.774,2342649.062,11
6429264,-117.057483,32.47768017,8,2124,1077321.774,2342649.062,11
6429265,-117.0469766,32.47861829,8,2282,1078321.774,2342649.062,11
6429266,-117.0364701,32.47955575,8,3949,1079321.774,2342649.062,11
6429267,-117.0259634,32.48049255,8,7382,1080321.774,2342649.062,11
6429268,-117.0154565,32.4814287,8,5151,1081321.774,2342649.062,11
6429269,-117.0049495,32.4823642,8,3724,1082321.774,2342649.062,11
6429270,-116.9944423,32.48329904,8,3978,1083321.774,2342649.062,11
6429271,-116.983935,32.48423323,8,8665,1084321.774,2342649.062,11
6429272,-116.9734275,32.48516676,8,11580,1085321.774,2342649.062,11
6429273,-116.9629198,32.48609964,8,6875,1086321.774,2342649.062,11
6429274,-116.952412,32.48703186,8,5436,1087321.774,2342649.062,11
6429275,-116.941904,32.48796342,8,2572,1088321.774,2342649.062,11
6429276,-116.9313958,32.48889433,8,1694,1089321.774,2342649.062,11
6429277,-116.9208875,32.48982459,8,5457,1090321.774,2342649.062,11
6429278,-116.910379,32.49075419,8,6572,1091321.774,2342649.062,11
6429279,-116.8998704,32.49168313,8,7570,1092321.774,2342649.062,11
6429280,-116.8893616,32.49261142,8,5718,1093321.774,2342649.062,11
6429281,-116.8788526,32.49353906,8,9816,1094321.774,2342649.062,11
6429282,-116.8683435,32.49446604,8,11706,1095321.774,2342649.062,11
6429283,-116.8578342,32.49539236,8,13627,1096321.774,2342649.062,11
6429284,-116.8473248,32.49631803,8,5074,1097321.774,2342649.062,11
6429285,-116.8368152,32.49724305,8,1003,1098321.774,2342649.062,11
6429286,-116.8263055,32.49816741,8,1030,1099321.774,2342649.062,11
6429287,-116.8157955,32.49909111,8,0,1100321.774,2342649.062,11
6429288,-116.8052855,32.50001416,8,0,1101321.774,2342649.062,11
6429289,-116.7947752,32.50093655,8,4218,1102321.774,2342649.062,11
6429290,-116.7842648,32.50185829,8,299,1103321.774,2342649.062,11
6429291,-116.7737543,32.50277937,8,0,1104321.774,2342649.062,11
6429292,-116.7632436,32.5036998,8,0,1105321.774,2342649.062,11
6429293,-116.7527327,32.50461957,8,0,1106321.774,2342649.062,11
6429294,-116.7422217,32.50553869,8,6000,1107321.774,2342649.062,11
6429295,-116.7317105,32.50645715,8,2287,1108321.774,2342649.062,11
6429296,-116.7211991,32.50737495,8,0,1109321.774,2342649.062,11
6429297,-116.7106876,32.50829211,8,0,1110321.774,2342649.062,11
6429298,-116.7001759,32.5092086,8,8,1111321.774,2342649.062,11
6432429,-117.1951682,32.47432998,8,0,1064321.774,2343649.062,11
6432430,-117.1846632,32.47527666,8,0,1065321.774,2343649.062,11
6432431,-117.174158,32.47622268,8,0,1066321.774,2343649.062,11
6432432,-117.1636526,32.47716804,8,0,1067321.774,2343649.062,11
6432433,-117.1531471,32.47811276,8,0,1068321.774,2343649.062,11
6432434,-117.1426415,32.47905681,8,0,1069321.774,2343649.062,11
6432435,-117.1321356,32.48000021,8,0,1070321.774,2343649.062,11
6432436,-117.1216296,32.48094296,8,0,1071321.774,2343649.062,11
6432437,-117.1111235,32.48188505,8,0,1072321.774,2343649.062,11
6432438,-117.1006171,32.48282648,8,957,1073321.774,2343649.062,11
6432439,-117.0901106,32.48376726,8,4551,1074321.774,2343649.062,11
6432440,-117.079604,32.48470739,8,4251,1075321.774,2343649.062,11
6432441,-117.0690972,32.48564686,8,4324,1076321.774,2343649.062,11
6432442,-117.0585902,32.48658567,8,3600,1077321.774,2343649.062,11
6432443,-117.0480831,32.48752383,8,6080,1078321.774,2343649.062,11
6432444,-117.0375758,32.48846134,8,6593,1079321.774,2343649.062,11
6432445,-117.0270683,32.48939819,8,7333,1080321.774,2343649.062,11
6432446,-117.0165607,32.49033438,8,5319,1081321.774,2343649.062,11
6432447,-117.0060529,32.49126992,8,3264,1082321.774,2343649.062,11
6432448,-116.9955449,32.49220481,8,4970,1083321.774,2343649.062,11
6432449,-116.9850368,32.49313904,8,7383,1084321.774,2343649.062,11
6432450,-116.9745286,32.49407261,8,7315,1085321.774,2343649.062,11
6432451,-116.9640201,32.49500553,8,3017,1086321.774,2343649.062,11
6432452,-116.9535115,32.4959378,8,2872,1087321.774,2343649.062,11
6432453,-116.9430028,32.49686941,8,367,1088321.774,2343649.062,11
6432454,-116.9324939,32.49780036,8,1312,1089321.774,2343649.062,11
6432455,-116.9219848,32.49873066,8,2459,1090321.774,2343649.062,11
6432456,-116.9114756,32.4996603,8,4894,1091321.774,2343649.062,11
6432457,-116.9009662,32.50058929,8,8075,1092321.774,2343649.062,11
6432458,-116.8904566,32.50151763,8,8174,1093321.774,2343649.062,11
6432459,-116.8799469,32.5024453,8,9975,1094321.774,2343649.062,11
6432460,-116.869437,32.50337233,8,11201,1095321.774,2343649.062,11
6432461,-116.858927,32.50429869,8,16570,1096321.774,2343649.062,11
6432462,-116.8484168,32.50522441,8,11003,1097321.774,2343649.062,11
6432463,-116.8379064,32.50614946,8,2324,1098321.774,2343649.062,11
6432464,-116.8273959,32.50707387,8,222,1099321.774,2343649.062,11
6432465,-116.8168852,32.50799761,8,0,1100321.774,2343649.062,11
6432466,-116.8063744,32.5089207,8,6,1101321.774,2343649.062,11
6432467,-116.7958634,32.50984314,8,4206,1102321.774,2343649.062,11
6432468,-116.7853522,32.51076492,8,1193,1103321.774,2343649.062,11
6432469,-116.7748409,32.51168605,8,81,1104321.774,2343649.062,11
6432470,-116.7643294,32.51260652,8,1,1105321.774,2343649.062,11
6432471,-116.7538178,32.51352633,8,11,1106321.774,2343649.062,11
6432472,-116.743306,32.51444549,8,3497,1107321.774,2343649.062,11
6432473,-116.732794,32.51536399,8,5737,1108321.774,2343649.062,11
6432474,-116.7222819,32.51628184,8,8,1109321.774,2343649.062,11
6432475,-116.7117697,32.51719904,8,0,1110321.774,2343649.062,11
6432476,-116.7012572,32.51811557,8,269,1111321.774,2343649.062,11
6435607,-117.1962854,32.48323467,8,0,1064321.774,2344649.062,11
6435608,-117.1857797,32.48418139,8,0,1065321.774,2344649.062,11
6435609,-117.1752737,32.48512746,8,0,1066321.774,2344649.062,11
6435610,-117.1647676,32.48607287,8,0,1067321.774,2344649.062,11
6435611,-117.1542613,32.48701762,8,0,1068321.774,2344649.062,11
6435612,-117.1437549,32.48796172,8,0,1069321.774,2344649.062,11
6435613,-117.1332483,32.48890516,8,0,1070321.774,2344649.062,11
6435614,-117.1227415,32.48984795,8,12,1071321.774,2344649.062,11
6435615,-117.1122346,32.49079009,8,0,1072321.774,2344649.062,11
6435616,-117.1017275,32.49173157,8,87,1073321.774,2344649.062,11
6435617,-117.0912203,32.49267239,8,3989,1074321.774,2344649.062,11
6435618,-117.0807129,32.49361256,8,2368,1075321.774,2344649.062,11
6435619,-117.0702053,32.49455208,8,4536,1076321.774,2344649.062,11
6435620,-117.0596976,32.49549093,8,6129,1077321.774,2344649.062,11
6435621,-117.0491897,32.49642914,8,6700,1078321.774,2344649.062,11
6435622,-117.0386816,32.49736669,8,6802,1079321.774,2344649.062,11
6435623,-117.0281734,32.49830358,8,4918,1080321.774,2344649.062,11
6435624,-117.017665,32.49923982,8,3641,1081321.774,2344649.062,11
6435625,-117.0071564,32.5001754,8,3310,1082321.774,2344649.062,11
6435626,-116.9966477,32.50111033,8,2164,1083321.774,2344649.062,11
6435627,-116.9861389,32.50204461,8,5116,1084321.774,2344649.062,11
6435628,-116.9756298,32.50297822,8,9066,1085321.774,2344649.062,11
6435629,-116.9651206,32.50391119,8,4167,1086321.774,2344649.062,11
6435630,-116.9546113,32.50484349,8,2614,1087321.774,2344649.062,11
6435631,-116.9441018,32.50577515,8,1425,1088321.774,2344649.062,11
6435632,-116.9335921,32.50670614,8,4268,1089321.774,2344649.062,11
6435633,-116.9230823,32.50763649,8,6989,1090321.774,2344649.062,11
6435634,-116.9125723,32.50856617,8,8024,1091321.774,2344649.062,11
6435635,-116.9020621,32.50949521,8,6374,1092321.774,2344649.062,11
6435636,-116.8915518,32.51042358,8,5631,1093321.774,2344649.062,11
6435637,-116.8810413,32.5113513,8,6697,1094321.774,2344649.062,11
6435638,-116.8705307,32.51227837,8,10105,1095321.774,2344649.062,11
6435639,-116.8600199,32.51320478,8,8949,1096321.774,2344649.062,11
6435640,-116.8495089,32.51413054,8,3802,1097321.774,2344649.062,11
6435641,-116.8389978,32.51505564,8,4180,1098321.774,2344649.062,11
6435642,-116.8284865,32.51598008,8,1341,1099321.774,2344649.062,11
6435643,-116.8179751,32.51690387,8,4,1100321.774,2344649.062,11
6435644,-116.8074635,32.517827,8,0,1101321.774,2344649.062,11
6435645,-116.7969517,32.51874948,8,0,1102321.774,2344649.062,11
6435646,-116.7864398,32.51967131,8,15,1103321.774,2344649.062,11
6435647,-116.7759277,32.52059248,8,44,1104321.774,2344649.062,11
6435648,-116.7654155,32.52151299,8,34,1105321.774,2344649.062,11
6435649,-116.7549031,32.52243285,8,93,1106321.774,2344649.062,11
6435650,-116.7443905,32.52335205,8,113,1107321.774,2344649.062,11
6435651,-116.7338778,32.5242706,8,10,1108321.774,2344649.062,11
6435652,-116.7233649,32.52518849,8,4,1109321.774,2344649.062,11
6435653,-116.7128519,32.52610572,8,2,1110321.774,2344649.062,11
6435654,-116.7023387,32.5270223,8,12,1111321.774,2344649.062,11
6438785,-117.1974029,32.49213912,8,0,1064321.774,2345649.062,11
6438786,-117.1868963,32.49308588,8,0,1065321.774,2345649.062,11
6438787,-117.1763896,32.49403199,8,0,1066321.774,2345649.062,11
6438788,-117.1658827,32.49497744,8,0,1067321.774,2345649.062,11
6438789,-117.1553757,32.49592224,8,0,1068321.774,2345649.062,11
6438790,-117.1448685,32.49686639,8,0,1069321.774,2345649.062,11
6438791,-117.1343612,32.49780987,8,0,1070321.774,2345649.062,11
6438792,-117.1238536,32.49875271,8,1161,1071321.774,2345649.062,11
6438793,-117.1133459,32.49969489,8,664,1072321.774,2345649.062,11
6438794,-117.1028381,32.50063641,8,536,1073321.774,2345649.062,11
6438795,-117.0923301,32.50157728,8,1540,1074321.774,2345649.062,11
6438796,-117.0818219,32.50251749,8,3545,1075321.774,2345649.062,11
6438797,-117.0713136,32.50345705,8,5529,1076321.774,2345649.062,11
6438798,-117.0608051,32.50439595,8,7111,1077321.774,2345649.062,11
6438799,-117.0502964,32.5053342,8,7538,1078321.774,2345649.062,11
6438800,-117.0397876,32.50627179,8,4762,1079321.774,2345649.062,11
6438801,-117.0292786,32.50720873,8,2351,1080321.774,2345649.062,11
6438802,-117.0187695,32.50814501,8,3047,1081321.774,2345649.062,11
6438803,-117.0082602,32.50908064,8,2101,1082321.774,2345649.062,11
6438804,-116.9977507,32.51001561,8,2057,1083321.774,2345649.062,11
6438805,-116.9872411,32.51094993,8,4143,1084321.774,2345649.062,11
6438806,-116.9767313,32.51188359,8,6766,1085321.774,2345649.062,11
6438807,-116.9662213,32.51281659,8,2527,1086321.774,2345649.062,11
6438808,-116.9557112,32.51374895,8,3806,1087321.774,2345649.062,11
6438809,-116.9452009,32.51468064,8,6508,1088321.774,2345649.062,11
6438810,-116.9346905,32.51561168,8,4896,1089321.774,2345649.062,11
6438811,-116.9241799,32.51654207,8,3953,1090321.774,2345649.062,11
6438812,-116.9136691,32.5174718,8,4258,1091321.774,2345649.062,11
6438813,-116.9031582,32.51840087,8,4133,1092321.774,2345649.062,11
6438814,-116.8926471,32.51932929,8,3641,1093321.774,2345649.062,11
6438815,-116.8821359,32.52025706,8,2317,1094321.774,2345649.062,11
6438816,-116.8716245,32.52118417,8,7481,1095321.774,2345649.062,11
6438817,-116.8611129,32.52211062,8,4288,1096321.774,2345649.062,11
6438818,-116.8506012,32.52303642,8,3383,1097321.774,2345649.062,11
6438819,-116.8400893,32.52396156,8,2225,1098321.774,2345649.062,11
6438820,-116.8295773,32.52488605,8,1995,1099321.774,2345649.062,11
6438821,-116.8190651,32.52580988,8,34,1100321.774,2345649.062,11
6438822,-116.8085527,32.52673306,8,0,1101321.774,2345649.062,11
6438823,-116.7980402,32.52765558,8,0,1102321.774,2345649.062,11
6438824,-116.7875275,32.52857745,8,0,1103321.774,2345649.062,11
6438825,-116.7770147,32.52949866,8,0,1104321.774,2345649.062,11
6438826,-116.7665016,32.53041922,8,51,1105321.774,2345649.062,11
6438827,-116.7559885,32.53133912,8,56,1106321.774,2345649.062,11
6438828,-116.7454752,32.53225836,8,7,1107321.774,2345649.062,11
6438829,-116.7349617,32.53317695,8,25,1108321.774,2345649.062,11
6438830,-116.7244481,32.53409489,8,0,1109321.774,2345649.062,11
6438831,-116.7139343,32.53501216,8,0,1110321.774,2345649.062,11
6438832,-116.7034203,32.53592879,8,0,1111321.774,2345649.062,11
6441963,-117.1985204,32.50104332,8,0,1064321.774,2346649.062,11
6441964,-117.1880131,32.50199013,8,0,1065321.774,2346649.062,11
6441965,-117.1775057,32.50293628,8,0,1066321.774,2346649.062,11
6441966,-117.166998,32.50388178,8,0,1067321.774,2346649.062,11
6441967,-117.1564902,32.50482662,8,0,1068321.774,2346649.062,11
6441968,-117.1459823,32.50577081,8,0,1069321.774,2346649.062,11
6441969,-117.1354742,32.50671434,8,0,1070321.774,2346649.062,11
6441970,-117.1249659,32.50765722,8,2622,1071321.774,2346649.062,11
6441971,-117.1144574,32.50859944,8,5103,1072321.774,2346649.062,11
6441972,-117.1039488,32.509541,8,516,1073321.774,2346649.062,11
6441973,-117.0934401,32.51048192,8,3598,1074321.774,2346649.062,11
6441974,-117.0829311,32.51142217,8,6024,1075321.774,2346649.062,11
6441975,-117.072422,32.51236177,8,5482,1076321.774,2346649.062,11
6441976,-117.0619128,32.51330072,8,8645,1077321.774,2346649.062,11
6441977,-117.0514033,32.51423901,8,7813,1078321.774,2346649.062,11
6441978,-117.0408938,32.51517665,8,7527,1079321.774,2346649.062,11
6441979,-117.030384,32.51611363,8,4550,1080321.774,2346649.062,11
6441980,-117.0198741,32.51704996,8,3237,1081321.774,2346649.062,11
6441981,-117.009364,32.51798563,8,1979,1082321.774,2346649.062,11
6441982,-116.9988538,32.51892064,8,4321,1083321.774,2346649.062,11
6441983,-116.9883434,32.519855,8,6861,1084321.774,2346649.062,11
6441984,-116.9778329,32.52078871,8,5122,1085321.774,2346649.062,11
6441985,-116.9673221,32.52172176,8,2583,1086321.774,2346649.062,11
6441986,-116.9568113,32.52265415,8,2886,1087321.774,2346649.062,11
6441987,-116.9463002,32.52358589,8,3813,1088321.774,2346649.062,11
6441988,-116.935789,32.52451698,8,7135,1089321.774,2346649.062,11
6441989,-116.9252777,32.5254474,8,5299,1090321.774,2346649.062,11
6441990,-116.9147661,32.52637718,8,3165,1091321.774,2346649.062,11
6441991,-116.9042545,32.5273063,8,1404,1092321.774,2346649.062,11
6441992,-116.8937426,32.52823476,8,1699,1093321.774,2346649.062,11
6441993,-116.8832306,32.52916257,8,1102,1094321.774,2346649.062,11
6441994,-116.8727184,32.53008972,8,3156,1095321.774,2346649.062,11
6441995,-116.8622061,32.53101622,8,4315,1096321.774,2346649.062,11
6441996,-116.8516936,32.53194206,8,147,1097321.774,2346649.062,11
6441997,-116.841181,32.53286724,8,185,1098321.774,2346649.062,11
6441998,-116.8306682,32.53379177,8,576,1099321.774,2346649.062,11
6441999,-116.8201552,32.53471565,8,0,1100321.774,2346649.062,11
6442000,-116.8096421,32.53563887,8,0,1101321.774,2346649.062,11
6442001,-116.7991288,32.53656144,8,0,1102321.774,2346649.062,11
6442002,-116.7886154,32.53748334,8,7,1103321.774,2346649.062,11
6442003,-116.7781018,32.5384046,8,0,1104321.774,2346649.062,11
6442004,-116.767588,32.5393252,8,11,1105321.774,2346649.062,11
6442005,-116.7570741,32.54024514,8,163,1106321.774,2346649.062,11
6442006,-116.74656,32.54116443,8,11,1107321.774,2346649.062,11
6442007,-116.7360458,32.54208306,8,8,1108321.774,2346649.062,11
6442008,-116.7255314,32.54300104,8,0,1109321.774,2346649.062,11
6442009,-116.7150168,32.54391836,8,0,1110321.774,2346649.062,11
6442010,-116.7045021,32.54483503,8,0,1111321.774,2346649.062,11
6445141,-117.1996382,32.50994727,8,0,1064321.774,2347649.062,11
6445142,-117.1891301,32.51089412,8,0,1065321.774,2347649.062,11
6445143,-117.1786219,32.51184032,8,0,1066321.774,2347649.062,11
6445144,-117.1681135,32.51278586,8,0,1067321.774,2347649.062,11
6445145,-117.1576049,32.51373075,8,0,1068321.774,2347649.062,11
6445146,-117.1470962,32.51467498,8,0,1069321.774,2347649.062,11
6445147,-117.1365873,32.51561856,8,0,1070321.774,2347649.062,11
6445148,-117.1260783,32.51656148,8,1751,1071321.774,2347649.062,11
6445149,-117.1155691,32.51750374,8,6669,1072321.774,2347649.062,11
6445150,-117.1050597,32.51844535,8,3199,1073321.774,2347649.062,11
6445151,-117.0945502,32.51938631,8,5418,1074321.774,2347649.062,11
6445152,-117.0840405,32.52032661,8,6228,1075321.774,2347649.062,11
6445153,-117.0735306,32.52126626,8,10062,1076321.774,2347649.062,11
6445154,-117.0630206,32.52220525,8,8286,1077321.774,2347649.062,11
6445155,-117.0525104,32.52314358,8,7425,1078321.774,2347649.062,11
6445156,-117.0420001,32.52408126,8,7674,1079321.774,2347649.062,11
6445157,-117.0314896,32.52501829,8,4098,1080321.774,2347649.062,11
6445158,-117.0209789,32.52595466,8,980,1081321.774,2347649.062,11
6445159,-117.0104681,32.52689037,8,2919,1082321.774,2347649.062,11
6445160,-116.9999571,32.52782543,8,8335,1083321.774,2347649.062,11
6445161,-116.9894459,32.52875983,8,8322,1084321.774,2347649.062,11
6445162,-116.9789346,32.52969358,8,8175,1085321.774,2347649.062,11
6445163,-116.9684231,32.53062667,8,2842,1086321.774,2347649.062,11
6445164,-116.9579115,32.53155911,8,723,1087321.774,2347649.062,11
6445165,-116.9473997,32.5324909,8,2172,1088321.774,2347649.062,11
6445166,-116.9368877,32.53342202,8,7636,1089321.774,2347649.062,11
6445167,-116.9263756,32.53435249,8,4409,1090321.774,2347649.062,11
6445168,-116.9158633,32.53528231,8,643,1091321.774,2347649.062,11
6445169,-116.9053509,32.53621147,8,1422,1092321.774,2347649.062,11
6445170,-116.8948383,32.53713998,8,4044,1093321.774,2347649.062,11
6445171,-116.8843255,32.53806783,8,4019,1094321.774,2347649.062,11
6445172,-116.8738126,32.53899503,8,5863,1095321.774,2347649.062,11
6445173,-116.8632995,32.53992157,8,1627,1096321.774,2347649.062,11
6445174,-116.8527862,32.54084745,8,0,1097321.774,2347649.062,11
6445175,-116.8422728,32.54177268,8,0,1098321.774,2347649.062,11
6445176,-116.8317593,32.54269725,8,2,1099321.774,2347649.062,11
6445177,-116.8212455,32.54362117,8,0,1100321.774,2347649.062,11
6445178,-116.8107317,32.54454444,8,0,1101321.774,2347649.062,11
6445179,-116.8002176,32.54546704,8,0,1102321.774,2347649.062,11
6445180,-116.7897034,32.546389,8,3,1103321.774,2347649.062,11
6445181,-116.779189,32.54731029,8,3,1104321.774,2347649.062,11
6445182,-116.7686745,32.54823093,8,5,1105321.774,2347649.062,11
6445183,-116.7581598,32.54915092,8,0,1106321.774,2347649.062,11
6445184,-116.747645,32.55007025,8,0,1107321.774,2347649.062,11
6445185,-116.73713,32.55098893,8,11,1108321.774,2347649.062,11
6445186,-116.7266148,32.55190694,8,0,1109321.774,2347649.062,11
6445187,-116.7160995,32.55282431,8,0,1110321.774,2347649.062,11
6445188,-116.705584,32.55374102,8,0,1111321.774,2347649.062,11
6448319,-117.2007561,32.51885098,8,0,1064321.774,2348649.062,11
6448320,-117.1902473,32.51979788,8,0,1065321.774,2348649.062,11
6448321,-117.1797383,32.52074412,8,0,1066321.774,2348649.062,11
6448322,-117.1692291,32.5216897,8,0,1067321.774,2348649.062,11
6448323,-117.1587198,32.52263464,8,0,1068321.774,2348649.062,11
6448324,-117.1482103,32.52357891,8,0,1069321.774,2348649.062,11
6448325,-117.1377007,32.52452253,8,0,1070321.774,2348649.062,11
6448326,-117.1271909,32.5254655,8,796,1071321.774,2348649.062,11
6448327,-117.1166809,32.52640781,8,5000,1072321.774,2348649.062,11
6448328,-117.1061708,32.52734946,8,3930,1073321.774,2348649.062,11
6448329,-117.0956605,32.52829046,8,5874,1074321.774,2348649.062,11
6448330,-117.08515,32.5292308,8,5734,1075321.774,2348649.062,11
6448331,-117.0746394,32.53017049,8,6848,1076321.774,2348649.062,11
6448332,-117.0641286,32.53110953,8,7077,1077321.774,2348649.062,11
6448333,-117.0536177,32.53204791,8,6493,1078321.774,2348649.062,11
6448334,-117.0431066,32.53298563,8,6608,1079321.774,2348649.062,11
6448335,-117.0325953,32.5339227,8,2807,1080321.774,2348649.062,11
6448336,-117.0220839,32.53485911,8,2491,1081321.774,2348649.062,11
6448337,-117.0115723,32.53579487,8,6836,1082321.774,2348649.062,11
6448338,-117.0010605,32.53672997,8,7534,1083321.774,2348649.062,11
6448339,-116.9905486,32.53766442,8,5436,1084321.774,2348649.062,11
6448340,-116.9800365,32.53859821,8,4733,1085321.774,2348649.062,11
6448341,-116.9695243,32.53953135,8,2423,1086321.774,2348649.062,11
6448342,-116.9590119,32.54046383,8,13,1087321.774,2348649.062,11
6448343,-116.9484993,32.54139565,8,215,1088321.774,2348649.062,11
6448344,-116.9379866,32.54232682,8,3945,1089321.774,2348649.062,11
6448345,-116.9274737,32.54325734,8,7427,1090321.774,2348649.062,11
6448346,-116.9169607,32.5441872,8,2499,1091321.774,2348649.062,11
6448347,-116.9064475,32.5451164,8,728,1092321.774,2348649.062,11
6448348,-116.8959341,32.54604495,8,5976,1093321.774,2348649.062,11
6448349,-116.8854206,32.54697285,8,6068,1094321.774,2348649.062,11
6448350,-116.8749069,32.54790009,8,2534,1095321.774,2348649.062,11
6448351,-116.864393,32.54882667,8,0,1096321.774,2348649.062,11
6448352,-116.853879,32.5497526,8,0,1097321.774,2348649.062,11
6448353,-116.8433648,32.55067787,8,0,1098321.774,2348649.062,11
6448354,-116.8328505,32.55160249,8,0,1099321.774,2348649.062,11
6448355,-116.822336,32.55252645,8,0,1100321.774,2348649.062,11
6448356,-116.8118214,32.55344975,8,0,1101321.774,2348649.062,11
6448357,-116.8013066,32.5543724,8,0,1102321.774,2348649.062,11
6448358,-116.7907916,32.5552944,8,0,1103321.774,2348649.062,11
6448359,-116.7802765,32.55621574,8,0,1104321.774,2348649.062,11
6448360,-116.7697612,32.55713642,8,0,1105321.774,2348649.062,11
6448361,-116.7592457,32.55805645,8,0,1106321.774,2348649.062,11
6448362,-116.7487301,32.55897583,8,0,1107321.774,2348649.062,11
6448363,-116.7382144,32.55989454,8,0,1108321.774,2348649.062,11
6448364,-116.7276984,32.56081261,8,0,1109321.774,2348649.062,11
6448365,-116.7171823,32.56173001,8,0,1110321.774,2348649.062,11
6448366,-116.7066661,32.56264676,8,0,1111321.774,2348649.062,11
6451497,-117.2018742,32.52775445,8,0,1064321.774,2349649.062,11
6451498,-117.1913646,32.52870139,8,0,1065321.774,2349649.062,11
6451499,-117.1808548,32.52964767,8,0,1066321.774,2349649.062,11
6451500,-117.1703449,32.5305933,8,0,1067321.774,2349649.062,11
6451501,-117.1598348,32.53153828,8,0,1068321.774,2349649.062,11
6451502,-117.1493246,32.53248259,8,0,1069321.774,2349649.062,11
6451503,-117.1388142,32.53342626,8,0,1070321.774,2349649.062,11
6451504,-117.1283036,32.53436927,8,59,1071321.774,2349649.062,11
6451505,-117.1177929,32.53531162,8,1131,1072321.774,2349649.062,11
6451506,-117.107282,32.53625332,8,1324,1073321.774,2349649.062,11
6451507,-117.0967709,32.53719436,8,1803,1074321.774,2349649.062,11
6451508,-117.0862597,32.53813475,8,2048,1075321.774,2349649.062,11
6451509,-117.0757483,32.53907448,8,2563,1076321.774,2349649.062,11
6451510,-117.0652368,32.54001356,8,3253,1077321.774,2349649.062,11
6451511,-117.0547251,32.54095198,8,2975,1078321.774,2349649.062,11
6451512,-117.0442132,32.54188975,8,2645,1079321.774,2349649.062,11
6451513,-117.0337012,32.54282686,8,1205,1080321.774,2349649.062,11
6451514,-117.023189,32.54376332,8,2047,1081321.774,2349649.062,11
6451515,-117.0126766,32.54469912,8,3115,1082321.774,2349649.062,11
6451516,-117.0021641,32.54563427,8,3072,1083321.774,2349649.062,11
6451517,-116.9916514,32.54656876,8,139,1084321.774,2349649.062,11
6451518,-116.9811386,32.54750259,8,5,1085321.774,2349649.062,11
6451519,-116.9706256,32.54843577,8,5,1086321.774,2349649.062,11
6451520,-116.9601124,32.5493683,8,5,1087321.774,2349649.062,11
6451521,-116.9495991,32.55030017,8,84,1088321.774,2349649.062,11
6451522,-116.9390856,32.55123138,8,1480,1089321.774,2349649.062,11
6451523,-116.928572,32.55216194,8,2693,1090321.774,2349649.062,11
6451524,-116.9180582,32.55309184,8,2222,1091321.774,2349649.062,11
6451525,-116.9075442,32.55402109,8,237,1092321.774,2349649.062,11
6451526,-116.8970301,32.55494968,8,2045,1093321.774,2349649.062,11
6451527,-116.8865158,32.55587762,8,2333,1094321.774,2349649.062,11
6451528,-116.8760013,32.5568049,8,704,1095321.774,2349649.062,11
6451529,-116.8654867,32.55773153,8,0,1096321.774,2349649.062,11
6451530,-116.8549719,32.5586575,8,0,1097321.774,2349649.062,11
6451531,-116.844457,32.55958281,8,0,1098321.774,2349649.062,11
6451532,-116.8339419,32.56050747,8,0,1099321.774,2349649.062,11
6451533,-116.8234267,32.56143148,8,0,1100321.774,2349649.062,11
6451534,-116.8129113,32.56235483,8,0,1101321.774,2349649.062,11
6451535,-116.8023957,32.56327752,8,0,1102321.774,2349649.062,11
6451536,-116.7918799,32.56419956,8,0,1103321.774,2349649.062,11
6451537,-116.7813641,32.56512094,8,0,1104321.774,2349649.062,11
6451538,-116.770848,32.56604167,8,0,1105321.774,2349649.062,11
6451539,-116.7603318,32.56696174,8,0,1106321.774,2349649.062,11
6451540,-116.7498154,32.56788115,8,0,1107321.774,2349649.062,11
6451541,-116.7392989,32.56879992,8,0,1108321.774,2349649.062,11
6451542,-116.7287822,32.56971802,8,0,1109321.774,2349649.062,11
6451543,-116.7182654,32.57063547,8,0,1110321.774,2349649.062,11
6451544,-116.7077484,32.57155226,8,0,1111321.774,2349649.062,11
