GRIDCODE,CVENTMUN,Fa
3681850,05004,0.013363001
3681851,05004,0.001050413
3681855,05004,0.000217754
3681856,05004,0.001419271
3681861,05004,0.000110765
3681862,05004,0.007018968
3681863,05004,0.007223135
3681864,05004,0.0051393
3681889,19049,0.001358102
3681890,19049,0.017005698
3681891,19049,0.019812612
3681892,19049,0.003074847
3681913,19004,0.009281525
3681914,19004,0.032963876
3681915,19004,0.026342877
3681916,19004,0.028527259
3681917,19004,0.033241186
3681918,19004,0.033241186
3681919,19004,0.033241186
3681920,19004,0.033241186
3681921,19004,0.033241186
3681922,19004,0.03277858
3681923,19004,0.005681325
3681923,19038,0.025337499
3681924,19038,0.0266719
3681925,19038,0.022243714
3681926,19038,0.030560695
3681927,19038,0.030560695
3685028,05004,0.009774778
3685029,05004,0.00022207
3685032,05004,0.003278054
3685033,05004,0.005716179
3685034,05004,0.002140518
3685040,05004,0.000383727
3685048,05004,1.10548E-05
3685048,19049,7.63119E-05
3685049,19049,0.001353277
3685050,19049,0.000523132
3685053,19049,0.001745361
3685054,19049,0.02050281
3685055,19049,0.014419723
3685056,19049,0.005026978
3685065,19049,0.001229948
3685066,19049,0.009507012
3685067,19049,0.00786217
3685068,19049,0.008154806
3685069,19049,1.96002E-05
3685091,19004,0.003205904
3685092,19004,0.008087129
3685093,19004,0.015720031
3685093,19009,8.66421E-06
3685094,19004,0.03279598
3685094,19009,3.33714E-05
3685095,19004,0.033241186
3685096,19004,0.033241186
3685097,19004,0.033241186
3685098,19004,0.033241186
3685099,19004,0.033241186
3685100,19004,0.033241186
3685101,19004,0.015338972
3685101,19038,0.016458622
3685102,19004,3.29882E-05
3685102,19038,0.020599186
3685103,19038,0.027509155
3685104,19038,0.030560695
3685105,19038,0.030560695
3688206,05004,0.010848384
3688207,05004,0.012669856
3688208,05004,0.009889558
3688209,05004,0.001139402
3688212,05004,0.003757217
3688213,05004,0.003394191
3688225,05004,0.003638435
3688226,05004,0.005315021
3688226,19049,0.003039551
3688227,19049,0.021085001
3688228,19049,0.017627499
3688229,19049,0.009153055
3688230,19049,0.014047671
3688231,19049,0.019111474
3688232,19049,0.025026571
3688233,19049,0.020882148
3688234,19049,0.012404796
3688235,19049,0.000322281
3688242,19049,0.006018219
3688243,19049,0.013565779
3688244,19049,0.001243168
3688264,19049,0.007257852
3688265,19049,0.010538556
3688270,19004,0.012290819
3688270,19009,0.000737211
3688271,19004,0.008491389
3688271,19009,0.001855177
3688272,19004,0.008936079
3688272,19009,0.001821844
3688273,19004,0.030635263
3688273,19009,0.000195333
3688274,19004,0.032945282
3688274,19009,2.21802E-05
3688275,19004,0.033241186
3688276,19004,0.033241186
3688277,19004,0.033241186
3688278,19004,0.033241186
3688279,19004,0.033227654
3688280,19004,0.004511598
3688280,19038,0.022028991
3688281,19038,0.030560695
3688282,19038,0.030560695
3688283,19038,0.030560695
3691384,05004,0.00058867
3691385,05004,0.00189839
3691386,05004,0.008496277
3691387,05004,0.012232412
3691388,05004,0.011218649
3691389,05004,0.011510332
3691390,05004,0.013448159
3691391,05004,0.002685306
3691403,05004,0.002657392
3691404,05004,0.000915559
3691404,19049,4.97649E-06
3691405,19049,0.00077489
3691406,19049,0.008416944
3691407,19049,0.011254912
3691408,19049,0.006096304
3691409,19049,0.006530805
3691410,19049,0.017321454
3691411,19049,0.012840348
3691412,19049,0.004659217
3691420,19049,0.000310995
3691442,19049,0.01154377
3691443,19049,0.000238012
3691448,19009,0.000281485
3691449,19009,0.002327844
3691450,19009,0.002491669
3691451,19004,0.002087758
3691451,19009,0.002335176
3691452,19004,0.003240409
3691452,19009,0.001477429
3691453,19004,0.011015471
3691453,19009,0.001482994
3691454,19004,0.028307041
3691454,19009,0.00036985
3691455,19004,0.032067085
3691455,19009,8.80074E-05
3691456,19004,0.032747558
3691456,19009,3.7001E-05
3691457,19004,0.017987218
3691457,19038,0.002400781
3691458,19038,0.015298202
3691459,19038,0.029083285
3691460,19038,0.030560695
3691461,19038,0.030560695
3694564,05004,0.001839826
3694565,05004,0.006098991
3694566,05004,0.007206428
3694567,05004,0.006485994
3694568,05004,0.005470916
3694569,05004,0.000295664
3694576,05004,2.62191E-05
3694584,19049,0.000505565
3694585,19049,0.007313413
3694586,19049,0.011490119
3694587,19049,0.007671001
3694588,19049,0.002439978
3694605,19049,2.97178E-05
3694606,19049,0.003571006
3694607,19049,0.00374502
3694613,19049,0.002266977
3694614,19049,0.009947005
3694615,19049,8.03735E-05
3694616,19049,0.002964763
3694620,19049,0.005820711
3694626,19009,0.000375546
3694627,19009,0.002488188
3694628,19009,0.002491669
3694629,19009,0.002491669
3694630,19009,0.002473375
3694631,19009,0.002491669
3694632,19004,0.0001238
3694632,19009,0.002482389
3694633,19004,0.00395635
3694633,19009,0.002195111
3694634,19004,0.017954605
3694634,19009,0.00114584
3694635,19004,0.009920448
3694635,19009,7.12479E-07
3694635,19038,0.020882196
3694636,19038,0.02366356
3694637,19038,0.023344272
3694638,19038,0.030560695
3694639,19038,0.030560695
3697740,05004,0.001761769
3697741,05004,0.000159844
3697742,05004,0.001792347
3697743,05004,0.009443992
3697744,05004,0.00788226
3697745,05004,0.007392407
3697746,05004,0.00869381
3697747,05004,0.007169552
3697748,05004,0.00257513
3697750,05004,6.44035E-05
3697751,05004,0.002089835
3697752,05004,0.003529796
3697753,05004,0.004476395
3697754,05004,0.008696955
3697761,05004,7.2306E-05
3697761,19049,0.000975329
3697762,19049,0.008513502
3697763,19049,0.002260537
3697764,19049,0.001196068
3697782,19049,0.000203438
3697783,19049,0.013317672
3697784,19049,0.006955858
3697785,19049,0.000257514
3697792,19049,0.015247781
3697793,19049,0.002920903
3697794,19049,0.010224556
3697795,19049,0.001256578
3697804,19009,0.000744536
3697805,19009,0.002491669
3697806,19009,0.002491669
3697807,19009,0.002491669
3697808,19009,0.002491669
3697809,19009,0.002491669
3697810,19009,0.002491669
3697811,19009,0.002491669
3697812,19004,3.0704E-05
3697812,19009,0.002489367
3697813,19004,0.000149234
3697813,19009,0.001627947
3697813,19038,0.01041788
3697814,19009,0.00068368
3697814,19038,0.004209689
3697815,19038,0.018310699
3697816,19038,0.030560695
3697817,19038,0.030560695
3700918,05004,0.003739679
3700919,05004,0.010680526
3700920,05004,0.013525775
3700921,05004,0.013531357
3700922,05004,0.013531357
3700923,05004,0.013531357
3700924,05004,0.013531357
3700925,05004,0.013531357
3700926,05004,0.012004101
3700927,05004,0.003576669
3700928,05004,0.006583077
3700929,05004,0.012415052
3700930,05004,0.003656213
3700931,05004,0.003275056
3700932,05004,0.00082108
3700938,05004,0.004541042
3700939,05004,0.003208198
3700939,19049,0.000510211
3700940,19049,2.72298E-05
3700970,19049,0.001338723
3700971,19049,0.015035168
3700972,19049,0.003803317
3700973,19049,3.24123E-07
3700982,19009,0.001168252
3700983,19009,0.002491669
3700984,19009,0.002491669
3700985,19009,0.002491669
3700986,19009,0.002491669
3700987,19009,0.002491669
3700988,19009,0.002491669
3700989,19009,0.002491669
3700990,19009,0.002491669
3700991,19009,0.002491669
3700992,19009,0.00162521
3700992,19038,0.00697916
3700993,19038,0.016475396
3700994,19038,0.030560695
3700995,19038,0.030560695
3704097,05004,0.00263604
3704098,05004,0.008195726
3704099,05004,0.010729712
3704100,05004,0.011199605
3704101,05004,0.007997885
3704102,05004,0.012636694
3704103,05004,0.013531357
3704104,05004,0.006845442
3704105,05004,0.001827778
3704106,05004,0.001392079
3704107,05004,0.001699499
3704108,05004,1.25751E-05
3704114,05004,0.001584745
3704115,05004,0.006421391
3704116,05004,0.007287103
3704117,05004,0.000865473
3704159,19009,0.000287289
3704160,19009,0.002085846
3704161,19009,0.001044353
3704162,19009,0.002472038
3704163,19009,0.002491669
3704164,19009,0.002491669
3704165,19009,0.002491669
3704166,19009,0.002491669
3704167,19009,0.002491669
3704168,19009,0.002491669
3704169,19009,0.002311294
3704169,19038,0.002212325
3704170,19009,0.000331155
3704170,19038,0.026499025
3704171,19038,0.025732471
3704172,19009,7.29755E-07
3704172,19038,0.030551744
3704173,19009,0.001087203
3704173,19038,0.017225989
3707276,05004,0.002604194
3707277,05004,0.010965764
3707278,05004,0.011486872
3707279,05004,0.003092399
3707280,05004,0.004414333
3707281,05004,0.009481112
3707282,05004,6.58661E-08
3707289,05004,2.4915E-06
3707290,05004,0.001967957
3707291,05004,0.00435237
3707292,05004,0.002733168
3707293,05004,0.000400694
3707294,05004,0.000281337
3707337,19009,4.98419E-06
3707338,19009,0.002341452
3707339,19009,0.000900583
3707340,19009,0.001164042
3707341,19009,0.002139102
3707342,19009,0.002491669
3707343,19009,0.002491669
3707344,19009,0.002491669
3707345,19009,0.002491669
3707346,19009,0.002491669
3707347,19009,0.001250659
3707347,19038,0.015221171
3707348,19038,0.021154775
3707349,19009,5.80612E-05
3707349,19038,0.028749436
3707350,19009,0.001513958
3707350,19038,0.011991768
3707351,19009,0.002491669
3710452,05004,0.001326166
3710453,05004,0.003761677
3710454,05004,0.011541881
3710455,05004,0.013531357
3710456,05004,0.013531357
3710457,05004,0.012714972
3710458,05004,0.009696935
3710459,05004,0.006903831
3710460,05004,0.00149581
3710461,05004,6.53598E-05
3710464,05004,0.001162163
3710465,05004,0.002565391
3710466,05004,0.003227192
3710467,05004,0.0035344
3710468,05004,0.000669046
3710513,19009,0.000519232
3710513,19049,0.001944533
3710514,19009,0.000975558
3710515,19009,0.001024472
3710516,19009,0.001046865
3710517,19009,0.000927685
3710518,19009,0.001754917
3710519,19009,0.002424448
3710520,19009,0.002491669
3710521,19009,0.002491669
3710522,19009,0.002491669
3710523,19009,0.002491669
3710524,19009,0.002491669
3710525,19009,0.002134341
3710525,19038,0.004382671
3710526,19009,0.000179391
3710526,19038,0.017480191
3710527,19009,0.001602604
3710527,19038,0.006634271
3710528,19009,0.002491669
3710529,19009,0.002491669
3713630,05004,0.007473748
3713631,05004,0.010892385
3713632,05004,0.011718011
3713633,05004,0.013531357
3713634,05004,0.013531357
3713635,05004,0.013531357
3713636,05004,0.013531357
3713637,05004,0.013353856
3713638,05004,0.011309188
3713639,05004,0.008995959
3713640,05004,0.008070227
3713641,05004,0.005555411
3713642,05004,0.004403525
3713643,05004,0.000124163
3713690,19049,0.001382552
3713691,19009,0.000356849
3713691,19049,0.019634709
3713692,19009,0.002348459
3713692,19049,0.000838579
3713693,19009,0.002491669
3713694,19009,0.001418284
3713695,19009,0.001475395
3713696,19009,0.002491669
3713697,19009,0.002491669
3713698,19009,0.002491669
3713699,19009,0.002491669
3713700,19009,0.002491669
3713701,19009,0.002491669
3713702,19009,0.002491669
3713703,19009,0.002491669
3713704,19009,0.001630202
3713704,19038,0.001839555
3713705,19009,0.002239923
3713706,19009,0.002491669
3713707,19009,0.002491669
3716810,05004,0.000120939
3716811,05004,0.003013422
3716812,05004,0.004424326
3716813,05004,0.003984087
3716814,05004,0.004458874
3716815,05004,0.000629062
3716816,05004,3.52184E-05
3716864,19049,0.00223951
3716865,19049,0.003764287
3716866,19049,0.001577399
3716868,19049,0.011497912
3716869,19049,0.008465973
3716870,19009,0.001146975
3716870,19049,0.013506237
3716871,19009,0.002491669
3716872,19009,0.002491669
3716873,19009,0.002442254
3716874,19009,0.002491669
3716875,19009,0.002491669
3716876,19009,0.002491669
3716877,19009,0.002491669
3716878,19009,0.002372017
3716879,19009,0.002491669
3716880,19009,0.002491669
3716881,19009,0.002491669
3716882,19009,0.002427901
3716883,19009,0.002491669
3716884,19009,0.002491669
3716885,19009,0.002491669
3719990,05004,0.000271599
3720042,19049,0.004075998
3720043,19049,0.019233324
3720044,19049,0.018285009
3720045,19049,0.004901809
3720046,19049,0.01200514
3720047,19049,0.025026571
3720048,19009,2.3892E-05
3720048,19049,0.024786597
3720049,19009,0.001699123
3720049,19049,0.007960409
3720050,19009,0.002491669
3720051,19009,0.002491669
3720052,19009,0.002491669
3720053,19009,0.002491669
3720054,19009,0.002491669
3720055,19009,0.002491669
3720056,19009,0.001593864
3720057,19009,0.001647664
3720058,19009,0.002483451
3720059,19009,0.002491669
3720060,19009,0.002491669
3720061,19009,0.002491669
3720062,19009,0.002491669
3720063,19009,0.002491669
3723164,05004,0.00468393
3723165,05004,0.006938576
3723166,05004,0.0078619
3723167,05004,0.007216098
3723168,05004,0.011568707
3723169,05004,0.007257629
3723170,05004,0.004896574
3723171,05004,0.007226258
3723172,05004,0.007649133
3723221,19049,0.002726268
3723222,19049,0.011257074
3723223,19049,0.024986048
3723224,19049,0.025026571
3723225,19049,0.025026571
3723226,19009,0.000232456
3723226,19049,0.022691761
3723227,19009,0.001684528
3723227,19049,0.008107003
3723228,19009,0.002438052
3723228,19049,0.000538532
3723229,19009,0.002491669
3723230,19009,0.002491669
3723231,19009,0.002491669
3723232,19009,0.002491669
3723233,19009,0.002491669
3723234,19009,0.002491669
3723235,19009,0.002491669
3723236,19009,0.002483292
3723237,19009,0.001976909
3723238,19009,0.002491669
3723239,19009,0.002491669
3723240,19009,0.002491669
3723241,19009,0.002388045
3726342,05004,0.011895865
3726343,05004,0.013282255
3726344,05004,0.011694103
3726345,05004,0.011123213
3726346,05004,0.012903073
3726347,05004,0.009585778
3726348,05004,0.004279227
3726349,05004,0.001369687
3726350,05004,4.90986E-05
3726386,19049,4.23099E-06
3726387,19049,0.004310632
3726388,19049,0.000557843
3726401,19049,0.005132247
3726402,19049,0.022991818
3726403,19009,0.000629451
3726403,19049,0.018704297
3726404,19009,0.002253342
3726404,19049,0.002393773
3726405,19009,0.002491669
3726406,19009,0.00233688
3726407,19009,0.002322262
3726408,19009,0.002491669
3726409,19009,0.002491669
3726410,19009,0.002491669
3726411,19009,0.002213985
3726412,19009,0.00148553
3726413,19009,0.002451725
3726414,19009,0.002491669
3726415,19009,0.002491669
3726416,19009,0.002491669
3726417,19009,0.002491669
3726418,19009,0.002020941
3726419,19009,0.001900098
3729520,05004,0.00029044
3729521,05004,0.001681744
3729522,05004,2.22798E-05
3729524,05004,0.002575399
3729525,05004,0.000466102
3729564,19049,0.00134421
3729565,19049,0.015845072
3729566,19049,0.019556425
3729567,19049,0.003865012
3729578,19049,0.008215263
3729579,19009,7.64464E-05
3729579,19049,0.01627361
3729580,19009,0.000563799
3729580,19049,0.005383704
3729581,19009,0.001262285
3729581,19049,0.000437442
3729582,19009,0.002240218
3729583,19009,0.002491669
3729584,19009,0.002057152
3729585,19009,0.001938486
3729586,19009,0.001725673
3729587,19009,0.00213884
3729588,19009,0.002491669
3729589,19009,0.002466238
3729590,19009,0.00234994
3729591,19009,0.002491653
3729592,19009,0.002491669
3729593,19009,0.002491669
3729594,19009,0.002491669
3729595,19009,0.002310336
3729596,19009,0.001174569
3729597,19009,0.002491669
3732702,05004,0.003746065
3732703,05004,0.003035336
3732712,19048,0.006332237
3732743,19049,0.005214359
3732744,19049,0.020596657
3732745,19049,0.005907157
3732756,19049,0.015753459
3732757,19009,0.001383551
3732757,19049,0.011105343
3732758,19009,0.000287418
3732759,19009,0.000127469
3732760,19009,0.002000307
3732761,19009,0.002079745
3732762,19009,0.000554191
3732763,19009,0.000941497
3732764,19009,0.002334385
3732765,19009,0.002491669
3732766,19009,0.002491669
3732767,19009,0.002491669
3732768,19009,0.002491669
3732769,19009,0.002283783
3732770,19009,0.002406921
3732771,19009,0.002491669
3732772,19009,0.002491669
3732773,19009,0.002488951
3732774,19009,0.001405331
3732775,19009,0.002001058
3735877,05004,0.003378828
3735878,05004,0.002484419
3735879,05004,0.004607416
3735880,05004,0.012748486
3735881,05004,0.01294512
3735882,05004,0.007433436
3735883,05004,0.002249139
3735890,19048,0.23671528
3735891,19048,0.10740967
3735903,19048,0.056640855
3735904,19048,0.006643065
3735934,19049,2.36934E-09
3735935,19009,0.000336824
3735935,19049,4.20739E-05
3735936,19009,0.000127893
3735937,19009,0.000215517
3735938,19009,7.56807E-06
3735939,19009,0.000339358
3735940,19009,0.000671624
3735941,19009,0.002280097
3735942,19009,0.002491669
3735943,19009,0.002491669
3735944,19009,0.002491669
3735945,19009,0.002491669
3735946,19009,0.002491669
3735947,19009,0.002272875
3735948,19009,0.001298158
3735949,19009,0.001504415
3735950,19009,0.002491669
3735951,19009,0.002491669
3735952,19009,0.001356286
3735953,19009,1.37088E-05
3739054,05004,0.001462067
3739058,05004,0.000774693
3739059,05004,0.001004813
3739068,19048,0.045768093
3739069,19048,0.035685836
3739079,19048,0.040192078
3739080,19048,0.197950084
3739081,19048,0.175879521
3739082,19048,0.004135272
3739111,19009,6.5419E-05
3739112,19009,0.001301871
3739113,19009,0.001787978
3739114,19009,0.002218849
3739115,19009,0.002278023
3739116,19009,0.001074385
3739117,19009,0.001411544
3739118,19009,0.001668371
3739119,19009,0.002358871
3739120,19009,0.002491669
3739121,19009,0.002491669
3739122,19009,0.002491669
3739123,19009,0.002491669
3739124,19009,0.002491669
3739125,19009,0.002491669
3739126,19009,0.002491669
3739127,19009,0.001740645
3739128,19009,0.002491669
3739129,19009,0.002491669
3739130,19009,0.000585558
3739131,19009,0.000229741
3742257,19048,0.050630415
3742258,19048,0.036017595
3742289,19009,0.001425849
3742290,19009,0.002491669
3742291,19009,0.002491669
3742292,19009,0.002491669
3742293,19009,0.002399628
3742294,19009,0.002031908
3742295,19009,0.001204443
3742296,19009,0.001638604
3742297,19009,0.001736489
3742298,19009,0.002491669
3742299,19009,0.002491669
3742300,19009,0.002491669
3742301,19009,0.002491669
3742302,19009,0.002491669
3742303,19009,0.002491669
3742304,19009,0.002491669
3742305,19009,0.002491669
3742306,19009,0.002491669
3742307,19009,0.002491669
3742308,19009,0.002198529
3742309,19009,0.002074669
3745466,19009,0.000303633
3745466,19031,0.000208893
3745467,19009,0.001071708
3745467,19031,0.009202335
3745468,19009,0.00088593
3745468,19031,0.010899268
3745469,19009,0.00214488
3745469,19031,0.002353899
3745470,19009,0.002174795
3745471,19009,0.000536891
3745471,19031,0.000120648
3745472,19009,0.00162698
3745472,19031,0.000905352
3745473,19009,0.002491669
3745474,19009,0.002491669
3745475,19009,0.002491669
3745476,19009,0.002491669
3745477,19009,0.002491669
3745478,19009,0.002491669
3745479,19009,0.002491669
3745480,19009,0.002491669
3745481,19009,0.002491669
3745482,19009,0.002491669
3745483,19009,0.002491669
3745484,19009,0.002491669
3745485,19009,0.002491669
3745486,19009,0.002491669
3745487,19009,0.002491669
3748643,19009,0.000320868
3748643,19031,0.006487088
3748644,19009,2.45902E-05
3748644,19031,0.008202815
3748645,19031,0.016414537
3748646,19031,0.016912696
3748647,19009,0.000325071
3748647,19031,0.014706212
3748648,19009,0.00059157
3748648,19031,0.00912594
3748649,19009,0.001059014
3748649,19031,0.008309798
3748650,19009,0.002471442
3748650,19031,0.000137293
3748651,19009,0.002491669
3748652,19009,0.002491669
3748653,19009,0.002491669
3748654,19009,0.002491669
3748655,19009,0.002491669
3748656,19009,0.002491669
3748657,19009,0.002491669
3748658,19009,0.002491669
3748659,19009,0.002491669
3748660,19009,0.002487839
3748661,19009,0.000909223
3748662,19009,0.000835944
3748663,19009,0.002491669
3748664,19009,0.002491669
3748665,19009,0.002491669
3751820,19031,0.004045819
3751821,19031,0.015594266
3751822,19031,0.016912696
3751823,19031,0.016912696
3751824,19031,0.016912696
3751825,19009,0.000427308
3751825,19031,0.014012256
3751826,19009,0.000978921
3751826,19031,0.010268076
3751827,19009,0.002474627
3751827,19031,0.000115674
3751828,19009,0.002491669
3751829,19009,0.002491669
3751830,19009,0.002491669
3751831,19009,0.002491669
3751832,19009,0.002491669
3751833,19009,0.002491669
3751834,19009,0.002491669
3751835,19009,0.002491669
3751836,19009,0.002491669
3751837,19009,0.002491669
3751838,19009,0.002403994
3751839,19009,0.001546444
3751840,19009,0.001914753
3751841,19009,0.002491669
3751842,19009,0.002491669
3751843,19009,0.002491669
3754996,19031,2.81794E-07
3754997,19031,0.002628065
3754998,19031,0.012447637
3754999,19031,0.016912696
3755000,19031,0.016912696
3755001,19031,0.016912696
3755002,19009,0.001087126
3755002,19031,0.009533614
3755003,19009,0.00237168
3755003,19031,0.000814443
3755004,19009,0.002476541
3755004,19031,0.000102683
3755005,19009,0.002491669
3755006,19009,0.002491669
3755007,19009,0.002487214
3755008,19009,0.002491669
3755009,19009,0.002491669
3755010,19009,0.002491669
3755011,19009,0.002491669
3755012,19009,0.002491669
3755013,19009,0.002491669
3755014,19009,0.002491669
3755015,19009,0.002491669
3755016,19009,0.002491669
3755017,19009,0.002491669
3755018,19009,0.002491669
3755019,19009,0.002491669
3755020,19009,0.002491669
3755021,19009,0.002491669
3758172,19031,0.002162754
3758173,19031,0.013764706
3758174,19031,0.007548272
3758175,19031,0.01412486
3758176,19031,0.016912696
3758177,19031,0.016912696
3758178,19031,0.016912696
3758179,19009,0.001092754
3758179,19031,0.009495409
3758180,19009,0.002486687
3758180,19031,3.38099E-05
3758181,19009,0.002491669
3758182,19009,0.002491669
3758183,19009,0.002281828
3758184,19009,0.002423461
3758185,19009,0.001183845
3758186,19009,0.000676234
3758187,19009,0.001775146
3758188,19009,0.002491669
3758189,19009,0.002491669
3758190,19009,0.002491669
3758191,19009,0.002491669
3758192,19009,0.002491669
3758193,19009,0.002491669
3758194,19009,0.002491669
3758195,19009,0.002491669
3758196,19009,0.002491669
3758197,19009,0.001545136
3758198,19009,0.001783634
3758199,19009,0.002154105
3761351,19031,0.007226013
3761352,19031,0.015044736
3761353,19031,0.016912696
3761354,19031,0.016912696
3761355,19031,0.016912696
3761356,19009,0.001090954
3761356,19031,0.009507625
3761357,19009,0.002213895
3761357,19031,0.001885442
3761358,19009,0.002491669
3761359,19009,0.002491669
3761360,19009,0.001706234
3761361,19009,0.000544109
3761362,19009,0.000634599
3761363,19009,0.000141393
3761364,19009,0.000579356
3761365,19009,0.00183486
3761366,19009,0.002491669
3761367,19009,0.002491669
3761368,19009,0.002291334
3761369,19009,0.002093401
3761370,19009,0.002491669
3761371,19009,0.002491669
3761372,19009,0.002491669
3761373,19009,0.002491669
3761374,19009,0.002491669
3761375,19009,0.002207902
3761376,19009,0.000889729
3761377,19009,0.001110566
3764515,19039,0.003739172
3764516,19039,0.024878673
3764529,19031,0.000964995
3764530,19031,0.006006016
3764531,19031,0.01445265
3764532,19031,0.016912696
3764533,19031,0.016912696
3764534,19009,0.000360508
3764534,19031,0.014465678
3764535,19009,0.001909514
3764535,19031,0.003951486
3764536,19009,0.002425383
3764536,19031,0.000204473
3764537,19009,0.001079565
3764538,19009,0.000674079
3764539,19009,0.000672193
3764540,19009,0.000149784
3764541,19009,0.000186772
3764542,19009,0.000622448
3764543,19009,0.000957986
3764544,19009,0.002333964
3764545,19009,0.002491669
3764546,19009,0.002035305
3764547,19009,0.002371567
3764548,19009,0.002491669
3764549,19009,0.002491669
3764550,19009,0.002491669
3764551,19009,0.002491669
3764552,19009,0.001437122
3764553,19009,0.00105708
3764554,19009,0.002188174
3764555,19009,0.001205244
3767693,19039,0.019167227
3767694,19039,0.831479518
3767695,19039,0.034762153
3767707,19031,0.006917603
3767708,19031,0.010456726
3767709,19031,0.016912696
3767710,19031,0.016912696
3767711,19031,0.013544681
3767712,19009,3.40453E-05
3767712,19031,0.014792435
3767713,19009,0.001787018
3767713,19031,0.004782958
3767714,19009,0.001626681
3767715,19009,0.00211125
3767716,19009,0.002491669
3767717,19009,0.002491669
3767718,19009,0.002002392
3767719,19009,0.000479874
3767721,19009,4.37658E-05
3767722,19009,0.000261828
3767723,19009,0.000981132
3767724,19009,0.001369745
3767725,19009,0.001949855
3767726,19009,0.002491669
3767727,19009,0.002016719
3767728,19009,0.001056052
3767729,19009,0.000854602
3767730,19009,0.001877007
3767731,19009,0.001048649
3767732,19009,0.002242614
3767733,19009,0.001472676
3770872,19039,0.08304119
3770873,19039,0.002932067
3770884,19031,1.13809E-05
3770885,19031,0.014916651
3770886,19031,0.016912696
3770887,19031,0.016912696
3770888,19031,0.014535621
3770889,19031,0.00751541
3770890,19009,0.000243397
3770890,19031,0.010643197
3770891,19009,0.001382588
3770891,19031,0.000925137
3770892,19009,1.43089E-05
3770893,19009,7.40699E-05
3770894,19009,0.000193745
3770895,19009,0.00085578
3770896,19009,0.002402861
3770897,19009,0.00072666
3770898,19009,5.99237E-05
3770899,19009,0.001366628
3770901,19009,1.0769E-05
3770902,19009,0.001191239
3770903,19009,0.00108429
3770904,19009,0.002349214
3770905,19009,0.000475545
3770908,19009,0.000140419
3770909,19009,0.002002151
3770910,19009,0.001753577
3770911,19009,0.000738037
3774062,19031,2.37932E-05
3774063,19031,0.009991395
3774064,19031,0.016912585
3774065,19031,0.010736702
3774066,19031,0.005239121
3774067,19031,0.003520522
3774068,19031,0.005438808
3774069,19031,0.000190892
3774071,19009,3.56641E-05
3774072,19009,0.001081362
3774073,19009,0.00165435
3774074,19009,0.001938281
3774075,19009,0.00157086
3774076,19009,0.000886254
3774077,19009,0.001489227
3774078,19009,0.000388289
3774080,19009,3.16302E-05
3774081,19009,3.75375E-06
3774082,19009,0.001104532
3774083,19009,3.45716E-09
3774086,19009,0.000106303
3774087,19009,0.000809644
3774088,19009,0.001387921
3774089,19009,0.001113001
3777242,19031,0.004530143
3777243,19031,0.000117649
3777244,19031,0.000130949
3777245,19031,0.011263967
3777246,19031,0.014863802
3777247,19031,0.000148814
3777251,19009,0.001656474
3777252,19009,0.001245355
3777253,19009,0.000932097
3777254,19009,0.001605381
3777255,19009,0.000806355
3777256,19009,2.661E-05
3777257,19009,3.81681E-05
3777258,19009,0.000374236
3777260,19009,0.000510501
3777264,19009,0.000188872
3777265,19009,0.000247012
3777267,19009,0.0001917
3780422,19031,0.002450026
3780423,19031,0.003942784
3780424,19031,0.013891407
3780425,19031,0.001360293
3780429,19009,0.000222194
3780430,19009,8.6574E-05
3780431,19009,0.00163709
3780432,19009,0.002284803
3780433,19009,0.000287313
3780435,19009,7.27834E-05
3780436,19009,0.001862608
3780437,19009,0.000560043
3780442,19009,0.001129299
3780443,19009,0.001398584
3780444,19009,0.000127568
3780445,19009,0.00209126
3783600,19031,0.011465469
3783601,19031,0.00750613
3783602,19031,0.000478055
3783604,19031,0.000188942
3783605,19031,0.000292855
3783607,19009,0.000590652
3783607,19031,0.000650565
3783608,19009,9.9758E-05
3783609,19009,1.8861E-05
3783610,19009,3.34689E-06
3783611,19009,1.62123E-05
3783612,19009,0.001123182
3783613,19009,0.000863584
3783614,19009,0.002395812
3783615,19009,0.001742519
3783616,19009,0.001454548
3783617,19009,0.000305313
3783618,19009,0.00090763
3783619,19009,0.001458718
3783620,19009,0.000531767
3783621,19009,0.001313404
3783622,19009,0.000389189
3783623,19009,0.002144607
3786778,19031,0.00090116
3786779,19031,0.008114903
3786780,19031,0.007778664
3786781,19031,2.48094E-05
3786782,19031,0.006481786
3786783,19031,0.012022615
3786786,19031,2.31763E-06
3786787,19009,0.000486815
3786787,19031,1.13991E-05
3786788,19009,0.001400137
3786789,19009,0.00191534
3786790,19009,0.002363854
3786791,19009,0.001602279
3786792,19009,0.001396149
3786793,19009,0.00233091
3786794,19009,0.001865204
3786795,19009,0.00181812
3786796,19009,0.000866481
3786797,19009,0.001736814
3786798,19009,0.001003588
3786799,19009,0.001389457
3786800,19009,0.000445257
3786801,19009,0.00146424
3789956,19031,0.004822707
3789957,19031,0.001056914
3789958,19031,0.002273168
3789959,19031,6.66067E-05
3789960,19031,0.002231522
3789961,19031,0.011146063
3789962,19031,0.007688051
3789963,19009,0.000103913
3789963,19031,5.03557E-05
3789964,19009,0.001463069
3789964,19031,0.000777699
3789965,19009,0.00074531
3789965,19031,4.78232E-05
3789966,19009,0.001263859
3789967,19009,0.000528115
3789968,19009,0.000101609
3789970,19009,0.000367984
3789971,19009,0.000170924
3789972,19009,0.000211146
3789973,19009,0.001146712
3789974,19009,0.001842553
3789975,19009,0.000820485
3789976,19009,0.000268754
3789977,19009,0.001976601
3789978,19009,0.000281309
3789979,19009,0.002242759
3793133,19031,0.000411509
3793134,19031,0.007485597
3793139,19031,0.003011293
3793140,19009,0.000141408
3793140,19031,0.011716104
3793141,19009,0.001183866
3793142,19009,0.002491669
3793143,19009,0.001916303
3793144,19009,8.44546E-05
3793149,19009,0.000124657
3793150,19009,0.001454122
3793151,19009,0.002491669
3793152,19009,0.001959197
3793153,19009,7.54335E-05
3793154,19009,0.000536943
3793155,19009,0.001188433
3793157,19009,0.00160715
3796317,19031,0.003455004
3796318,19009,1.9901E-05
3796318,19031,0.008285347
3796319,19009,5.98657E-05
3796319,19031,6.71148E-05
3796320,19009,0.000506713
3796321,19009,0.000105979
3796327,19009,0.000240168
3796328,19009,0.001758002
3796329,19009,0.002161474
3796330,19009,0.001735595
3796331,19009,0.001037039
3796332,19009,1.80475E-05
3796333,19009,2.1347E-05
3796335,19009,3.91835E-05
3799494,19031,0.000881163
3799495,19031,0.011944022
3799496,19031,0.001696398
3799497,19031,0.004332861
3799498,19031,0.00054948
3799507,19009,3.05003E-05
3799508,19009,2.37961E-05
3799509,19009,0.000689657
3802672,19031,0.004600099
3802673,19031,0.007108851
3802674,19031,0.000465866
3802675,19031,0.011496601
3802676,19031,0.01096903
3802677,19031,0.000131548
3802683,19009,0.000148339
3802683,19041,0.00079351
3802684,19009,0.000532025
3802684,19041,1.84888E-06
3802685,19009,0.001168244
3802686,19009,0.001913967
3802687,19009,0.001984866
3805853,19031,1.39133E-05
3805854,19031,0.007375933
3805855,19031,0.004573368
3805858,19031,0.005966234
3805859,19031,0.003457611
3805859,19041,0.00075046
3805860,19041,4.94017E-10
3805861,19009,6.43626E-06
3805861,19041,0.005476376
3805862,19009,0.000970654
3805862,19041,0.004153224
3805863,19009,0.002491669
3805864,19009,0.002491669
3805865,19009,0.00214706
3805866,19009,0.000530566
3805866,19041,3.88829E-05
3805867,19009,0.001143056
3805867,19041,0.000690124
3805868,19009,0.000541985
3805868,19041,0.001776637
3805869,19009,0.000134453
3809033,19031,0.000361478
3809033,19041,0.000604536
3809035,19031,5.73378E-05
3809035,19041,0.000260634
3809036,19031,0.000394038
3809036,19041,0.004043471
3809037,19031,7.76487E-05
3809037,19041,0.004838912
3809038,19041,0.002558658
3809039,19041,0.005301304
3809040,19009,1.56112E-05
3809040,19041,0.00688788
3809041,19009,0.000245424
3809041,19041,0.00624859
3809042,19009,0.00063446
3809042,19041,0.005006803
3809043,19009,0.000183813
3809043,19041,0.00369099
3809044,19009,0.000363781
3809044,19041,0.004798895
3809045,19009,9.45055E-05
3809045,19041,0.004315127
3809046,19009,3.45163E-05
3809046,19041,0.00573309
3809047,19009,0.000303492
3809047,19041,0.005141897
3812201,19006,2.62742E-05
3812202,19006,0.012554337
3812203,19006,0.005936959
3812203,19041,0.000455224
3812204,19006,0.000737646
3812204,19041,0.00091161
3812208,19041,0.00187661
3812209,19031,0.000142519
3812209,19041,0.004041937
3812210,19031,0.000248242
3812210,19041,0.005553517
3812211,19031,3.07159E-05
3812211,19041,0.005530109
3812212,19041,0.002242229
3812215,19041,0.001138721
3812216,19041,0.002056485
3812217,19041,0.005873221
3812218,19041,0.00667942
3812219,19041,0.00586971
3812220,19041,0.006828974
3812221,19041,0.002684551
3812222,19041,0.000464059
3812223,19041,0.002956542
3812224,19041,0.00625194
3812225,19041,0.003711485
3815379,19006,0.00633691
3815380,19006,0.013844535
3815380,19041,0.00133688
3815381,19006,0.004465059
3815381,19041,0.005156556
3815382,19041,0.004131363
3815383,19041,0.002502511
3815384,19041,0.002221934
3815385,19041,0.003987476
3815386,19041,0.006931293
3815387,19041,0.005875081
3815388,19041,0.003136755
3815389,19041,0.006503221
3815390,19041,0.00611664
3815391,19041,0.003339467
3815392,19041,6.66897E-06
3815393,19041,0.004767229
3815394,19041,0.006931307
3815395,19041,0.006931307
3815396,19041,0.00633339
3815397,19041,0.000507245
3815398,19041,0.002330585
3815399,19041,0.001851454
3815400,19041,0.001517439
3815401,19041,0.0056126
3815402,19041,0.00587907
3815403,19041,0.002707709
3818555,19006,0.00204096
3818556,19006,0.002498326
3818557,19006,0.017099493
3818558,19006,0.009516788
3818558,19041,0.003348064
3818559,19041,0.005993334
3818560,19041,0.002090248
3818561,19041,0.004971956
3818562,19041,0.005294129
3818563,19041,0.006931307
3818564,19041,0.006931307
3818565,19041,0.006931307
3818566,19041,0.006931307
3818567,19041,0.006931307
3818568,19041,0.006931307
3818569,19041,0.006236731
3818570,19041,0.003062693
3818571,19041,0.006569398
3818572,19041,0.006931307
3818573,19041,0.006916025
3818574,19041,0.006196968
3818575,19041,0.004511732
3818576,19041,0.004862715
3818577,19041,0.006931307
3818578,19041,0.006931307
3818579,19041,0.006931307
3818580,19041,0.005717723
3818581,19041,0.005521586
3821733,19006,0.00549947
3821734,19006,0.011317117
3821734,19041,0.001332053
3821735,19006,0.006626812
3821735,19041,0.002541653
3821736,19006,0.005411006
3821736,19041,0.004893966
3821737,19041,0.006931307
3821738,19041,0.006931307
3821739,19041,0.006118269
3821740,19041,0.002317186
3821741,19041,0.006855098
3821742,19041,0.006931307
3821743,19041,0.006931307
3821744,19041,0.00687127
3821745,19041,0.006931307
3821746,19041,0.003501797
3821747,19041,0.000279329
3821748,19041,0.000830704
3821749,19041,0.004803669
3821750,19041,0.006931307
3821751,19041,0.004310899
3821752,19041,0.003742345
3821753,19041,0.005595655
3821754,19041,0.006931307
3821755,19041,0.006931307
3821756,19041,0.006931307
3821757,19041,0.006931307
3821758,19041,0.006931307
3821759,19041,0.006931307
3824912,19006,0.001018075
3824912,19041,1.35049E-06
3824913,19006,2.01886E-05
3824913,19041,0.001223558
3824914,19041,0.006390509
3824915,19041,0.006716006
3824916,19041,0.006931307
3824917,19041,0.006931307
3824918,19041,0.002209722
3824919,19041,0.001210665
3824920,19041,0.006931307
3824921,19041,0.006931307
3824922,19041,0.002299144
3824923,19041,0.000976009
3824924,19041,0.000754541
3824925,19041,0.0003104
3824926,19041,0.004108683
3824927,19041,0.005460392
3824928,19041,0.006417328
3824929,19041,6.60488E-05
3824930,19041,0.002159487
3824931,19041,0.005462789
3824932,19041,0.006931307
3824933,19041,0.005110814
3824934,19041,0.006056885
3824935,19041,0.006931307
3824936,19041,0.006931307
3824937,19041,0.006931307
3828081,19006,0.001298013
3828082,19006,0.00497937
3828083,19006,0.001583986
3828092,19006,0.000117841
3828092,19041,0.000637551
3828093,19041,0.000848292
3828094,19041,0.004529684
3828095,19041,0.003759613
3828096,19041,0.000397917
3828097,19041,0.001802836
3828098,19041,0.00692865
3828099,19041,0.006931307
3828100,19041,0.002216838
3828103,19041,0.000424073
3828104,19041,0.002735574
3828105,19041,0.006907264
3828106,19041,0.00457933
3828107,19041,0.000357739
3828108,19041,0.004029827
3828109,19041,0.006931307
3828110,19041,0.006631143
3828111,19034,0.000138591
3828111,19041,0.003434537
3828112,19034,1.75195E-05
3828112,19041,0.005782167
3828113,19041,0.006931307
3828114,19034,0.000129334
3828114,19041,0.006853673
3828115,19034,0.002590916
3828115,19041,0.005376079
3831259,19006,0.001466997
3831260,19006,0.015959701
3831261,19006,0.002649303
3831274,19041,0.00217505
3831275,19041,0.006383442
3831276,19041,0.005987242
3831277,19041,0.006931307
3831278,19041,0.002333701
3831281,19041,0.004748523
3831282,19041,0.006931307
3831283,19041,0.006931307
3831284,19041,0.006451486
3831285,19041,0.006447591
3831286,19034,1.12948E-05
3831286,19041,0.006337253
3831287,19034,0.002639548
3831287,19041,0.003749165
3831288,19034,0.001339285
3831288,19041,0.000986661
3831289,19034,0.004533349
3831290,19034,0.007700715
3831290,19041,0.000709984
3831291,19034,0.009340779
3831291,19041,0.001030643
3831292,19034,0.011234561
3831292,19041,0.000187628
3831293,19016,0.011040867
3831293,19034,0.007207038
3834437,19006,0.00317878
3834438,19006,0.010013097
3834439,19006,0.011679689
3834440,19006,0.007823172
3834441,19006,0.000135398
3834451,19041,0.000931623
3834452,19041,0.006782129
3834453,19041,0.004046461
3834454,19041,0.002090258
3834455,19041,0.006931307
3834456,19041,0.005022415
3834457,19041,0.00359276
3834458,19041,0.00232139
3834459,19041,0.006331124
3834460,19041,0.006931307
3834461,19041,0.006931307
3834462,19034,0.005118763
3834462,19041,0.003858709
3834463,19034,0.00928826
3834463,19041,0.001355919
3834464,19034,0.009347199
3834464,19041,0.00132054
3834465,19034,0.009561255
3834466,19034,0.010740023
3834467,19034,0.00422184
3834469,19034,0.003718078
3834470,19016,0.003192583
3834470,19034,0.010292153
3834471,19016,0.029328554
3834471,19034,1.82561E-05
3837615,19006,0.004811969
3837616,19006,0.016236743
3837617,19006,0.015357642
3837618,19006,0.009068875
3837619,19006,1.91587E-05
3837621,19006,0.002897149
3837622,19006,7.56188E-05
3837629,19041,3.38582E-06
3837630,19041,0.003490697
3837631,19041,0.006278075
3837632,19041,0.006774829
3837633,19041,0.006518013
3837634,19041,0.006597879
3837635,19041,0.006520599
3837636,19041,0.005640603
3837637,19041,0.006931307
3837638,19041,0.006931307
3837639,19034,0.00092679
3837639,19041,0.00637499
3837640,19034,0.011441271
3837640,19041,6.35485E-05
3837641,19034,0.011547138
3837642,19034,0.005870678
3837643,19034,0.007288983
3837644,19034,0.004710338
3837645,19034,0.000597017
3837647,19034,2.58276E-05
3837648,19016,0.00778248
3837648,19034,0.00555919
3837649,19016,0.026042433
3837649,19034,0.001310011
3840793,19006,0.00388683
3840794,19006,0.016885557
3840795,19006,0.017471947
3840796,19006,0.009210556
3840797,19006,0.004311458
3840798,19006,0.00121778
3840799,19006,0.014316706
3840800,19006,0.004910149
3840808,19041,5.2344E-05
3840809,19041,0.003289134
3840810,19041,0.002311149
3840811,19041,0.001631541
3840812,19041,0.004123421
3840813,19041,0.001147137
3840814,19041,0.002192465
3840815,19041,0.006931307
3840816,19041,0.006931307
3840817,19034,0.001972755
3840817,19041,0.005747138
3840818,19034,0.011547138
3840819,19034,0.011547138
3840820,19034,0.007516149
3840826,19034,0.003493619
3840827,19016,0.011852114
3840827,19034,0.005046127
3843936,19018,0.02092596
3843937,19018,0.015589194
3843970,19006,0.001992663
3843971,19006,0.006907764
3843972,19006,0.004983187
3843973,19006,0.000632987
3843975,19006,0.004901357
3843976,19006,0.014264674
3843977,19006,0.006123232
3843978,19006,0.010075475
3843979,19006,0.00205952
3843980,19006,0.00013053
3843982,19006,0.002036892
3843983,19006,0.013044467
3843984,19006,0.003664397
3843984,19041,1.79803E-11
3843989,19041,0.001836622
3843990,19041,0.003673779
3843991,19041,0.005982909
3843992,19041,0.006897288
3843993,19041,0.006929632
3843994,19034,0.000202485
3843994,19041,0.00658123
3843995,19034,0.004991805
3843995,19041,0.003934917
3843996,19034,0.011547138
3843997,19034,0.011547138
3843998,19034,0.011547054
3843999,19034,0.002203565
3844004,19034,1.34357E-05
3844005,19016,0.007737965
3847109,19018,0.025515422
3847110,19018,0.011561252
3847111,19018,0.031654399
3847112,19018,0.001330236
3847114,19018,0.069711857
3847115,19018,0.101600038
3847116,19018,0.049738053
3847144,19021,0.003015894
3847145,19021,0.000870114
3847148,19006,0.009693396
3847149,19006,0.009689042
3847150,19006,0.000565933
3847151,19006,0.000254475
3847152,19006,0.002497837
3847153,19006,0.003283704
3847154,19006,0.009547771
3847155,19006,0.011219134
3847156,19006,0.005350926
3847157,19006,0.012287813
3847158,19006,0.015095202
3847159,19006,0.007145796
3847160,19006,0.010009789
3847161,19006,0.012765284
3847161,19041,0.000111654
3847162,19006,0.001394249
3847162,19041,8.72861E-05
3847168,19041,0.003530586
3847169,19041,0.006905519
3847170,19034,0.001133166
3847170,19041,0.004799689
3847171,19034,0.001692094
3847171,19041,0.000514996
3847172,19034,0.009798386
3847172,19041,0.000104927
3847173,19034,0.011196399
3847173,19041,0.000210536
3847174,19034,0.011435157
3847175,19034,0.011547138
3847176,19034,0.011547138
3847177,19034,0.001995796
3847181,19016,0.000283359
3847182,19016,0.006786533
3847182,19034,0.000397564
3847183,19016,0.006321191
3850287,19018,0.05165785
3850288,19018,0.055501122
3850289,19018,0.037898239
3850290,19018,0.081309963
3850291,19018,0.091903727
3850292,19018,0.082322906
3850293,19018,0.064641911
3850294,19018,0.067288509
3850295,19018,0.023283964
3850322,19021,0.167045477
3850323,19021,0.046694578
3850327,19006,0.002703395
3850328,19006,0.010351277
3850329,19006,0.008333965
3850330,19006,0.017645812
3850331,19006,0.017041365
3850332,19006,0.015220796
3850333,19006,0.015839157
3850334,19006,0.016533065
3850335,19006,0.015228739
3850336,19006,0.006274487
3850337,19006,0.007301989
3850338,19006,0.006311507
3850338,19041,0.000168852
3850339,19006,5.09604E-05
3850339,19041,2.61148E-05
3850346,19041,0.001868075
3850347,19034,0.00158582
3850347,19041,0.004493285
3850348,19034,0.010358985
3850348,19041,0.000703795
3850349,19034,0.011220173
3850350,19034,0.010500872
3850351,19034,0.011547138
3850352,19034,0.005412268
3850353,19034,0.011547138
3850354,19034,0.008455647
3850355,19034,0.000184311
3850359,19016,0.016002268
3850360,19016,0.024151756
3850361,19016,0.008625894
3853465,19018,0.03557625
3853466,19018,0.013204757
3853468,19018,0.000948741
3853469,19018,0.001294614
3853472,19018,0.007497203
3853473,19018,0.013479095
3853492,19021,0.001644984
3853493,19021,0.064490101
3853500,19021,0.11475979
3853501,19021,0.006338113
3853506,19006,0.001499441
3853507,19006,0.011814019
3853508,19006,0.018111952
3853509,19006,0.018408961
3853510,19006,0.018408961
3853511,19006,0.009735626
3853512,19006,0.001020086
3853513,19006,0.002241909
3853516,19041,0.000516853
3853517,19041,0.000104745
3853525,19034,0.000406356
3853525,19041,3.2561E-06
3853526,19034,0.006735391
3853527,19034,0.001944386
3853528,19034,0.006808067
3853529,19034,0.011547138
3853530,19034,0.0114133
3853531,19034,0.009067407
3853532,19034,0.00327146
3853535,19016,0.003400335
3853536,19016,0.019815813
3853537,19016,0.018603806
3853538,19016,0.029374997
3853539,19016,0.024475659
3856640,19018,0.001526806
3856670,19021,0.002586621
3856671,19021,0.02899205
3856678,19021,0.191086658
3856679,19006,0.000391609
3856679,19021,0.057282867
3856680,19006,0.006082791
3856681,19006,0.002432422
3856683,19006,0.003444013
3856684,19006,0.014831505
3856685,19006,0.013992444
3856686,19006,0.014731683
3856687,19006,0.018408961
3856688,19006,0.018408961
3856689,19006,0.018408961
3856690,19006,0.014696646
3856694,19006,0.003148717
3856694,19041,0.001779241
3856695,19006,0.001290889
3856695,19025,0.006725214
3856695,19041,0.00092825
3856696,19025,0.01031813
3856696,19034,0.000114804
3856696,19041,1.34063E-05
3856697,19034,0.00502291
3856698,19034,9.28531E-06
3856699,19034,0.001964919
3856700,19034,0.003290564
3856701,19034,0.003942413
3856702,19034,0.002259712
3856704,19034,0.00099912
3856705,19034,0.008727331
3856706,19034,0.010908425
3856707,19034,0.011547138
3856708,19034,0.011547138
3856709,19034,0.006556369
3856712,19016,0.004575769
3856713,19016,0.016620376
3856714,19016,0.018718499
3856715,19016,0.022149024
3856716,19016,0.028522044
3856717,19016,0.029374997
3859818,19018,0.022039002
3859855,19021,0.002946015
3859856,19021,0.159052599
3859857,19006,0.002372732
3859857,19021,0.123883288
3859858,19006,0.017387998
3859859,19006,0.015430973
3859861,19006,0.000138254
3859862,19006,0.001135995
3859864,19006,0.001160023
3859865,19006,0.017806119
3859866,19006,0.018299811
3859867,19006,0.009536699
3859868,19006,0.013230254
3859872,19006,0.000700255
3859873,19006,0.002114189
3859873,19025,0.019903949
3859874,19025,0.023367631
3859874,19034,8.47925E-05
3859875,19034,0.00061435
3859876,19034,0.000349648
3859877,19034,0.009348664
3859878,19034,0.011547138
3859879,19034,0.008340482
3859880,19034,0.000624284
3859882,19034,0.004307651
3859883,19034,0.011547138
3859884,19034,0.011547138
3859885,19034,0.008129864
3859886,19034,0.011529352
3859887,19016,0.005458574
3859887,19034,0.007967853
3859888,19016,0.000986738
3859890,19016,0.015519938
3859891,19016,0.029374932
3859892,19016,0.010330697
3859894,19016,0.01101229
3859895,19016,0.028463629
3862996,19018,0.016342074
3863026,19010,0.002368601
3863027,19010,0.044568042
3863028,19010,0.013146277
3863033,19021,0.005153462
3863033,19045,0.001774131
3863034,19021,0.024157389
3863034,19045,0.010589649
3863035,19045,3.4286E-06
3863036,19006,0.000820978
3863037,19006,0.008058702
3863038,19006,0.000589658
3863043,19006,0.013148715
3863044,19006,0.017680019
3863045,19006,0.004960082
3863046,19006,0.012172215
3863051,19025,0.002140457
3863052,19025,0.003139453
3863053,19025,0.00384107
3863053,19034,0.002914045
3863054,19034,0.005974865
3863055,19034,0.011504888
3863056,19034,0.011547138
3863057,19034,0.00292757
3863060,19034,0.005149751
3863061,19034,0.011547138
3863062,19034,0.01145805
3863063,19034,0.006162146
3863064,19034,0.011547138
3863065,19016,0.014706674
3863065,19034,0.005759065
3863066,19016,0.003941942
3863067,19016,0.008579621
3863068,19016,0.025602725
3863069,19016,0.019679294
3863073,19016,0.010238867
3866174,19018,0.004656856
3866205,19010,0.066785353
3866206,19010,0.091265356
3866207,19010,0.011226848
3866211,19045,0.000162493
3866212,19045,0.011428243
3866213,19006,0.000227449
3866213,19045,0.003336788
3866220,19006,1.57257E-05
3866221,19006,0.009616863
3866222,19006,0.012423969
3866222,19025,0.000810479
3866223,19006,0.001644007
3866223,19025,6.03603E-05
3866224,19006,0.000599015
3866229,19025,0.003656425
3866230,19025,0.022450032
3866231,19025,0.018340843
3866231,19034,0.004870121
3866232,19034,0.011547138
3866233,19034,0.011547138
3866234,19034,0.01144216
3866235,19034,0.000115933
3866238,19034,0.001813226
3866239,19034,0.011547138
3866240,19034,0.011547138
3866241,19034,0.004755552
3866242,19034,0.01065672
3866243,19016,0.019597805
3866243,19034,0.003072803
3866244,19016,0.008688784
3866245,19016,0.006758611
3866246,19016,0.014947899
3866247,19016,0.022555054
3866248,19016,0.004294388
3866251,19016,0.004680574
3869383,19010,0.014832108
3869384,19010,0.068579153
3869385,19010,0.008014014
3869389,19045,0.005451648
3869390,19045,0.01405775
3869391,19006,0.000251289
3869391,19045,0.008481343
3869406,19025,0.002136133
3869407,19025,0.000103433
3869408,19025,0.005452195
3869409,19025,0.027399275
3869409,19034,0.000270304
3869410,19025,0.012158503
3869410,19034,0.007593799
3869411,19034,0.011547138
3869412,19034,0.011547138
3869413,19034,0.004652806
3869414,19034,0.000115455
3869416,19034,0.007672591
3869417,19034,0.011547138
3869418,19034,0.011547138
3869419,19034,0.002320953
3869420,19034,0.002464881
3869421,19016,0.01099354
3869421,19034,1.36272E-05
3869422,19016,0.017805967
3869423,19016,0.028180543
3869424,19016,0.021125801
3869425,19016,0.007271046
3869426,19016,0.001340531
3872561,19010,0.024658926
3872562,19010,0.058773609
3872563,19010,0.014172607
3872567,19045,0.008145691
3872568,19045,0.01405775
3872569,19045,0.008199926
3872583,19025,0.002009962
3872584,19025,0.017535276
3872585,19025,0.021354841
3872586,19025,0.035265937
3872587,19025,0.035513242
3872588,19025,0.034227214
3872588,19034,0.000418152
3872589,19025,0.007107221
3872589,19034,0.002793761
3872590,19034,0.004444016
3872591,19034,0.007934107
3872592,19034,0.000917971
3872594,19034,0.004738074
3872595,19034,0.011547138
3872596,19034,0.011547138
3872597,19034,0.006737081
3872598,19034,0.000307293
3872599,19016,0.025085666
3872600,19016,0.028614015
3872601,19016,0.010922303
3872602,19016,0.012297374
3872603,19016,0.002378322
3872604,19016,0.010943691
3872605,19016,0.000931626
3875745,19045,0.000164719
3875746,19045,0.012223103
3875747,19045,0.007973288
3875761,19025,0.012570887
3875762,19025,0.010579656
3875763,19025,0.018231009
3875764,19025,0.029695345
3875765,19025,0.035513242
3875766,19025,0.021461601
3875767,19025,0.000327338
3875768,19034,1.1238E-06
3875769,19034,0.006102573
3875770,19034,0.001504216
3875772,19034,0.002783572
3875773,19034,0.011167333
3875774,19034,0.011547138
3875775,19034,0.00931441
3875776,19016,0.003356034
3875776,19034,0.000128535
3875777,19016,0.025285044
3875777,19034,0.000426919
3875778,19016,0.009253295
3875778,19034,0.001027758
3875779,19016,0.004012732
3875779,19034,0.000126582
3875780,19016,0.023231122
3875781,19016,0.003235936
3875782,19016,0.028277414
3875783,19016,0.013574442
3875785,19016,0.001025727
3878922,19045,0.001223106
3878923,19045,0.002952608
3878924,19045,0.003221175
3878925,19045,0.012614987
3878926,19045,0.007741212
3878927,19045,0.001172021
3878928,19025,1.95214E-05
3878928,19045,0.000155632
3878939,19025,0.014801823
3878940,19025,0.028955415
3878941,19025,0.013030229
3878942,19025,0.002995621
3878943,19025,0.005673594
3878944,19025,0.001653571
3878947,19034,0.000752889
3878948,19034,0.003966181
3878951,19034,0.002505721
3878952,19034,0.010157677
3878953,19034,0.009957189
3878954,19016,0.009646924
3878954,19034,0.004185511
3878955,19016,0.0039541
3878955,19034,0.00626261
3878956,19034,0.003173684
3878957,19016,0.006935175
3878957,19034,0.004942719
3878958,19016,0.012123189
3878958,19034,0.004266849
3878959,19016,0.000513217
3878960,19016,0.003972712
3878961,19016,0.007835105
3878962,19016,0.000224439
3878963,19016,0.011301882
3882097,19010,0.000425618
3882098,19010,0.011993939
3882098,19045,0.00254015
3882099,19045,0.00010578
3882100,19045,0.000221941
3882101,19045,0.009948935
3882103,19045,0.003559598
3882104,19045,0.012652233
3882105,19045,0.013766032
3882106,19025,0.000321814
3882106,19045,0.006398798
3882116,19025,0.016137395
3882117,19025,0.030046705
3882118,19025,0.034635699
3882119,19025,0.022513995
3882120,19025,0.001939082
3882130,19034,0.004777632
3882131,19034,0.002596428
3882132,19016,0.001168092
3882132,19034,0.009341185
3882133,19034,0.00572669
3882134,19028,0.002371896
3882134,19034,0.002858816
3882135,19028,0.006644513
3882135,19034,0.002338164
3882136,19034,0.001189176
3882139,19016,7.44706E-05
3882141,19016,0.012910175
3885271,19010,5.85746E-05
3885272,19010,0.03216199
3885273,19010,0.002802841
3885275,19010,0.008722739
3885275,19045,3.20552E-05
3885276,19010,0.005869557
3885276,19045,0.010137664
3885277,19045,0.006612715
3885278,19045,0.008283696
3885279,19045,0.013688404
3885280,19045,0.000488067
3885282,19045,0.007549268
3885283,19045,0.013403461
3885284,19045,4.33077E-06
3885291,19012,0.002226204
3885292,19012,0.002154185
3885292,19025,1.5846E-05
3885293,19025,0.000870282
3885294,19025,0.03121644
3885295,19025,0.029834362
3885296,19025,0.023776628
3885297,19025,0.000136838
3885308,19034,0.000389636
3885309,19028,0.002033154
3885309,19034,0.001596617
3885310,19028,0.022897337
3885310,19034,0.002463761
3885311,19028,0.021093243
3885311,19034,0.002301585
3885312,19028,0.030758431
3885312,19034,0.000624797
3885313,19028,0.061619898
3885313,19034,8.68901E-05
3888447,19001,0.015848937
3888448,19001,0.060865407
3888448,19010,0.009036961
3888449,19010,0.047547473
3888450,19010,0.063960021
3888451,19010,0.064480674
3888452,19010,0.036649951
3888453,19010,0.000836987
3888453,19045,0.002676601
3888454,19045,0.000515463
3888455,19045,0.000314469
3888456,19045,0.005899615
3888457,19045,0.008434345
3888458,19045,0.008611825
3888459,19045,0.002057174
3888460,19045,0.003108589
3888461,19045,0.008158275
3888462,19012,0.008445692
3888462,19045,0.003539249
3888463,19012,0.01827928
3888464,19012,0.000256917
3888465,19012,2.9307E-06
3888466,19012,0.00080448
3888467,19012,0.003247535
3888469,19012,0.015887749
3888470,19012,0.014954369
3888470,19025,0.003292331
3888471,19025,0.029863302
3888472,19025,0.032784252
3888473,19025,0.001901343
3888486,19028,0.014881178
3888487,19028,0.079518108
3888487,19034,0.000104132
3888488,19028,0.048981462
3888489,19028,0.011275507
3888490,19028,0.012122649
3888491,19028,0.062314102
3891624,19001,0.029190848
3891625,19001,0.189203552
3891626,19001,0.162773071
3891626,19010,0.016242113
3891627,19010,0.046786168
3891628,19010,0.000754739
3891629,19010,0.055002958
3891630,19010,0.083668697
3891631,19010,0.022505695
3891631,19045,0.000395507
3891632,19010,0.016367921
3891632,19045,0.003749265
3891633,19045,1.14475E-05
3891634,19045,1.49651E-05
3891635,19045,0.005243047
3891636,19045,0.005022704
3891638,19045,0.001183548
3891639,19045,0.010308775
3891640,19012,0.017721463
3891640,19045,0.004306676
3891641,19012,0.023600901
3891642,19012,0.00573716
3891643,19012,0.013848406
3891644,19012,0.023524654
3891645,19012,0.009215409
3891647,19012,0.017738759
3891647,19025,0.000459694
3891648,19012,0.003235291
3891648,19025,0.001916976
3891649,19025,0.00846778
3891650,19025,0.012954513
3891651,19025,0.00578983
3891664,19028,0.027654311
3891665,19028,0.06850751
3891666,19028,0.036061121
3891667,19028,0.019538974
3891668,19028,0.01111084
3891669,19028,0.014012158
3894801,19001,0.086531181
3894802,19001,0.145107013
3894803,19001,0.045983973
3894804,19001,0.00217495
3894808,19010,0.008566464
3894809,19010,0.025298453
3894810,19010,0.016732892
3894810,19045,0.001217859
3894811,19010,0.005135681
3894811,19045,0.009356696
3894812,19045,0.007932225
3894813,19045,0.000207004
3894814,19045,0.000762769
3894815,19045,0.004739938
3894816,19045,0.006681671
3894817,19045,0.006509235
3894818,19012,0.002124424
3894818,19045,0.004532652
3894819,19012,0.000205863
3894821,19012,0.001366343
3894822,19012,0.006431297
3894823,19012,0.002158689
3894825,19012,0.009867354
3894826,19012,0.016995002
3894826,19025,0.000614399
3894827,19012,0.006644288
3894827,19025,0.001752555
3894828,19025,0.001870709
3894829,19025,0.001714717
3894842,19028,0.012201118
3894843,19028,0.010635911
3894844,19028,0.035924495
3894845,19028,0.060726229
3894846,19028,0.040054904
3894847,19028,0.014766422
3897978,19001,0.073028399
3897978,19047,0.163512637
3897979,19001,0.158109006
3897980,19001,0.007515531
3897989,19045,0.008609894
3897990,19045,0.012144636
3897991,19045,0.010890707
3897992,19045,0.002092505
3897993,19045,0.004495551
3897994,19045,0.004485951
3897995,19045,0.012665455
3897996,19045,0.007990008
3897997,19012,0.000977065
3897997,19045,0.000998832
3897999,19012,0.014752337
3898000,19012,0.002696423
3898001,19012,0.002946566
3898002,19012,0.014988081
3898003,19012,0.007931791
3898004,19012,0.002066814
3898005,19012,0.00613403
3898005,19025,0.000642402
3898006,19025,5.94545E-05
3898012,19025,0.003234004
3898012,19028,0.002450866
3898013,19025,0.010677126
3898013,19028,0.004813691
3898021,19028,3.17592E-05
3898022,19028,0.036791426
3898023,19028,0.006258409
3898024,19028,0.005613504
3901134,19037,0.026249376
3901135,19037,0.315715241
3901136,19037,0.10271518
3901137,19037,0.000758206
3901155,19047,0.145898634
3901156,19001,0.021262199
3901156,19047,0.69058873
3901157,19001,0.002405934
3901167,19045,0.001999166
3901168,19045,0.001439975
3901169,19045,0.000705929
3901170,19045,0.010934031
3901171,19045,0.005556611
3901172,19045,0.006168885
3901173,19045,0.011874068
3901174,19012,4.56086E-05
3901174,19045,0.012625648
3901175,19012,0.007845508
3901175,19045,0.001597787
3901176,19012,0.015152544
3901177,19012,0.00144402
3901179,19012,0.003726408
3901180,19012,0.010502194
3901181,19012,0.003157532
3901182,19012,0.00247632
3901183,19012,0.000311005
3901187,19025,0.002354974
3901188,19025,0.021097135
3901189,19025,0.003206518
3901190,19025,0.025212398
3901190,19028,0.000537734
3901191,19025,0.034533296
3901191,19028,0.000271674
3901192,19025,0.005947936
3901192,19028,0.000347633
3904312,19037,0.000120154
3904313,19037,0.174490585
3904314,19037,0.254586026
3904315,19037,0.125365233
3904348,19045,7.90545E-05
3904349,19045,0.006313505
3904350,19045,0.01018386
3904351,19045,0.013452645
3904352,19012,3.05194E-08
3904352,19045,0.008256172
3904353,19012,0.000721766
3904354,19012,0.01901505
3904355,19012,0.000913508
3904360,19012,0.012108553
3904361,19012,0.015800626
3904365,19025,0.00161399
3904366,19025,0.020173051
3904367,19025,0.034581824
3904368,19025,0.008559903
3904369,19025,0.015524813
3907522,19045,0.001704958
3907523,19045,0.007608173
3907524,19045,0.003991924
3907527,19045,0.006967321
3907528,19045,0.003506006
3907529,19045,0.012170862
3907530,19045,0.006424257
3907531,19012,0.00159155
3907532,19012,0.000857572
3907537,19012,0.001068687
3907538,19012,0.001553222
3907539,19012,0.006962587
3907545,19025,0.006293172
3907546,19025,0.000709945
3910700,19045,0.00532443
3910701,19045,0.012717077
3910702,19045,0.012686029
3910703,19045,0.00043372
3910704,19045,3.89566E-05
3910705,19045,0.010358428
3910706,19045,0.003941912
3910707,19045,0.010943721
3910708,19012,0.011529126
3910708,19045,0.000693351
3910709,19012,0.016322907
3910710,19012,0.000651943
3910713,19012,0.002123086
3910714,19012,0.006654632
3910715,19012,0.017343782
3910716,19012,0.018634623
3910717,19012,0.010902349
3910718,19012,0.003555644
3910719,19012,0.000172317
3910720,19012,0.002531181
3910721,19012,0.00174594
3910721,19025,0.000224446
3913879,19045,0.002300322
3913880,19045,0.010223982
3913881,19045,0.001060083
3913883,19045,0.000488788
3913884,19045,0.00773679
3913885,19045,0.005988714
3913886,19012,0.001153992
3913887,19012,0.013072574
3913887,19045,1.0144E-06
3913888,19012,0.017206274
3913889,19012,0.007185318
3913890,19012,0.013117945
3913891,19012,0.02516626
3913892,19012,0.012859699
3913893,19012,0.024426802
3913894,19012,0.025548356
3913895,19012,0.025547588
3913896,19012,0.0222199
3913897,19012,0.012052347
3913898,19012,0.016011624
3913899,19012,0.007545081
3913910,19028,3.43365E-06
3913911,19028,0.046010256
3917057,19045,0.000797202
3917058,19045,0.009415115
3917059,19045,1.82997E-06
3917062,19012,0.000845886
3917062,19045,0.000760392
3917063,19012,0.000198326
3917063,19045,0.000105942
3917065,19012,0.007791883
3917065,19045,0.000801278
3917066,19012,0.018201952
3917067,19012,0.001173714
3917068,19012,0.000491781
3917069,19012,0.001823284
3917070,19012,0.003494259
3917071,19012,0.016025888
3917072,19012,0.023551535
3917073,19012,0.025548356
3917074,19012,0.024733599
3917075,19012,0.02500507
3917076,19012,0.012787269
3917077,19012,0.009016655
3917089,19028,0.004071759
3920232,19045,0.005524243
3920233,19045,0.0004264
3920234,19045,0.002898133
3920235,19045,0.01009961
3920236,19045,0.013023056
3920237,19045,0.009048389
3920238,19012,4.36367E-06
3920238,19045,0.011218689
3920239,19012,0.002271403
3920239,19045,0.002586187
3920240,19012,0.00024043
3920240,19045,0.004141291
3920241,19045,0.005066891
3920242,19045,0.003586393
3920243,19045,0.000165343
3920250,19012,0.000322431
3920251,19012,0.006162179
3920252,19012,0.004545179
3920253,19012,0.024452958
3920254,19012,0.025548356
3920255,19012,0.006117
3920255,19028,0.051612662
3920256,19028,0.007720241
3923410,19045,0.005171292
3923411,19045,0.000317546
3923413,19045,0.004502714
3923414,19045,0.01405775
3923415,19045,0.01405775
3923416,19045,0.01405775
3923417,19012,0.000428958
3923417,19045,0.01382172
3923418,19045,0.01405775
3923419,19045,0.01405775
3923420,19045,0.01405775
3923421,19012,0.000749829
3923421,19045,0.01158813
3923422,19012,0.001039432
3923422,19045,0.006127737
3923423,19012,0.000630144
3923423,19045,0.001073212
3923424,19012,2.85399E-05
3923424,19045,6.51562E-07
3923430,19012,0.001955901
3923431,19012,0.021274949
3923431,19045,3.757E-06
3923432,19012,0.025027258
3923432,19028,0.001760305
3923433,19012,0.002252268
3923433,19028,0.039970343
3923434,19028,0.003305683
3926587,19045,0.000181135
3926588,19045,0.000885352
3926591,19045,0.01087094
3926592,19045,0.01405775
3926593,19045,0.01405775
3926594,19045,0.01405775
3926595,19045,0.01405775
3926596,19045,0.01405775
3926597,19045,0.01405775
3926598,19045,0.01405775
3926599,19045,0.01405775
3926600,19045,0.01405775
3926601,19012,0.000635142
3926601,19045,0.011950748
3926602,19012,0.00025368
3926602,19045,1.49274E-05
3926609,19012,0.002051696
3926609,19045,7.03971E-05
3926610,19012,0.003615117
3926610,19028,0.006161504
3926611,19028,0.01683296
3926618,19028,0.037728689