GRIDCODE,CVENTMUN,Promedio de LONG_CARRETERA TOTAL x MUNICIPIO x NO. DE CARRILES (m),Suma de LONG_CARR_x_CELDA x CARRILES
3681909,19049,208043.8668,1880.699574
3681910,19004,80000.85424,5498.489255
3681910,19049,208043.8668,23.9620893
3681916,19004,80000.85424,516.2082289
3681917,19004,80000.85424,2399.813693
3681918,19004,80000.85424,2005.040896
3685028,05004,381838.4949,2050.860716
3685076,19049,208043.8668,797.0493615
3685077,19049,208043.8668,3284.266015
3685078,19049,208043.8668,2054.044007
3685086,19049,208043.8668,708.1092965
3685087,19049,208043.8668,4126.245426
3685094,19004,80000.85424,2168.372164
3685096,19004,80000.85424,2150.385526
3688206,05004,381838.4949,2502.227409
3688207,05004,381838.4949,646.6697744
3688236,19049,208043.8668,825.8517007
3688237,19049,208043.8668,1089.178684
3688238,19049,208043.8668,1076.630188
3688239,19049,208043.8668,1008.798951
3688240,19049,208043.8668,1113.888302
3688241,19049,208043.8668,2196.112485
3688242,19049,208043.8668,1430.353116
3688254,19049,208043.8668,3128.49313
3688256,19049,208043.8668,615.0714679
3688257,19049,208043.8668,1473.670595
3688264,19049,208043.8668,5028.215853
3688274,19004,80000.85424,2021.724638
3691385,05004,381838.4949,1921.021592
3691386,05004,381838.4949,1164.524279
3691402,05004,381838.4949,523.8391617
3691403,05004,381838.4949,1116.918814
3691404,05004,381838.4949,1050.536125
3691405,05004,381838.4949,57.74010782
3691405,19049,208043.8668,954.0567429
3691406,19049,208043.8668,1104.339749
3691407,19049,208043.8668,565.151137
3691408,19049,208043.8668,894.8197306
3691409,19049,208043.8668,1034.18506
3691410,19049,208043.8668,1118.950678
3691411,19049,208043.8668,1012.249793
3691412,19049,208043.8668,1014.363732
3691413,19049,208043.8668,1008.271035
3691414,19049,208043.8668,288.2803246
3691420,19049,208043.8668,2084.371077
3691431,19049,208043.8668,1132.0763
3691432,19049,208043.8668,1570.075588
3691435,19049,208043.8668,2193.97445
3691441,19049,208043.8668,5097.136922
3691442,19049,208043.8668,662.0042428
3691452,19004,80000.85424,356.6456593
3691452,19009,368849.6112,1668.791591
3694564,05004,381838.4949,1608.527185
3694565,05004,381838.4949,1745.950544
3694577,05004,381838.4949,267.7069333
3694578,05004,381838.4949,1037.340105
3694579,05004,381838.4949,1062.816948
3694580,05004,381838.4949,646.6842563
3694585,19049,208043.8668,537.3332033
3694586,19049,208043.8668,144.8896873
3694598,19049,208043.8668,2120.913253
3694606,19049,208043.8668,657.2651202
3694607,19049,208043.8668,2072.80712
3694608,19049,208043.8668,2231.599125
3694609,19049,208043.8668,1668.823494
3694613,19049,208043.8668,1975.371123
3694614,19049,208043.8668,796.0673838
3694618,19049,208043.8668,3190.610713
3694619,19049,208043.8668,1467.105086
3694630,19009,368849.6112,2004.635683
3697742,05004,381838.4949,2446.981818
3697743,05004,381838.4949,3773.588371
3697744,05004,381838.4949,167.1170449
3697752,05004,381838.4949,465.2042689
3697753,05004,381838.4949,1009.931682
3697754,05004,381838.4949,1100.794939
3697755,05004,381838.4949,817.3162317
3697776,19049,208043.8668,2669.885096
3697783,19049,208043.8668,2306.960067
3697784,19049,208043.8668,1541.06418
3697792,19049,208043.8668,2180.562446
3697796,19049,208043.8668,4627.136618
3697808,19009,368849.6112,2003.299439
3700922,05004,381838.4949,1884.979445
3700923,05004,381838.4949,2035.578497
3700924,05004,381838.4949,2017.933277
3700925,05004,381838.4949,2112.213254
3700926,05004,381838.4949,1605.365756
3700927,05004,381838.4949,717.7898541
3700928,05004,381838.4949,634.2466836
3700929,05004,381838.4949,1193.919139
3700930,05004,381838.4949,586.3567411
3700954,19049,208043.8668,456.1318789
3700955,19049,208043.8668,2121.354609
3700956,19049,208043.8668,28.50881745
3700957,19049,208043.8668,2056.183944
3700958,19049,208043.8668,2011.796392
3700959,19049,208043.8668,2079.435176
3700960,19049,208043.8668,2176.841621
3700961,19049,208043.8668,654.5868459
3700970,19049,208043.8668,1540.024605
3700971,19049,208043.8668,1080.714719
3700973,19049,208043.8668,4780.519121
3700974,19049,208043.8668,94.30237707
3700986,19009,368849.6112,2001.644915
3704105,05004,381838.4949,409.8993866
3704106,05004,381838.4949,521.5527786
3704133,19049,208043.8668,886.358571
3704134,19049,208043.8668,1998.259921
3704149,19049,208043.8668,1401.743376
3704150,19049,208043.8668,5430.897139
3704151,19049,208043.8668,2008.774914
3704164,19009,368849.6112,2005.968356
3704172,19038,268632.0068,197.719051
3704173,19038,268632.0068,2628.883098
3707327,19049,208043.8668,3763.715846
3707328,19049,208043.8668,885.0548227
3707342,19009,368849.6112,2016.334421
3707349,19038,268632.0068,746.8030123
3707350,19038,268632.0068,2400.897157
3710504,19049,208043.8668,302.5628477
3710505,19049,208043.8668,4336.567121
3710520,19009,368849.6112,2025.643352
3710526,19009,368849.6112,549.5039959
3710526,19038,268632.0068,578.3239726
3710527,19038,268632.0068,1879.320935
3713682,19049,208043.8668,5486.663655
3713683,19049,208043.8668,780.0714746
3713684,19049,208043.8668,1470.473643
3713698,19009,368849.6112,2030.37826
3713704,19009,368849.6112,2056.589008
3716859,19049,208043.8668,166.6423334
3716860,19049,208043.8668,3956.815659
3716861,19049,208043.8668,2330.300573
3716862,19049,208043.8668,916.1535943
3716863,19049,208043.8668,2530.693609
3716864,19049,208043.8668,1203.011495
3716876,19009,368849.6112,2035.029827
3716882,19009,368849.6112,2006.522308
3720037,19049,208043.8668,4838.17975
3720038,19049,208043.8668,1764.308418
3720039,19049,208043.8668,898.8792532
3720042,19049,208043.8668,2315.715074
3720043,19049,208043.8668,1590.592765
3720053,19009,368849.6112,1430.851168
3720054,19009,368849.6112,621.3222888
3720060,19009,368849.6112,2062.892101
3723214,19049,208043.8668,3024.777804
3723215,19049,208043.8668,4230.03086
3723216,19049,208043.8668,2064.850636
3723221,19049,208043.8668,2290.592939
3723231,19009,368849.6112,2031.001289
3723238,19009,368849.6112,2007.189464
3726391,19049,208043.8668,303.8541451
3726392,19049,208043.8668,4355.425916
3726393,19049,208043.8668,656.8684004
3726399,19049,208043.8668,1211.413982
3726400,19049,208043.8668,1104.159644
3726409,19009,368849.6112,2023.703177
3726416,19009,368849.6112,2065.176381
3729569,19049,208043.8668,4397.456609
3729577,19049,208043.8668,3180.48054
3729578,19049,208043.8668,2173.270861
3729579,19049,208043.8668,1355.839386
3729587,19009,368849.6112,2270.614173
3729594,19009,368849.6112,2169.382694
3732747,19049,208043.8668,4335.478418
3732754,19049,208043.8668,2079.396246
3732755,19049,208043.8668,336.9756482
3732757,19009,368849.6112,541.2550868
3732757,19049,208043.8668,290.0119419
3732758,19009,368849.6112,2482.140353
3732765,19009,368849.6112,2027.2358
3732772,19009,368849.6112,2046.538503
3735924,19049,208043.8668,3674.711685
3735925,19049,208043.8668,925.365228
3735931,19009,368849.6112,1189.214557
3735932,19009,368849.6112,210.2340231
3735932,19049,208043.8668,1153.694658
3735936,19009,368849.6112,1406.507566
3735937,19009,368849.6112,1062.998843
3735943,19009,368849.6112,2029.782177
3735950,19009,368849.6112,3096.110405
3739102,19049,208043.8668,4420.212567
3739108,19009,368849.6112,806.3607415
3739109,19009,368849.6112,1871.561489
3739115,19009,368849.6112,1985.940428
3739116,19009,368849.6112,1246.875332
3739120,19009,368849.6112,1676.319579
3739121,19009,368849.6112,353.4332919
3739128,19009,368849.6112,2597.085398
3742279,19049,208043.8668,3576.399395
3742280,19049,208043.8668,792.0565658
3742285,19009,368849.6112,186.794646
3742286,19009,368849.6112,2766.511143
3742294,19009,368849.6112,958.9986497
3742295,19009,368849.6112,2257.621608
3742296,19009,368849.6112,1609.354209
3742298,19009,368849.6112,2029.57567
3742305,19009,368849.6112,1497.133699
3742306,19009,368849.6112,1913.645912
3745456,19039,212564.5489,525.9473162
3745457,19039,212564.5489,2511.902034
3745457,19049,208043.8668,1984.366374
3745464,19009,368849.6112,2304.645177
3745465,19009,368849.6112,326.3387914
3745474,19009,368849.6112,1302.14359
3745475,19009,368849.6112,1336.85165
3745476,19009,368849.6112,2029.575704
3745483,19009,368849.6112,2148.747421
3748633,19039,212564.5489,180.4134523
3748634,19039,212564.5489,5291.987407
3748643,19009,368849.6112,1159.955678
3748643,19031,121112.1144,1119.140339
3748653,19009,368849.6112,1392.078586
3748654,19009,368849.6112,2670.183214
3748660,19009,368849.6112,333.0596636
3748661,19009,368849.6112,2201.410646
3751811,19039,212564.5489,5131.063578
3751821,19031,121112.1144,2262.453392
3751832,19009,368849.6112,2011.952781
3751838,19009,368849.6112,2425.374564
3754988,19039,212564.5489,3175.145201
3754989,19039,212564.5489,1519.959892
3754999,19031,121112.1144,2128.323955
3755010,19009,368849.6112,2011.87138
3755014,19009,368849.6112,1263.319648
3755015,19009,368849.6112,1721.139225
3755016,19009,368849.6112,1574.536051
3758162,19039,212564.5489,1997.828066
3758165,19039,212564.5489,1154.69829
3758166,19039,212564.5489,3783.68632
3758176,19031,121112.1144,1171.885809
3758177,19031,121112.1144,915.0700499
3758188,19009,368849.6112,2010.942398
3758192,19009,368849.6112,2194.705266
3758193,19009,368849.6112,726.4692038
3761340,19039,212564.5489,628.7673323
3761341,19039,212564.5489,1687.810523
3761343,19039,212564.5489,4673.289074
3761354,19031,121112.1144,2122.980475
3761366,19009,368849.6112,2007.644164
3761369,19009,368849.6112,1691.084924
3761370,19009,368849.6112,1722.053033
3764519,19039,212564.5489,2040.23058
3764520,19039,212564.5489,2826.737959
3764521,19039,212564.5489,1907.540274
3764532,19031,121112.1144,2130.771763
3764544,19009,368849.6112,2003.99356
3764546,19009,368849.6112,1788.662673
3764547,19009,368849.6112,884.1548929
3767697,19039,212564.5489,4993.578138
3767698,19039,212564.5489,3198.291526
3767710,19031,121112.1144,2122.073114
3767722,19009,368849.6112,2007.794346
3767723,19009,368849.6112,1410.397314
3767724,19009,368849.6112,1112.644186
3770875,19039,212564.5489,4493.619178
3770888,19031,121112.1144,2170.403461
3770900,19009,368849.6112,2365.372043
3770901,19009,368849.6112,3600.995302
3770910,19009,368849.6112,992.5028175
3770911,19009,368849.6112,2339.973486
3774052,19039,212564.5489,3693.41427
3774053,19039,212564.5489,1363.804411
3774066,19031,121112.1144,444.1596374
3774067,19031,121112.1144,1786.854562
3774075,19009,368849.6112,245.7353319
3774076,19009,368849.6112,2424.702311
3774077,19009,368849.6112,2013.305052
3774078,19009,368849.6112,1871.020308
3774079,19009,368849.6112,403.2180136
3774080,19009,368849.6112,3342.399997
3774082,19009,368849.6112,1333.469535
3774083,19009,368849.6112,5704.253904
3774084,19009,368849.6112,4000.31755
3774085,19009,368849.6112,2850.12731
3774086,19009,368849.6112,2072.316834
3774087,19009,368849.6112,2065.447884
3774088,19009,368849.6112,1130.348739
3777229,19039,212564.5489,405.3383572
3777230,19039,212564.5489,4005.705113
3777245,19031,121112.1144,2247.613842
3777252,19009,368849.6112,1192.447731
3777253,19009,368849.6112,2221.15007
3777256,19009,368849.6112,3216.059692
3777257,19009,368849.6112,4037.513899
3777258,19009,368849.6112,6406.792543
3777259,19009,368849.6112,4150.595651
3777260,19009,368849.6112,2796.077651
3777262,19009,368849.6112,5173.173219
3777263,19009,368849.6112,4015.854556
3777264,19009,368849.6112,4015.088045
3777265,19009,368849.6112,4032.838936
3777266,19009,368849.6112,4148.896486
3777267,19009,368849.6112,4139.453678
3780407,19039,212564.5489,1844.533596
3780408,19039,212564.5489,2467.929202
3780423,19031,121112.1144,351.6517729
3780424,19031,121112.1144,1893.243215
3780429,19009,368849.6112,2042.213286
3780429,19031,121112.1144,71.94264732
3780430,19009,368849.6112,1280.263773
3780432,19009,368849.6112,402.8329136
3780433,19009,368849.6112,5025.901504
3780434,19009,368849.6112,1237.137974
3780440,19009,368849.6112,2050.424743
3783585,19039,212564.5489,4959.358229
3783602,19031,121112.1144,2234.438657
3783605,19031,121112.1144,301.5825075
3783606,19031,121112.1144,2556.825238
3783607,19031,121112.1144,364.9909196
3783610,19009,368849.6112,5356.69919
3783618,19009,368849.6112,2050.424699
3786762,19039,212564.5489,3449.0348
3786763,19039,212564.5489,1192.307089
3786772,19026,122705.2125,763.5228554
3786772,19031,121112.1144,691.7904451
3786780,19031,121112.1144,324.2210794
3786781,19031,121112.1144,1910.217578
3786782,19031,121112.1144,988.6695768
3786783,19031,121112.1144,2249.596865
3786787,19009,368849.6112,5469.517254
3786788,19009,368849.6112,216.9859284
3786796,19009,368849.6112,2050.424699
3789939,19039,212564.5489,304.948178
3789940,19039,212564.5489,4355.938462
3789949,19026,122705.2125,305.8894237
3789950,19026,122705.2125,1855.499257
3789959,19031,121112.1144,3133.819844
3789960,19031,121112.1144,1759.026471
3789963,19031,121112.1144,2585.591085
3789964,19031,121112.1144,4754.566374
3789965,19009,368849.6112,32.18583385
3789965,19031,121112.1144,137.8455697
3789974,19009,368849.6112,1004.341707
3789975,19009,368849.6112,1046.083037
3793106,19019,14846.898,559.2979004
3793116,19039,212564.5489,447.6288832
3793117,19039,212564.5489,4824.352111
3793128,19026,122705.2125,2428.76352
3793134,19031,121112.1144,1729.625022
3793135,19031,121112.1144,2037.770058
3793136,19031,121112.1144,2082.450255
3793137,19031,121112.1144,5431.804641
3793139,19031,121112.1144,929.451151
3793140,19031,121112.1144,4832.903695
3793141,19031,121112.1144,2090.343328
3793153,19009,368849.6112,2052.663416
3796282,19019,14846.898,82.58344097
3796282,19048,140507.5733,1124.563452
3796283,19019,14846.898,4105.08294
3796284,19019,14846.898,2601.34834
3796286,19019,14846.898,35.61337274
3796286,19039,212564.5489,175.2155921
3796287,19019,14846.898,1900.593824
3796287,19039,212564.5489,102.7237064
3796288,19019,14846.898,528.9625706
3796290,19039,212564.5489,499.1099647
3796291,19039,212564.5489,2049.75322
3796292,19039,212564.5489,2031.475596
3796293,19039,212564.5489,2090.026682
3796294,19039,212564.5489,1644.551103
3796295,19039,212564.5489,7564.571807
3796296,19039,212564.5489,4586.845365
3796306,19026,122705.2125,585.1058393
3796307,19026,122705.2125,1894.91232
3796308,19026,122705.2125,1821.382433
3796309,19026,122705.2125,2077.978245
3796310,19026,122705.2125,716.1744034
3796310,19031,121112.1144,1342.793804
3796311,19031,121112.1144,2039.528797
3796312,19031,121112.1144,308.1450737
3796315,19031,121112.1144,2572.730435
3796316,19031,121112.1144,5656.031245
3796317,19031,121112.1144,6527.467697
3796318,19031,121112.1144,1797.627811
3796331,19009,368849.6112,2053.9749
3799436,19018,421468.398,972.2334499
3799455,19048,140507.5733,4166.272272
3799456,19048,140507.5733,4140.964353
3799457,19048,140507.5733,4007.415142
3799458,19048,140507.5733,4000.330494
3799459,19048,140507.5733,4318.531798
3799460,19048,140507.5733,1248.740871
3799462,19019,14846.898,1152.254076
3799463,19019,14846.898,2014.291895
3799464,19019,14846.898,1796.489233
3799464,19039,212564.5489,152.0492043
3799466,19019,14846.898,70.38230943
3799466,19039,212564.5489,1884.794639
3799467,19039,212564.5489,2107.931439
3799468,19039,212564.5489,1575.24034
3799473,19039,212564.5489,4100.246898
3799474,19039,212564.5489,8.452605185
3799475,19026,122705.2125,525.7352552
3799475,19039,212564.5489,3895.648617
3799476,19026,122705.2125,4789.667816
3799481,19026,122705.2125,1979.913381
3799482,19026,122705.2125,2005.36234
3799483,19026,122705.2125,1275.279859
3799484,19026,122705.2125,2224.584255
3799485,19026,122705.2125,2445.296517
3799486,19026,122705.2125,256.5958119
3799492,19031,121112.1144,2198.17327
3799493,19031,121112.1144,4750.820521
3799494,19031,121112.1144,2021.746797
3799495,19031,121112.1144,3688.869924
3799509,19009,368849.6112,2053.974854
3802614,19018,421468.398,2372.1041
3802615,19018,421468.398,4158.869331
3802631,19048,140507.5733,1980.230609
3802632,19048,140507.5733,5181.628186
3802633,19048,140507.5733,77.87197275
3802636,19048,140507.5733,1945.766839
3802637,19048,140507.5733,794.6455506
3802651,19039,212564.5489,4030.66204
3802654,19026,122705.2125,3772.098515
3802654,19039,212564.5489,330.6680584
3802655,19026,122705.2125,2790.224686
3802656,19026,122705.2125,2004.766364
3802657,19026,122705.2125,2022.038819
3802658,19026,122705.2125,2044.457295
3802659,19026,122705.2125,30.6420586
3802661,19026,122705.2125,824.277025
3802668,19026,122705.2125,1592.226291
3802668,19031,121112.1144,921.1155407
3802669,19031,121112.1144,4492.01085
3802670,19031,121112.1144,2433.464814
3802672,19031,121112.1144,4955.436996
3802687,19009,368849.6112,1627.42351
3802688,19009,368849.6112,426.9024903
3805793,19018,421468.398,1606.949467
3805794,19018,421468.398,1568.365623
3805794,19048,140507.5733,2805.6808
3805795,19048,140507.5733,4103.745283
3805796,19048,140507.5733,2490.05777
3805805,19048,140507.5733,1292.690134
3805806,19048,140507.5733,4033.14429
3805807,19048,140507.5733,4810.766535
3805808,19048,140507.5733,4250.416018
3805809,19048,140507.5733,2310.61418
3805812,19048,140507.5733,1314.16067
3805813,19048,140507.5733,2312.432671
3805814,19048,140507.5733,745.6210759
3805829,19039,212564.5489,4408.162862
3805833,19026,122705.2125,3889.222843
3805834,19026,122705.2125,5950.08334
3805835,19026,122705.2125,4824.328587
3805836,19026,122705.2125,3023.800887
3805837,19026,122705.2125,3103.523685
3805838,19026,122705.2125,4711.90828
3805839,19026,122705.2125,4008.84162
3805840,19026,122705.2125,2592.814842
3805842,19026,122705.2125,2678.21541
3805843,19026,122705.2125,4048.757417
3805844,19026,122705.2125,4120.200494
3805845,19026,122705.2125,4204.407029
3805846,19026,122705.2125,1700.167553
3805849,19031,121112.1144,4488.135129
3805850,19031,121112.1144,362.6767068
3805866,19009,368849.6112,2054.113452
3808974,19048,140507.5733,2083.751317
3808975,19018,421468.398,872.9620564
3808975,19048,140507.5733,3296.907849
3808976,19048,140507.5733,4079.807806
3808977,19048,140507.5733,4052.589312
3808978,19048,140507.5733,4068.137242
3808979,19048,140507.5733,4062.852172
3808980,19018,421468.398,1272.49662
3808980,19048,140507.5733,6670.261767
3808981,19048,140507.5733,6063.384631
3808982,19048,140507.5733,4031.024936
3808983,19048,140507.5733,2721.076408
3808985,19048,140507.5733,2046.592092
3808989,19048,140507.5733,1592.608848
3808990,19048,140507.5733,1357.65787
3809005,19039,212564.5489,1102.649873
3809006,19039,212564.5489,2247.593218
3809007,19039,212564.5489,3162.891446
3809008,19039,212564.5489,536.9129882
3809013,19026,122705.2125,1635.083566
3809014,19026,122705.2125,3529.392447
3809015,19026,122705.2125,1473.803777
3809016,19026,122705.2125,610.4225587
3809018,19026,122705.2125,1969.845968
3809019,19026,122705.2125,4052.917487
3809020,19026,122705.2125,1451.647552
3809023,19006,251903.3758,1263.323432
3809023,19026,122705.2125,420.498234
3809026,19031,121112.1144,1905.749616
3809026,19041,141304.0095,330.8045033
3809027,19031,121112.1144,2583.491004
3809044,19009,368849.6112,768.9102976
3809044,19041,141304.0095,1282.762777
3812158,19018,421468.398,807.155883
3812158,19048,140507.5733,668.9055648
3812159,19018,421468.398,3967.194671
3812159,19048,140507.5733,884.4857107
3812160,19048,140507.5733,1595.341088
3812163,19048,140507.5733,2046.592135
3812166,19048,140507.5733,2304.08758
3812167,19048,140507.5733,943.5174217
3812181,19039,212564.5489,456.7594901
3812182,19039,212564.5489,2321.770157
3812183,19039,212564.5489,5158.002913
3812186,19039,212564.5489,1640.32523
3812186,19046,53512.71424,444.4471219
3812187,19046,53512.71424,1068.279283
3812192,19026,122705.2125,5282.898478
3812193,19026,122705.2125,2051.541024
3812194,19026,122705.2125,2186.214809
3812195,19026,122705.2125,2026.108167
3812196,19006,251903.3758,510.5922824
3812196,19026,122705.2125,1509.794171
3812197,19006,251903.3758,2728.816687
3812197,19026,122705.2125,1150.252747
3812198,19006,251903.3758,1132.273807
3812198,19026,122705.2125,868.0503709
3812199,19006,251903.3758,2065.936887
3812200,19006,251903.3758,1647.066255
3812200,19026,122705.2125,382.4815895
3812201,19006,251903.3758,372.9916983
3812202,19006,251903.3758,2271.063706
3812204,19041,141304.0095,4761.568532
3812222,19041,141304.0095,2050.698539
3815337,19018,421468.398,1600.490117
3815338,19018,421468.398,4745.466165
3815338,19048,140507.5733,569.793213
3815339,19048,140507.5733,798.600724
3815340,19048,140507.5733,1216.723055
3815341,19048,140507.5733,824.204667
3815343,19048,140507.5733,2687.626709
3815344,19048,140507.5733,236.7869515
3815356,19039,212564.5489,1070.61975
3815357,19039,212564.5489,4847.121812
3815358,19039,212564.5489,4809.720297
3815359,19039,212564.5489,1863.078947
3815361,19039,212564.5489,3541.478494
3815362,19039,212564.5489,152.810791
3815362,19046,53512.71424,562.1696144
3815365,19046,53512.71424,1457.369082
3815366,19046,53512.71424,1816.589323
3815370,19026,122705.2125,215.5946171
3815370,19046,53512.71424,373.6134514
3815371,19046,53512.71424,3784.949136
3815375,19006,251903.3758,2049.275431
3815376,19006,251903.3758,95.87613488
3815380,19006,251903.3758,1844.356834
3815380,19041,141304.0095,26.44446465
3815381,19041,141304.0095,5729.760957
3815382,19041,141304.0095,457.2954598
3815400,19041,141304.0095,2050.886172
3818516,19018,421468.398,4549.980412
3818517,19048,140507.5733,2168.229892
3818518,19048,140507.5733,2756.604016
3818520,19048,140507.5733,2195.156676
3818521,19048,140507.5733,134.8494895
3818533,19039,212564.5489,1106.549688
3818534,19039,212564.5489,4479.841257
3818536,19039,212564.5489,2187.34418
3818540,19046,53512.71424,4240.51063
3818544,19046,53512.71424,983.5809902
3818545,19046,53512.71424,1925.405022
3818549,19046,53512.71424,4431.45164
3818554,19006,251903.3758,2303.042478
3818558,19041,141304.0095,3203.62516
3818559,19041,141304.0095,3365.489131
3818560,19041,141304.0095,2217.555598
3818561,19041,141304.0095,733.1015145
3818578,19041,141304.0095,314.8934233
3818579,19041,141304.0095,1735.792035
3821694,19018,421468.398,295.7873686
3821695,19018,421468.398,4319.750967
3821696,19018,421468.398,5575.431343
3821696,19048,140507.5733,2521.400873
3821697,19048,140507.5733,2507.321494
3821698,19048,140507.5733,1700.043521
3821711,19039,212564.5489,5136.950766
3821713,19039,212564.5489,1234.783831
3821714,19039,212564.5489,1207.388894
3821718,19046,53512.71424,4162.945492
3821723,19046,53512.71424,648.1488089
3821724,19046,53512.71424,2542.354368
3821725,19046,53512.71424,79.9356874
3821727,19046,53512.71424,1413.267972
3821728,19006,251903.3758,2678.270448
3821728,19046,53512.71424,324.5361449
3821732,19006,251903.3758,2075.924904
3821735,19041,141304.0095,1522.798556
3821736,19006,251903.3758,2658.330387
3821736,19041,141304.0095,791.2601451
3821739,19041,141304.0095,1388.310726
3821740,19041,141304.0095,2948.469817
3821757,19041,141304.0095,2049.88938
3824873,19018,421468.398,187.9502499
3824874,19018,421468.398,4390.718563
3824875,19018,421468.398,6043.373529
3824875,19048,140507.5733,2129.535984
3824876,19018,421468.398,366.6911709
3824876,19048,140507.5733,34.81128244
3824888,19039,212564.5489,5359.76886
3824889,19039,212564.5489,92.85284856
3824890,19039,212564.5489,737.5759567
3824891,19039,212564.5489,1917.986781
3824896,19046,53512.71424,4105.345208
3824897,19046,53512.71424,87.48471285
3824903,19006,251903.3758,1015.343632
3824903,19046,53512.71424,3525.444992
3824904,19006,251903.3758,647.4407808
3824906,19006,251903.3758,4415.390985
3824910,19006,251903.3758,2216.668105
3824913,19006,251903.3758,2349.088309
3824913,19041,141304.0095,2623.300541
3824918,19041,141304.0095,796.2188548
3824919,19041,141304.0095,2046.691497
3824935,19041,141304.0095,2015.852863
3828050,19018,421468.398,699.7987554
3828051,19018,421468.398,2495.443215
3828053,19018,421468.398,201.1683464
3828054,19018,421468.398,6677.515274
3828055,19018,421468.398,2844.764016
3828064,19039,212564.5489,954.7469352
3828065,19039,212564.5489,5097.156502
3828066,19039,212564.5489,495.2017095
3828068,19039,212564.5489,2328.371798
3828074,19046,53512.71424,1072.53266
3828075,19046,53512.71424,7779.422798
3828076,19046,53512.71424,946.5707808
3828081,19006,251903.3758,2055.280366
3828082,19006,251903.3758,1904.129918
3828083,19006,251903.3758,1337.513963
3828084,19006,251903.3758,2081.87407
3828085,19006,251903.3758,2310.093493
3828087,19006,251903.3758,920.4015427
3828088,19006,251903.3758,1400.994452
3828090,19006,251903.3758,4599.178547
3828091,19006,251903.3758,238.4706827
3828097,19041,141304.0095,726.3475133
3828098,19041,141304.0095,2723.977046
3828110,19041,141304.0095,891.712452
3828111,19041,141304.0095,2048.25359
3828112,19041,141304.0095,2022.137968
3828113,19041,141304.0095,2839.019873
3828114,19041,141304.0095,2010.938634
3828115,19041,141304.0095,2019.494381
3831227,19018,421468.398,1767.659501
3831228,19018,421468.398,1740.345968
3831233,19018,421468.398,7567.549834
3831234,19018,421468.398,2319.664574
3831241,19039,212564.5489,2976.656368
3831242,19039,212564.5489,4111.660204
3831245,19039,212564.5489,605.456881
3831246,19039,212564.5489,1521.965169
3831251,19021,206759.7475,662.3363745
3831251,19046,53512.71424,1185.265109
3831252,19021,206759.7475,2028.55392
3831252,19046,53512.71424,128.5028258
3831253,19021,206759.7475,199.6457284
3831253,19046,53512.71424,4162.292303
3831259,19006,251903.3758,2122.540057
3831261,19006,251903.3758,1202.358418
3831262,19006,251903.3758,1984.519433
3831263,19006,251903.3758,4437.580542
3831265,19006,251903.3758,2177.618719
3831267,19006,251903.3758,2079.789447
3831268,19006,251903.3758,2711.064375
3831276,19041,141304.0095,2025.973715
3831283,19041,141304.0095,1279.92761
3831284,19041,141304.0095,2016.1973
3831285,19041,141304.0095,2000.3873
3831286,19041,141304.0095,2085.994014
3831287,19041,141304.0095,2186.141757
3831288,19041,141304.0095,1280.475464
3834403,19018,421468.398,537.2890588
3834404,19018,421468.398,2400.863606
3834405,19018,421468.398,663.6022862
3834412,19018,421468.398,5358.834529
3834413,19018,421468.398,2833.820905
3834414,19018,421468.398,2148.447632
3834415,19018,421468.398,748.6667432
3834416,19018,421468.398,1711.420896
3834417,19018,421468.398,4125.244137
3834418,19018,421468.398,3175.601512
3834418,19039,212564.5489,1247.381221
3834419,19039,212564.5489,1623.424026
3834423,19039,212564.5489,2243.413869
3834429,19021,206759.7475,2026.243858
3834431,19021,206759.7475,4740.307096
3834431,19046,53512.71424,260.2974177
3834437,19006,251903.3758,1490.785975
3834438,19006,251903.3758,648.7803728
3834440,19006,251903.3758,601.995573
3834441,19006,251903.3758,5225.14343
3834442,19006,251903.3758,2838.454489
3834443,19006,251903.3758,1535.84564
3834444,19006,251903.3758,29.67663047
3834445,19006,251903.3758,4862.134051
3834454,19041,141304.0095,831.0892937
3834455,19041,141304.0095,1843.555887
3834459,19041,141304.0095,604.9870601
3834460,19041,141304.0095,2357.064698
3834461,19041,141304.0095,860.0563923
3837580,19018,421468.398,922.6902578
3837581,19018,421468.398,1935.876764
3837590,19018,421468.398,1053.445048
3837591,19018,421468.398,6698.557114
3837592,19018,421468.398,4998.747881
3837593,19018,421468.398,5550.68811
3837594,19018,421468.398,4526.155683
3837595,19018,421468.398,1540.751833
3837601,19039,212564.5489,2185.912431
3837606,19021,206759.7475,822.7736923
3837607,19021,206759.7475,1272.109232
3837609,19021,206759.7475,4004.748647
3837616,19006,251903.3758,2110.058268
3837619,19006,251903.3758,361.8001959
3837620,19006,251903.3758,7930.239594
3837621,19006,251903.3758,4282.44661
3837622,19006,251903.3758,7167.559281
3837625,19006,251903.3758,198.9293054
3837626,19006,251903.3758,2282.528312
3837627,19006,251903.3758,852.7955619
3837633,19041,141304.0095,2020.808731
3837635,19041,141304.0095,820.6174697
3837636,19041,141304.0095,2166.520287
3837637,19041,141304.0095,1847.654999
3840750,19018,421468.398,182.2797265
3840752,19018,421468.398,810.4042089
3840758,19018,421468.398,2146.606572
3840763,19018,421468.398,427.3046005
3840764,19018,421468.398,2168.51162
3840765,19018,421468.398,4102.195306
3840766,19018,421468.398,4062.732278
3840767,19018,421468.398,2990.221661
3840768,19018,421468.398,1010.223698
3840770,19018,421468.398,4713.243977
3840771,19018,421468.398,1003.698826
3840773,19018,421468.398,925.8792026
3840774,19018,421468.398,1688.906306
3840778,19039,212564.5489,1374.507196
3840779,19039,212564.5489,893.028586
3840783,19021,206759.7475,1745.765954
3840784,19021,206759.7475,3637.209826
3840787,19021,206759.7475,4008.786864
3840794,19006,251903.3758,2020.712669
3840797,19006,251903.3758,2613.636414
3840799,19006,251903.3758,2618.968435
3840800,19006,251903.3758,5367.053358
3840801,19006,251903.3758,4794.745312
3840802,19006,251903.3758,4303.174969
3840803,19006,251903.3758,2924.208098
3840809,19041,141304.0095,1186.050215
3840810,19041,141304.0095,2123.540984
3840811,19041,141304.0095,2772.072385
3840812,19041,141304.0095,2553.066943
3840813,19041,141304.0095,1566.845881
3843928,19018,421468.398,1966.694887
3843929,19018,421468.398,2046.49347
3843930,19018,421468.398,1408.558351
3843931,19018,421468.398,2309.231314
3843936,19018,421468.398,2157.127627
3843938,19018,421468.398,71.30023485
3843939,19018,421468.398,2123.998371
3843940,19018,421468.398,4249.11803
3843941,19018,421468.398,3185.896375
3843945,19018,421468.398,1230.356931
3843946,19018,421468.398,2098.800908
3843947,19018,421468.398,2024.512897
3843948,19018,421468.398,2027.095907
3843949,19018,421468.398,6146.294526
3843950,19018,421468.398,284.7168338
3843952,19018,421468.398,623.2164041
3843952,19021,206759.7475,551.5852591
3843953,19021,206759.7475,2384.992229
3843956,19021,206759.7475,1914.535216
3843956,19039,212564.5489,257.9667633
3843960,19021,206759.7475,853.5796879
3843961,19021,206759.7475,1336.11479
3843962,19021,206759.7475,192.3523798
3843963,19021,206759.7475,3303.025898
3843964,19021,206759.7475,4006.388456
3843965,19021,206759.7475,6030.871555
3843972,19006,251903.3758,2004.286598
3843974,19006,251903.3758,2341.224344
3843975,19006,251903.3758,113.0840559
3843976,19006,251903.3758,472.137575
3843977,19006,251903.3758,4408.710604
3843979,19006,251903.3758,2023.685585
3843981,19006,251903.3758,1399.24419
3843982,19006,251903.3758,2069.155101
3843983,19006,251903.3758,2003.368687
3843984,19006,251903.3758,874.7177066
3843984,19041,141304.0095,1746.159296
3843985,19041,141304.0095,2107.305176
3843986,19041,141304.0095,2182.767485
3843987,19041,141304.0095,969.5535486
3847109,19018,421468.398,1288.95741
3847110,19018,421468.398,2070.912062
3847111,19018,421468.398,2002.695639
3847112,19018,421468.398,2047.227844
3847113,19018,421468.398,4334.995072
3847114,19018,421468.398,2602.196869
3847115,19018,421468.398,2110.878704
3847116,19018,421468.398,2043.103441
3847117,19018,421468.398,2629.404877
3847118,19018,421468.398,102.4780141
3847119,19018,421468.398,2014.368744
3847127,19018,421468.398,904.8188064
3847128,19018,421468.398,6749.502923
3847129,19018,421468.398,6110.467028
3847130,19018,421468.398,1046.731491
3847130,19021,206759.7475,4999.026184
3847131,19021,206759.7475,2051.388654
3847132,19021,206759.7475,4222.877696
3847133,19021,206759.7475,3514.981528
3847134,19021,206759.7475,3015.967014
3847135,19021,206759.7475,432.6414443
3847138,19021,206759.7475,2189.69456
3847143,19021,206759.7475,4016.290592
3847150,19006,251903.3758,2011.231802
3847151,19006,251903.3758,1262.559548
3847152,19006,251903.3758,1159.065076
3847154,19006,251903.3758,4910.002786
3847157,19006,251903.3758,2064.024282
3847162,19041,141304.0095,890.9074768
3847163,19041,141304.0095,2214.287201
3847164,19041,141304.0095,943.8652199
3850289,19018,421468.398,1998.662841
3850290,19018,421468.398,2114.668891
3850291,19018,421468.398,2114.638645
3850292,19018,421468.398,3130.353483
3850293,19018,421468.398,364.5505632
3850294,19018,421468.398,2353.410181
3850295,19018,421468.398,394.4413393
3850297,19018,421468.398,2016.801598
3850308,19021,206759.7475,71.93126371
3850309,19021,206759.7475,4078.603545
3850310,19021,206759.7475,4543.66516
3850311,19021,206759.7475,8196.998874
3850312,19021,206759.7475,6130.309734
3850313,19021,206759.7475,8445.204215
3850314,19021,206759.7475,4073.178576
3850315,19021,206759.7475,3785.276276
3850316,19021,206759.7475,3199.834239
3850317,19021,206759.7475,2034.843135
3850318,19021,206759.7475,1296.860594
3850321,19021,206759.7475,4137.89737
3850328,19006,251903.3758,2168.132324
3850329,19006,251903.3758,2284.617629
3850331,19006,251903.3758,3408.614696
3850332,19006,251903.3758,1499.442137
3850335,19006,251903.3758,1829.237544
3850336,19006,251903.3758,854.3660912
3850342,19041,141304.0095,1172.750991
3850343,19041,141304.0095,2174.291074
3850344,19034,55304.70784,1200.721121
3850344,19041,141304.0095,584.8277977
3853464,19018,421468.398,743.6474603
3853465,19018,421468.398,2274.70426
3853466,19018,421468.398,2109.898541
3853467,19018,421468.398,80.06436199
3853471,19018,421468.398,2827.06278
3853472,19018,421468.398,2624.77744
3853473,19018,421468.398,548.7459173
3853475,19018,421468.398,2019.351115
3853488,19021,206759.7475,2536.29445
3853491,19021,206759.7475,2407.429323
3853492,19021,206759.7475,4076.953639
3853493,19021,206759.7475,4077.050816
3853494,19021,206759.7475,4076.240791
3853495,19021,206759.7475,4073.191695
3853496,19021,206759.7475,4299.254244
3853497,19021,206759.7475,2030.159358
3853498,19021,206759.7475,4328.200632
3853499,19021,206759.7475,4547.461415
3853500,19021,206759.7475,2035.650438
3853501,19021,206759.7475,2032.844052
3853502,19021,206759.7475,385.0859524
3853505,19006,251903.3758,1243.93763
3853506,19006,251903.3758,3305.016238
3853508,19006,251903.3758,1210.859074
3853509,19006,251903.3758,3612.342594
3853514,19006,251903.3758,2092.611675
3853522,19034,55304.70784,575.6744134
3853523,19034,55304.70784,2069.164814
3853538,19016,111096.0203,33.78788379
3853539,19016,111096.0203,2479.027171
3856640,19018,421468.398,661.7175964
3856641,19018,421468.398,2195.76535
3856642,19018,421468.398,1532.581475
3856651,19018,421468.398,1660.804611
3856652,19018,421468.398,2028.461218
3856653,19018,421468.398,2009.006649
3856665,19021,206759.7475,2067.464563
3856666,19021,206759.7475,419.4987713
3856668,19021,206759.7475,1458.463006
3856669,19021,206759.7475,546.283234
3856674,19021,206759.7475,570.5879221
3856675,19021,206759.7475,6346.577559
3856676,19021,206759.7475,4558.442837
3856677,19021,206759.7475,4906.232197
3856678,19021,206759.7475,4090.179045
3856679,19006,251903.3758,354.3053112
3856679,19021,206759.7475,3737.98829
3856680,19006,251903.3758,1952.960341
3856680,19021,206759.7475,87.920873
3856681,19006,251903.3758,6003.1118
3856682,19006,251903.3758,2001.8336
3856683,19006,251903.3758,899.9853843
3856684,19006,251903.3758,546.3602694
3856685,19006,251903.3758,4152.322757
3856686,19006,251903.3758,4522.760901
3856692,19006,251903.3758,2186.789974
3856693,19006,251903.3758,3.344078107
3856701,19034,55304.70784,1086.336457
3856702,19034,55304.70784,1516.59483
3856715,19016,111096.0203,2043.476018
3856716,19016,111096.0203,2373.416605
3859818,19018,421468.398,2491.356084
3859829,19018,421468.398,307.276852
3859830,19018,421468.398,611.5520299
3859831,19018,421468.398,369.4260152
3859842,19021,206759.7475,24.95606286
3859843,19021,206759.7475,2142.362433
3859846,19010,47512.4384,199.4003384
3859846,19021,206759.7475,1805.850707
3859852,19010,47512.4384,72.63449961
3859852,19021,206759.7475,1175.354845
3859853,19021,206759.7475,1082.103127
3859858,19006,251903.3758,3689.389852
3859859,19006,251903.3758,7025.641111
3859860,19006,251903.3758,5695.83383
3859861,19006,251903.3758,4094.301679
3859862,19006,251903.3758,3588.41471
3859871,19006,251903.3758,1937.911557
3859871,19025,58221.84345,193.8707347
3859880,19034,55304.70784,1586.547561
3859881,19034,55304.70784,1029.207495
3859892,19016,111096.0203,2499.658937
3859893,19016,111096.0203,225.4010987
3863009,19018,421468.398,47.53008896
3863010,19018,421468.398,2032.81516
3863020,19021,206759.7475,2173.250029
3863024,19010,47512.4384,2001.166533
3863030,19010,47512.4384,2282.461353
3863038,19006,251903.3758,5177.753246
3863038,19025,58221.84345,619.4844689
3863049,19025,58221.84345,2208.476051
3863059,19034,55304.70784,2073.934896
3863060,19034,55304.70784,537.9403708
3863061,19034,55304.70784,1591.74278
3863062,19034,55304.70784,2082.0235
3863063,19034,55304.70784,2170.327
3863064,19034,55304.70784,2108.719557
3863065,19016,111096.0203,1070.027055
3863065,19034,55304.70784,1038.036758
3863066,19016,111096.0203,1664.912899
3863069,19016,111096.0203,2419.596865
3863070,19016,111096.0203,417.7524924
3866187,19018,421468.398,1623.358297
3866188,19018,421468.398,593.4102329
3866194,19018,421468.398,1833.945905
3866195,19018,421468.398,1075.313687
3866198,19021,206759.7475,2171.241214
3866202,19010,47512.4384,872.6306815
3866207,19010,47512.4384,1817.951721
3866208,19010,47512.4384,529.6279735
3866215,19006,251903.3758,562.0701296
3866216,19006,251903.3758,2867.780605
3866217,19006,251903.3758,1968.568973
3866217,19025,58221.84345,1456.0914
3866227,19025,58221.84345,835.822046
3866228,19025,58221.84345,1246.03138
3866238,19034,55304.70784,5008.30268
3866239,19034,55304.70784,505.4611714
3866244,19016,111096.0203,502.0328918
3866245,19016,111096.0203,2095.290144
3866246,19016,111096.0203,3767.334609
3866247,19016,111096.0203,820.9600358
3869365,19018,421468.398,2126.836019
3869372,19018,421468.398,265.1270906
3869373,19018,421468.398,24.65167867
3869373,19021,206759.7475,1058.811755
3869374,19021,206759.7475,2292.003333
3869375,19021,206759.7475,2445.833152
3869376,19021,206759.7475,533.1303183
3869384,19010,47512.4384,385.2320611
3869385,19010,47512.4384,1965.317194
3869393,19006,251903.3758,2162.882737
3869395,19025,58221.84345,4213.64867
3869396,19025,58221.84345,481.1961129
3869406,19025,58221.84345,2039.265929
3869411,19034,55304.70784,348.2655249
3869416,19034,55304.70784,4051.486021
3869424,19016,111096.0203,1695.270644
3869425,19016,111096.0203,2012.114581
3869426,19016,111096.0203,2228.242467
3869427,19016,111096.0203,605.1485056
3872543,19018,421468.398,827.7502253
3872544,19018,421468.398,101.8456586
3872562,19010,47512.4384,2333.233916
3872571,19006,251903.3758,917.2209603
3872571,19045,228179.2383,1185.292163
3872574,19025,58221.84345,4607.891849
3872584,19025,58221.84345,2217.788463
3872587,19025,58221.84345,480.434469
3872588,19025,58221.84345,2191.193687
3872589,19025,58221.84345,319.7764113
3872589,19034,55304.70784,1738.202106
3872590,19034,55304.70784,2014.178726
3872591,19034,55304.70784,2014.28487
3872592,19034,55304.70784,2020.085439
3872593,19034,55304.70784,3734.349926
3872594,19034,55304.70784,2872.598193
3872605,19016,111096.0203,2293.637764
3872607,19016,111096.0203,2230.742258
3875739,19010,47512.4384,1136.242031
3875740,19010,47512.4384,1182.373136
3875748,19045,228179.2383,1271.05733
3875749,19045,228179.2383,879.6534085
3875752,19025,58221.84345,1196.025948
3875753,19025,58221.84345,1139.92186
3875762,19025,58221.84345,1308.230855
3875763,19025,58221.84345,1341.93757
3875764,19025,58221.84345,2417.333752
3875765,19025,58221.84345,1681.079065
3875772,19034,55304.70784,1944.376079
3875773,19034,55304.70784,610.1384001
3875783,19016,111096.0203,1019.951019
3875784,19016,111096.0203,2688.552382
3875785,19016,111096.0203,743.2381699
3878917,19010,47512.4384,3405.314567
3878926,19045,228179.2383,2147.218481
3878931,19025,58221.84345,2342.982603
3878938,19025,58221.84345,1849.233702
3878939,19025,58221.84345,2104.945132
3878940,19025,58221.84345,2104.945132
3878941,19025,58221.84345,3740.765609
3878942,19025,58221.84345,506.1081188
3878951,19034,55304.70784,1971.589454
3878952,19034,55304.70784,1149.855733
3882094,19010,47512.4384,1966.912419
3882095,19010,47512.4384,2410.593923
3882103,19045,228179.2383,81.693074
3882104,19045,228179.2383,2065.525334
3882109,19025,58221.84345,357.1113177
3882110,19025,58221.84345,1987.301837
3882113,19025,58221.84345,2041.623278
3882114,19025,58221.84345,2100.344573
3882115,19025,58221.84345,2100.385689
3882116,19025,58221.84345,255.711493
3882130,19034,55304.70784,2103.012933
3885271,19010,47512.4384,861.8128657
3885272,19010,47512.4384,1684.240691
3885273,19010,47512.4384,2027.446616
3885281,19045,228179.2383,2143.622722
3885288,19012,31361.7849,334.6619014
3885288,19025,58221.84345,1615.974179
3885289,19012,31361.7849,1875.698808
3885289,19025,58221.84345,744.2525259
3885290,19025,58221.84345,2110.869553
3885291,19025,58221.84345,63.7887855
3885308,19034,55304.70784,1397.307011
3885309,19034,55304.70784,839.6750294
3888420,19018,421468.398,2339.702539
3888447,19001,19445.67078,892.658163
3888448,19001,19445.67078,1054.019592
3888448,19010,47512.4384,1124.607763
3888449,19010,47512.4384,1600.211678
3888450,19010,47512.4384,481.281969
3888451,19010,47512.4384,2778.109009
3888459,19045,228179.2383,2136.239444
3888467,19012,31361.7849,2364.966286
3888486,19028,12318.42796,906.5658746
3888487,19028,12318.42796,944.4632229
3888487,19034,55304.70784,314.5668001
3891598,19018,421468.398,394.2508599
3891599,19018,421468.398,2472.494958
3891600,19018,421468.398,2039.011437
3891601,19018,421468.398,2018.275759
3891624,19001,19445.67078,1829.632317
3891625,19001,19445.67078,1530.460391
3891626,19001,19445.67078,1308.094519
3891626,19010,47512.4384,521.6434418
3891627,19010,47512.4384,2035.049708
3891628,19010,47512.4384,3657.666421
3891629,19010,47512.4384,2019.140275
3891630,19010,47512.4384,373.7563919
3891636,19045,228179.2383,860.6105691
3891637,19045,228179.2383,1275.628945
3891645,19012,31361.7849,873.4215705
3891646,19012,31361.7849,1490.725692
3891664,19028,12318.42796,2221.840217
3894779,19018,421468.398,396.3206167
3894780,19018,421468.398,2843.054404
3894781,19018,421468.398,56.68278709
3894800,19001,19445.67078,339.4849685
3894801,19001,19445.67078,2491.486929
3894802,19001,19445.67078,2872.727922
3894803,19001,19445.67078,2264.910626
3894804,19001,19445.67078,262.2955234
3894808,19010,47512.4384,1906.158932
3894809,19010,47512.4384,2138.471335
3894810,19010,47512.4384,828.0483756
3894813,19045,228179.2383,8.082773247
3894814,19045,228179.2383,3055.266897
3894824,19012,31361.7849,1888.141643
3894825,19012,31361.7849,739.3714619
3894841,19028,12318.42796,1425.417938
3894842,19028,12318.42796,1031.766102
3897959,19018,421468.398,1247.107363
3897959,19037,180058.5848,990.122565
3897977,19047,17188.19322,117.8349309
3897978,19001,19445.67078,2585.372766
3897978,19047,17188.19322,673.7359895
3897979,19001,19445.67078,395.6253262
3897988,19010,47512.4384,913.6993978
3897988,19045,228179.2383,426.8355398
3897989,19045,228179.2383,2561.806892
3897991,19045,228179.2383,2243.674464
3898003,19012,31361.7849,2410.889723
3898004,19012,31361.7849,313.7662873
3898019,19028,12318.42796,2175.060925
3901137,19037,180058.5848,1912.609554
3901138,19037,180058.5848,1280.613883
3901139,19037,180058.5848,1027.838106
3901140,19037,180058.5848,592.2517322
3901154,19047,17188.19322,608.9384398
3901155,19047,17188.19322,2418.023942
3901157,19001,19445.67078,861.7171765
3901158,19001,19445.67078,757.1854436
3901167,19045,228179.2383,154.0731059
3901168,19045,228179.2383,2519.74976
3901169,19045,228179.2383,2707.619713
3901182,19012,31361.7849,2533.318704
3901183,19012,31361.7849,216.8712312
3901197,19028,12318.42796,1441.060427
3904318,19037,180058.5848,622.6331017
3904319,19037,180058.5848,1151.590248
3904320,19037,180058.5848,289.0929435
3904331,19047,17188.19322,1857.717038
3904332,19047,17188.19322,2156.679092
3904346,19045,228179.2383,2016.904741
3904361,19012,31361.7849,2432.486115
3907498,19037,180058.5848,1028.793012
3907509,19047,17188.19322,2202.115348
3907524,19045,228179.2383,2025.81112
3907539,19012,31361.7849,836.1904223
3907540,19012,31361.7849,1585.287165
3910676,19037,180058.5848,1119.692821
3910686,19047,17188.19322,1717.817464
3910687,19047,17188.19322,878.9673293
3910702,19045,228179.2383,232.5703155
3910703,19045,228179.2383,1816.122031
3910718,19012,31361.7849,1962.352195
3910719,19012,31361.7849,463.3111618
3913854,19037,180058.5848,931.9430247
3913855,19037,180058.5848,251.536387
3913856,19037,180058.5848,982.0748281
3913857,19037,180058.5848,2056.075728
3913858,19037,180058.5848,2013.323308
3913859,19037,180058.5848,2001.464861
3913860,19037,180058.5848,2001.327775
3913861,19037,180058.5848,2001.407069
3913862,19037,180058.5848,500.2560922
3913862,19047,17188.19322,1501.238093
3913863,19047,17188.19322,2011.667767
3913864,19047,17188.19322,1043.457911
3913880,19045,228179.2383,127.1076979
3913881,19045,228179.2383,1911.474423
3913897,19012,31361.7849,2390.948754
3917033,19037,180058.5848,3039.563533
3917034,19037,180058.5848,1155.522963
3917058,19045,228179.2383,2158.377538
3917075,19012,31361.7849,693.7578918
3917076,19012,31361.7849,1565.43666
3920210,19037,180058.5848,1701.466525
3920211,19037,180058.5848,905.4355631
3920236,19045,228179.2383,2092.040032
3920254,19012,31361.7849,2061.816638
3923387,19037,180058.5848,1224.481456
3923388,19037,180058.5848,1409.476632
3923414,19045,228179.2383,2039.089147
3923432,19012,31361.7849,2074.525705
3926564,19037,180058.5848,1306.452457
3926565,19037,180058.5848,1642.340804
3926592,19045,228179.2383,2019.235011
3926610,19012,31361.7849,253.8389692
3926610,19028,12318.42796,1864.543161