GRIDCODE	CVE_ENTCVE_MUN	fter
159321	6006	0.092045343
159322	6006	0.214677597
159326	6002	0.044559691
159329	16026	0.206182006
159330	16026	0.150362556
159331	16026	0.17170058
159332	16026	0.162038963
159333	16026	0.135839561
159358	16002	0.221704737
159359	16002	0.01995909
159359	16006	1
159388	16035	0.447271939
159390	16035	0.021353359
159391	16035	0.025968095
160370	6001	0.072936709
160380	6006	0.130365872
160385	6002	0.0442286
160387	16026	0.16441033
160388	16026	0.009466005
160416	16002	0.194263048
160417	16002	0.003888471
160446	16035	0.333815412
160447	16035	0.148481914
161428	6001	0.003714416
161429	6001	0.093330673
161438	6006	0.046143226
161439	6006	0.075351979
161444	6002	0.01980263
161445	6002	0.041956637
161469	16089	0.019158261
161473	16002	0.045375204
161474	16002	0.080213361
161475	16002	0.233622696
161491	16064	0.056343245
161507	16035	0.023109281
162487	6001	0.079265077
162496	6006	0.058641146
162497	6006	0.051264779
162504	6002	0.090695748
162509	14065	0.091869323
162533	16002	0.160787504
162534	16002	0.040185888
162550	16064	0.034425446
163546	6001	0.127552206
163555	6006	0.157740228
163563	6002	0.081967773
163568	14065	0.080646066
164605	6001	0.167290621
164614	6006	0.163876178
164622	6002	0.10716222
164627	14065	0.080033575
165664	6001	0.169443177
165673	6002	0.070534723
165673	6006	0.009893653
165680	6002	0.074956989
165681	6002	0.002521899
165685	14065	0.016060303
165686	14065	0.07336311
165710	16012	0.061372759
165711	16012	0.117752853
165731	16055	0.679286881
165732	16055	0.311388694
165740	16059	0.027306701
166722	6001	0.167444215
166723	6001	0.003254786
166731	6002	0.011896944
166732	6002	0.063673222
166739	6002	0.082702719
166744	14065	0.028950593
166745	14065	0.047264235
166769	16012	0.273273381
166790	16055	0.009324425
166790	16064	0.079434099
167781	6001	0.023772109
167782	6001	0.091996014
167782	6004	0.056218866
167787	6004	0.034189733
167788	6004	0.102930364
167789	6002	0.032618232
167789	6004	0.015364164
167790	6002	0.127928327
167798	6002	0.075981371
167803	14065	0.152058119
167804	14065	0.071841952
167827	16012	0.001306906
167828	16012	0.241539993
167845	16064	0.091202752
168841	6004	0.09305835
168842	6004	0.183207769
168843	6004	0.020583073
168844	6004	0.052263346
168847	6004	0.200566441
168848	6004	0.109801534
168857	6002	0.024442148
168858	6002	0.002370126
168861	14065	0.004816161
168862	14065	0.07836261
168880	16089	0.015486129
168882	16089	0.024376731
168886	16012	0.013605243
168904	16064	0.337598228
168905	16064	0.011738224
168916	16059	0.175464638
168917	16059	0.25562195
168918	16009	0.049935754
168918	16059	0.260484811
168919	16009	0.13736196
168920	16009	0.106125409
168921	16009	0.054257692
169893	6007	0.082441846
169894	6007	0.114179163
169901	6004	0.007315449
169902	6004	0.124500911
169920	14065	0.091548728
169939	14049	0.001156082
169939	16089	0.322154467
169940	14049	0.026020215
169940	16089	0.500580388
169941	16089	0.118244024
169963	16064	0.04750305
169964	16064	0.180485869
169974	16059	0.04017857
169982	16009	0.026908364
169983	16009	0.394576441
169984	16009	0.011817007
170951	6007	0.074597915
170952	6007	0.079559165
170978	14065	0.010901986
170979	14065	0.027513926
170986	14087	0.036970418
170987	14087	0.078956953
170988	14087	0.004767264
170999	14049	0.075573519
171005	14049	0.002927489
171005	16012	0.001147317
171006	14049	0.019620606
171023	16064	0.161269088
171033	16059	0.121744949
171040	16009	0.002615451
171041	16009	0.079851981
171043	16009	0.099033968
171044	16009	0.000854266
171044	16082	0.515381546
171045	16082	0.476918245
172009	6007	0.136744517
172010	6007	0.044669879
172045	14087	0.071153317
172058	14049	0.054922679
172065	14049	0.027788818
172092	16059	0.108612546
172092	16087	0.04918769
173066	6007	0.205421624
173067	6007	0.167469842
173068	6007	0.088334931
173103	14087	0.010256959
173104	14087	0.093841089
173116	14049	0.03663465
173117	14049	0.028223357
173124	14049	0.015979731
173125	14049	0.015553485
173136	16083	0.016656951
173137	16083	0.026632954
173151	16059	0.003302434
173151	16087	0.241685742
173152	16059	0.0072834
173156	16009	0.036661707
174125	6007	0.006581119
174125	14027	0.004340405
174162	14087	0.075757947
174163	14087	0.048605136
174164	14087	0.075125205
174172	14049	0.019841685
174173	14049	0.082358783
174174	14049	0.076892434
174175	14049	0.03514866
174184	14049	0.058172683
174190	16083	0.076139301
174191	16083	0.17320542
174192	16083	0.02978936
174194	16083	0.038298522
174195	16083	0.071609366
174196	16083	0.093127059
174209	16087	0.13695787
174210	16087	0.341610039
175203	6003	0.028891428
175214	14108	0.067319255
175215	14108	0.113112605
175216	14108	0.098143992
175217	14065	0.011783497
175217	14087	0.003344078
175217	14108	0.004065285
175221	14065	0.086360463
175221	14087	0.096588283
175230	14049	0.103728952
175231	14049	0.047134665
175243	14049	0.044034816
175247	16012	0.1839393
175248	16012	0.106062247
175248	16083	0.083157138
175249	16083	0.222222266
175253	16083	0.049413783
175255	16083	0.024707942
175256	16083	0.071817677
175268	16087	0.230558659
176272	14103	0.46394952
176273	14108	0.015783976
176275	14108	0.002071384
176280	14065	0.045760047
176280	14087	0.071432503
176289	14049	0.051458822
176301	14049	0.01243017
176302	14049	0.049258184
176315	16083	0.023222261
176326	16111	0.215814853
177320	6003	0.012480507
177330	14103	0.468607565
177331	14103	0.039283986
177337	14087	0.068907696
177338	14087	0.084189628
177339	14065	0.000865305
177339	14087	0.011963291
177360	14049	0.059675296
177382	16102	0.002452785
177383	16102	0.207682901
177385	16111	0.423447038
178372	6008	0.041179511
178381	6003	0.035048581
178395	14087	0.049823334
178396	14087	0.018808937
178419	14049	0.055464218
178446	16111	0.07484882
178453	16079	0.042694374
178459	16066	0.519946929
178459	16079	0.957305626
178459	16082	0.007700209
179414	14027	0.007408343
179421	14027	0.012520981
179422	14027	0.019688981
179423	14027	0.069125271
179424	14027	0.045100109
179430	6008	0.201068999
179431	6008	0.125747649
179438	14122	0.017873886
179441	6003	0.01875858
179449	14103	0.028158929
179505	16111	0.285889289
179518	16066	0.480053071
180473	14027	0.035527037
180477	14027	0.051380846
180478	14027	0.019132527
180479	14027	0.077158352
180480	14027	0.052439199
180481	14027	0.048434585
180483	14027	0.050108497
180484	14027	0.040926849
180485	14027	0.04512976
180486	14027	0.018918116
180489	6008	0.302316108
180496	14099	0.005956805
180496	14122	0.015198226
180497	14122	0.201072263
180498	14122	0.094088246
180499	14122	0.087163599
180500	6003	0.58576498
180500	14122	0.093796607
180501	6003	0.319055924
180501	14122	0.00960073
180514	14087	0.011715144
180515	14087	0.005949075
180565	16090	1
181534	14027	0.009741557
181535	14027	0.073426233
181536	14027	0.013756813
181543	14027	0.048413164
181544	14027	0.028524007
181545	14027	0.057148969
181546	14027	0.067352424
181547	6008	0.135814772
181547	14027	0.036264532
181548	6008	0.193872962
181555	14099	0.022758797
181555	14122	0.078606836
181556	14122	0.038004674
181573	14087	0.056742227
182585	14043	0.420282985
182593	14021	0.009351843
182593	14027	0.065628571
182599	14027	0.002403871
182614	14122	0.036846373
182615	14122	0.061643456
182632	14087	0.025101517
182635	14085	0.001217933
182635	14121	0.001072954
182643	14056	0.081939384
182644	14056	0.152003021
182645	14056	0.135653587
182646	14056	0.114211673
182661	16068	0.407967346
183641	14043	0.436020765
183651	14021	0.015386325
183652	14021	0.209454651
183671	14099	0.087901524
183672	14099	0.08458743
183673	14099	0.023118743
183673	14122	0.022801872
183674	14122	0.113250704
183687	14108	0.040192187
183689	14108	0.037234165
183690	14108	0.021508906
183701	14085	0.072207224
183702	14056	0.019544983
183702	14085	0.033877192
183705	14056	0.111501468
183706	14056	0.035865054
183719	16068	0.080227422
183719	16075	0.021786496
183720	16068	0.223350003
183720	16075	0.046554495
183723	16068	0.14761883
183727	16075	0.021447003
183727	16102	0.024906904
183739	16056	0.021163979
183740	16056	0.03995102
184700	14043	0.143696251
184710	14021	0.158055227
184730	14099	0.097681512
184731	14099	0.021732739
184732	14122	0.039620275
184733	14122	0.090432252
184739	14108	0.004787929
184739	14113	0.014939408
184740	14108	0.072409631
184740	14113	0.126149705
184744	14108	0.000740019
184745	14108	0.136813821
184746	14108	0.03184859
184759	14085	0.034098579
184760	14085	0.046666769
184765	14056	0.119537391
184779	16075	0.013242445
184780	16075	0.029126841
184781	16068	0.004067508
184781	16075	0.072964958
184782	16068	0.136768891
184782	16075	0.096844931
184785	16075	0.047879719
184785	16102	0.337198403
184786	16075	0.026825362
184798	16056	0.047856781
184799	16056	0.202287007
184800	16056	0.021424508
185787	14099	0.020662448
185789	14099	0.144592836
185790	14099	0.052573395
185791	14099	0.051923923
185792	14099	0.090257166
185793	14099	0.091657038
185799	14113	0.012806342
185800	14108	0.090808109
185800	14113	0.045278882
185801	14108	0.067797184
185802	14023	0.426563126
185802	14108	0.005786014
185803	14023	0.279849714
185803	14108	0.113870164
185818	14085	0.059616488
185823	14056	0.118386045
185824	14056	0.008838686
185837	16075	0.097834597
185838	16075	0.00174996
185838	16095	0.085581022
185841	16075	0.087080806
185842	16075	0.035178298
185843	16075	0.090720856
185844	16075	0.023464954
185849	16021	0.101178314
185850	16021	0.007736438
185850	16065	0.003140842
185850	16102	0.297491683
185851	16102	0.091189247
185852	16065	0.086691787
185857	16056	0.018297531
185858	16056	0.123658353
185859	16056	0.023943118
186826	14021	0.046640581
186828	14021	0.079241132
186829	14021	0.011639928
186845	14106	0.065692932
186846	14099	0.068153886
186846	14106	0.005788503
186847	14099	0.050161653
186848	14099	0.00170116
186849	14099	0.035921364
186850	14099	0.048657581
186857	14113	0.032652207
186858	14113	0.116971918
186860	14108	0.04848299
186860	14113	0.057944881
186861	14023	0.293587161
186861	14108	0.027223794
186861	14113	0.02440522
186865	14121	0.240338201
186866	14121	0.043653973
186877	14085	0.060754766
186882	14056	0.10251871
186882	14069	0.031624764
186897	16095	0.350675099
186902	16075	0.064723179
186910	16065	0.239284583
186910	16102	0.039078078
186911	16065	0.053913793
186917	16056	0.059929689
186918	16056	0.037551194
186923	16032	1
187885	14021	0.128002165
187886	14021	0.197601727
187887	14021	0.040884105
187901	14106	0.084987123
187902	14106	0.123464572
187904	14106	0.078097303
187917	14113	0.021837341
187924	14121	0.114394054
187925	14121	0.182499107
187935	14085	0.039199129
187936	14085	0.03486811
187941	14069	0.070910644
187961	16075	0.031069431
187962	16075	0.028944808
187964	16021	0.041421264
187964	16075	0.001860075
187969	16065	0.072708427
187970	16065	0.153959683
187971	16065	0.051395997
187972	16065	0.085341022
187976	16056	0.012141133
188949	14021	0.000410894
188959	14106	0.077215085
188960	14106	0.067740746
188961	14106	0.121304449
188962	14106	0.031230553
188963	14106	0.077052943
188984	14121	0.058848758
188985	14085	0.007016496
188985	14121	0.248259838
188986	14085	0.039008473
188994	14085	0.079856591
189000	14069	0.067950282
189014	16095	0.035681316
189022	16075	0.00331254
189023	16021	0.100764514
189023	16075	0.009081449
189025	16021	0.031653016
189026	16021	0.059544444
189031	16065	0.004986553
189032	16065	0.197809819
189034	16024	0.334341649
189035	16024	0.421908631
189037	16056	0.081050472
189038	16056	0.059418848
189980	14100	0.003671998
189981	14100	0.008775952
190008	14021	0.103331422
190016	14037	0.027880062
190017	14037	0.310013221
190018	14037	0.020445049
190018	14106	0.04894688
190020	14106	0.078493016
190021	14106	0.088241237
190022	14106	0.051744658
190044	14085	0.033203818
190045	14085	0.02408595
190052	14085	0.040248574
190053	14085	0.020425974
190059	14069	0.098741984
190060	14069	0.028676324
190073	16095	0.30874199
190074	16091	0.632546576
190074	16095	0.219320572
190081	16075	0.040204542
190084	16021	0.198520954
190091	16024	0.003038323
190091	16065	0.050767494
190094	16024	0.164272234
190095	16024	0.076439162
190095	16056	0.108179727
190096	16056	0.030991172
190097	16056	0.04111506
190098	16056	0.052542024
190098	16107	0.475854103
191075	14037	0.175203391
191076	14037	0.002976007
191104	14085	0.044287357
191104	14121	0.110933115
191111	14085	0.055287178
191118	14069	0.09437458
191123	16019	0.018664133
191124	16019	0.022815784
191127	16019	0.002765723
191133	16091	0.367453424
191140	16075	0.046897895
191141	16075	0.016594444
191142	16021	0.043261598
191143	16021	0.202360589
191157	16056	0.018498385
191157	16107	0.524145897
192127	14015	0.015399506
192133	14037	0.040886961
192134	14037	0.129592171
192146	14113	0.049904668
192147	14113	0.112406232
192148	14113	0.006146732
192163	14085	0.060631275
192170	14085	0.054476376
192176	14069	0.082969899
192177	14069	0.020794205
192182	16019	0.091643604
192183	16019	0.20722804
192184	16019	0.025487859
192199	16075	0.000357678
192200	16075	0.036355945
192202	16021	0.160161617
193186	14015	0.11615061
193191	14037	0.079991306
193192	14037	0.160668997
193205	14113	0.150818983
193217	14079	0.038637769
193222	14079	0.008689935
193222	14085	0.055045568
193229	14085	0.021295968
193230	14085	0.002867818
193235	14069	0.082221901
193242	16019	0.097523281
193243	16019	0.092681703
193244	16019	0.03618184
193257	16085	0.03083069
193258	16075	0.007896295
193258	16085	0.155940146
193261	16021	0.053397252
194243	14015	0.156882483
194244	14015	0.220243068
194245	14015	0.003033663
194250	14037	0.052342835
194252	14054	0.0246195
194255	14054	0.107706256
194264	14113	0.043955109
194265	14086	0.030193251
194265	14113	0.072427008
194268	14086	0.009122988
194268	14113	0.007320699
194269	14086	0.00442346
194269	14113	0.099638469
194276	14079	0.031640316
194281	14079	0.013894683
194281	14085	0.061575632
194282	14079	0.000397943
194282	14085	0.009576028
194294	14069	0.042341071
194301	14069	0.031588397
194301	16019	0.004319595
194302	16019	0.044372103
194303	16019	0.105719636
194314	16084	0.118622128
194314	16085	0.14944142
194315	16085	0.173139711
194316	16085	0.123796531
195304	14015	0.269948051
195305	14015	0.185379273
195311	14054	0.052483312
195312	14054	0.241347183
195313	14054	0.24833076
195314	14054	0.258864399
195323	14086	0.000486342
195324	14086	0.076438232
195324	14113	0.004396199
195327	14086	0.063512763
195340	14079	0.09255284
195340	14085	0.000333266
195341	14079	0.003947174
195341	14085	0.008271469
195348	14059	0.024252178
195349	14059	0.053203358
195350	14059	0.094029972
195351	14059	0.130176882
195352	14059	0.068968275
195352	14069	0.032389323
195352	14112	0.324943143
195353	14069	0.068900766
195356	14069	0.003031909
195359	14069	0.026912108
195360	14069	0.014353145
195361	16019	0.13236912
195371	16084	0.163532921
195372	16084	0.167129077
195372	16085	0.059296356
195373	16084	0.306834714
195373	16085	0.033654603
196339	14100	0.006766619
196340	14100	0.03005195
196341	14100	0.012793022
196363	14015	0.032963345
196373	14054	0.066648588
196382	14086	0.020010757
196383	14086	0.012185405
196385	14086	0.009802075
196386	14086	0.023496353
196390	14082	0.234928867
196391	14082	0.658913516
196392	14082	0.106157617
196395	14014	0.134345949
196395	14079	0.029886531
196396	14079	0.131390722
196397	14079	0.086920538
196398	14079	0.091993455
196399	14079	0.08845705
196406	14059	0.036696917
196407	14059	0.058233117
196408	14059	0.111403009
196409	14059	0.092201725
196416	14069	0.007297725
196417	14069	0.036107536
196418	14069	0.024849637
196419	14069	0.04928618
196419	16019	0.00149935
196420	16019	0.116728231
196430	16084	0.243881161
197395	14100	0.017285683
197396	14100	0.028381347
197397	14100	0.02749598
197398	14100	0.037088475
197400	14068	0.79986729
197400	14100	0.025332755
197441	14086	0.011191724
197442	14086	0.053226919
197444	14086	0.039932977
197455	14079	0.117202124
197464	14059	0.010941514
197465	14059	0.146625665
197469	14059	0.107706383
197470	14059	0.012965141
197470	14112	0.675056857
197476	14069	0.00535942
197477	14069	0.043240085
197478	14069	0.013783186
197521	16037	1
198454	14100	0.033638619
198459	14068	0.20013271
198459	14100	0.02480828
198482	14110	0.064118614
198483	14110	0.044977747
198501	14086	0.034145034
198502	14086	1.90983E-05
198503	14086	0.014612038
198504	14086	0.077137923
198506	14004	0.523128015
198514	14079	0.045318936
198515	14014	0.009805831
198515	14079	0.085721109
198516	14079	0.087575195
198517	14079	0.033641801
198522	14026	0.071584216
198523	14026	0.074765734
198523	14059	0.052595864
198535	14069	0.02229493
198559	16085	0.123954855
199509	14100	0.012761046
199510	14100	0.029400171
199511	14100	0.034845861
199512	14100	0.030863091
199513	14100	0.009897913
199518	14100	0.026582164
199540	14110	0.007835045
199541	14110	0.19499964
199542	14110	0.069957694
199560	14086	0.001391316
199561	14086	0.079469984
199563	14086	0.02897419
199576	14026	0.069851209
199576	14079	0.012131879
199577	14026	0.097323651
199580	14026	0.058255534
199581	14026	0.15971687
199582	14026	0.053341937
199582	14057	0.061417733
199597	16045	0.099444281
199618	16085	0.149945686
199618	16094	0.530374133
199619	16094	0.297421095
199620	16094	0.170501295
199639	16054	0.428043794
200567	14100	0.019659998
200568	14100	0.034878174
200571	14100	0.000866087
200577	14100	0.007335165
200578	14100	0.032307537
200579	14100	0.022477137
200599	14110	0.107518674
200619	14086	0.064386907
200620	14086	0.03158799
200621	14086	0.001386625
200622	14086	0.025451367
200626	14004	0.162453944
200636	14026	0.026387224
200637	14026	0.138689243
200638	14026	0.097041585
200639	14026	0.04959644
200641	14057	0.420012964
200656	16045	0.082337308
200657	16045	0.026411847
200658	16045	0.138626504
200659	16104	0.022493378
200660	16104	0.060848305
200665	16023	0.010368593
200679	16094	0.001703478
200691	16063	0.06237393
200698	16054	0.571956206
201623	14100	0.013088589
201624	14100	0.014006998
201625	14100	0.01532224
201626	14100	0.035902741
201627	14100	0.00943556
201630	14100	0.002574125
201631	14100	0.040064198
201632	14100	0.00409529
201638	14100	0.00859779
201639	14100	0.032412947
201640	14100	0.007815169
201661	14110	0.12478004
201677	14032	0.03448646
201677	14086	0.062887578
201678	14086	0.01231044
201679	14086	0.037479377
201680	14086	0.00298879
201681	14086	0.037505414
201682	14086	0.00314284
201685	14004	0.314418041
201687	14014	0.03389747
201688	14014	0.178422734
201692	14014	0.046501453
201695	14026	0.014884663
201696	14026	0.055076739
201696	14092	0.006331405
201700	14057	0.014755059
201716	16045	0.2319471
201717	16045	0.179646503
201717	16104	0.045978767
201718	16104	0.235401865
201719	16104	0.087104182
201720	16104	0.004420468
201724	16023	0.09648846
201725	16023	0.120031505
201726	16023	0.0879279
201726	16108	0.330458909
201727	16108	0.669541091
201750	16063	0.066433955
201751	16063	0.154334483
201752	16063	0.036748862
201752	16071	0.063785813
202679	14100	0.006616295
202680	14100	0.013489182
202681	14100	0.013943486
202682	14100	0.024280932
202683	14100	0.012243821
202684	14100	0.011149554
202685	14100	0.004780098
202686	14100	0.022989438
202687	14100	0.01445185
202688	14100	0.013289328
202689	14100	0.025360135
202690	14100	0.03461329
202699	14100	0.033905261
202714	14017	0.06035631
202715	14017	0.095685293
202716	14017	0.100036053
202718	14017	0.048943135
202718	14110	0.073400201
202719	14110	0.094615892
202720	14110	0.014340745
202730	14032	0.009136262
202731	14032	0.013922878
202732	14032	0.081045568
202733	14032	0.005847736
202735	14032	0.101675084
202735	14086	0.009554158
202736	14032	0.006869653
202740	14086	0.012512915
202741	14086	0.015114801
202747	14014	0.339391697
202753	14092	0.029334587
202754	14026	0.033484954
202754	14092	0.037321759
202759	14057	0.208215663
202760	14057	0.260601967
202761	14057	0.024726142
202761	14096	1
202768	16051	1
202774	16076	0.024308727
202775	16045	0.110962131
202775	16076	0.812180946
202776	16045	0.130624327
202776	16104	0.081060462
202778	16104	0.130832481
202783	16023	0.106610984
202784	16023	0.133783924
202785	16023	0.08682704
202801	16067	0.051395611
202805	16063	0.03774832
202806	16063	0.113929391
202808	16063	0.123401515
202809	16063	0.150822949
202811	16071	0.084074004
202812	16071	0.114295806
202813	16071	0.186680589
202814	16071	0.073546465
202815	16071	0.067770759
203742	14100	0.002053351
203745	14100	1.39174E-05
203758	14100	0.011847731
203759	14100	0.033958495
203773	14017	0.02245304
203774	14017	0.064308921
203775	14017	0.022867751
203776	14017	0.08550614
203777	14017	0.058605868
203777	14110	0.175349064
203790	14032	0.124776902
203791	14032	0.007159359
203792	14032	0.059574558
203793	14032	0.097778084
203794	14032	0.047461547
203798	14086	0.012907367
203799	14086	0.029145501
203801	14086	0.027524503
203802	14086	0.000445508
203802	14089	0.192891836
203806	14014	0.008260557
203807	14014	0.249374309
203807	14092	0.042517501
203811	14092	0.10276832
203812	14092	0.076731398
203818	14057	0.010270472
203833	16076	0.163510327
203836	16103	0.054513167
203836	16104	0.03300273
203837	16104	0.178665793
203838	16104	0.120191568
203842	16023	0.107486446
203844	16023	0.121495052
203860	16067	0.094515285
203865	16063	0.134271934
203872	16071	0.077688866
203873	16071	0.055769565
203874	16071	0.04438902
203875	16071	0.029468629
204818	14084	0.053124827
204818	14100	0.000157051
204833	14017	0.097121286
204834	14017	0.020214152
204836	14017	0.018460794
204837	14017	0.037813981
204842	14090	0.022993229
204852	14032	0.049522101
204853	14032	0.085531975
204857	14086	0.003238569
204858	14010	0.041324558
204858	14086	0.020656523
204861	14089	0.408615889
204866	14092	0.182934184
204867	14092	0.008866003
204869	14092	0.016826782
204870	14092	0.04113495
204873	14092	0.005951175
204874	14092	0.004463891
204893	16103	0.01918826
204894	16103	0.025847707
204895	16103	0.105274756
204898	16062	0.016966585
204899	16062	0.07469094
204900	16062	0.010778938
204901	16023	0.12886364
204901	16062	0.007328212
204903	16023	0.000116454
204903	16042	0.051968378
204904	16042	0.18652168
204919	16067	0.089370934
204924	16004	0.047151311
204924	16063	0.119934661
204932	16071	0.071286574
204934	16071	0.008197934
205877	14084	0.060505399
205880	14100	0.001022673
205893	14017	0.039780598
205896	14017	0.012255969
205900	14090	0.009922947
205901	14090	0.194356081
205912	14032	0.081268565
205913	14032	0.044389852
205916	14010	0.043286158
205917	14010	0.030444562
205920	14010	0.062225623
205920	14089	0.004241399
205921	14010	0.072519853
205921	14089	0.157823698
205921	14119	0.021253265
205926	14092	0.058949853
205928	14092	0.046920791
205929	14092	0.091740423
205933	14092	0.119622486
205933	14107	0.197243488
205934	14092	0.013109222
205934	14107	0.497049027
205935	14092	0.07484847
205935	14107	0.211557062
205952	16103	0.104711078
205954	16103	0.055540983
205955	16103	0.097862162
205956	16062	0.071202857
205956	16103	0.000537718
205957	16062	0.210145976
205958	16062	0.002595325
205959	16062	0.070985845
205960	16062	0.14102434
205961	16042	0.134414394
205961	16062	0.00358481
205963	16042	0.164981406
205967	16030	0.033516677
205978	16067	0.088225019
205983	16004	0.292754991
205983	16067	0.002396536
206920	14100	0.006162027
206921	14100	0.012391415
206936	14084	0.058196148
206952	14017	0.002275237
206953	14017	0.036529475
206954	14017	0.067139098
206955	14017	0.052851825
206959	14090	0.044921705
206959	14110	0.003338349
206960	14090	0.112028035
206960	14110	0.024768294
206972	14032	0.114895089
206975	14010	0.071721405
206980	14010	0.046373974
206980	14089	0.064166159
206980	14119	0.099630578
206981	14089	0.172261019
206981	14119	0.3382005
206987	14092	0.039626799
206994	14107	0.094150423
207009	14066	0.012981987
207009	16103	0.070877504
207010	16103	0.089740571
207011	16103	0.129934075
207016	16062	0.010274331
207017	16062	0.074176662
207018	16062	0.094891361
207019	16062	0.009781016
207020	16042	0.185059771
207021	16042	0.23966048
207022	16042	0.023200215
207037	16067	0.093319377
207041	16067	0.163557153
207042	16004	0.010899315
207042	16067	0.013419507
207045	16004	0.052012538
207995	14084	0.04793495
207996	14084	0.027182627
208014	14017	0.013524056
208015	14017	0.034534337
208015	14090	0.026600301
208019	14090	0.210441699
208031	14032	0.034658326
208033	14010	0.066405074
208034	14010	0.202397875
208040	14119	0.029122342
208046	14050	0.176703458
208069	16103	0.022597964
208070	16103	0.078155405
208071	16103	0.096680878
208077	16062	0.07128515
208078	16062	0.081812051
208079	16042	0.006984671
208079	16062	0.010401131
208081	16042	0.007209004
208091	16028	0.28443233
208093	16109	0.048941982
208094	16109	0.263488865
208096	16067	0.014478573
208100	16067	0.198495537
208104	16004	0.08860673
208105	16004	0.231278194
209055	14084	0.056662865
209056	14084	0.024940249
209074	14017	0.002113181
209075	14017	0.0066235
209075	14090	0.114136501
209078	14090	0.197787621
209090	14010	0.039669349
209091	14010	0.147946145
209092	14010	0.105123043
209093	14010	0.022486602
209094	14010	0.048075777
209105	14050	0.524228586
209106	14050	0.054479011
209129	16011	0.106760951
209130	16011	0.056255738
209130	16103	0.048537771
209136	16062	0.03807447
209136	16105	0.089009519
209146	16030	0.228852807
209147	16030	0.291505469
209150	16028	0.71556767
209150	16069	0.140508385
209151	16109	0.250354986
209152	16109	0.362447447
209155	16060	0.466032383
209159	16067	0.190552784
209164	16004	0.056009433
209165	16004	0.221287488
209165	16113	0.023927754
209166	16113	0.164919532
209167	16113	0.01734787
210115	14084	0.036349932
210116	14084	0.055559803
210126	14028	0.073268079
210137	14090	0.06681188
210165	14050	0.064310969
210188	14047	0.110128816
210189	14047	0.225639483
210189	16011	0.318329579
210190	14047	0.224939089
210190	16011	0.092764228
210191	14047	0.013464452
210191	16011	0.31387464
210195	16105	0.040093781
210204	16030	0.011716777
210204	16106	0.580206803
210205	16030	0.43440827
210209	16069	0.157086789
210210	16069	0.010632549
210210	16109	0.07476672
210214	16060	0.451066978
210218	11023	0.020165636
210218	16067	0.000273685
210228	16071	0.033690846
210229	16071	0.069543099
211175	14084	0.061355647
211185	14012	0.004788482
211185	14028	0.926731921
211186	14012	0.005731059
211247	14047	0.21346564
211250	16011	0.009380859
211251	16011	0.102634004
211260	16086	0.136502329
211261	16086	0.081716974
211262	16086	0.186402005
211263	16086	0.059142149
211263	16106	0.095222143
211271	16069	0.000393457
211273	11023	0.06926804
211273	16060	0.082900638
211274	11023	0.04505059
211284	16113	0.028091281
211286	16113	0.064716906
211287	16071	0.019812031
211287	16113	0.138470543
212233	14084	0.034875754
212234	14084	0.019092879
212254	14011	0.252088757
212275	14119	0.018912977
212306	14047	0.21236252
212313	16105	0.158092672
212318	16086	0.046319148
212319	16086	0.130461382
212320	16086	0.094858964
212321	16086	0.059637352
212332	11023	0.062883884
212333	11023	0.051537099
212334	11023	0.072188459
212335	11023	0.064872886
212336	11023	0.004016386
212344	16113	0.049456467
212345	16113	0.123918115
212346	16113	0.188461673
212347	16113	0.18846298
213265	14020	0.021527156
213292	14084	0.054684188
213313	14011	0.209225512
213314	14011	0.318184473
213333	14114	0.014600501
213333	14119	0.291142812
213334	14119	0.02510387
213350	14030	0.116093889
213356	14066	0.078272047
213357	14066	0.135048109
213372	16105	0.054334733
213373	16105	0.164566778
213374	16105	0.16814833
213375	16105	0.171811103
213376	16086	0.026477281
213376	16105	0.153943084
213377	16086	0.178482417
213380	16106	0.021116683
213382	16106	0.037612548
213383	16106	0.025733726
213385	16069	0.30036322
213386	16069	0.101314502
213391	11023	0.062998197
213394	11023	0.025142816
213395	11023	0.045349691
213406	16113	0.012226878
214324	14020	0.076091831
214325	14020	0.299853785
214326	14020	0.249025832
214327	14020	0.17846329
214351	14084	0.056808128
214373	14011	0.200339548
214385	14024	0.018721659
214386	14024	0.214557674
214387	14024	0.058141092
214387	14114	0.139327317
214388	14114	0.188989131
214390	14114	0.078398244
214391	14114	0.075519399
214391	14119	0.161758352
214392	14119	0.014875305
214397	14050	0.021959285
214406	14044	0.013695471
214407	14044	0.069577748
214409	14030	0.34895447
214410	14030	0.045476903
214410	14066	0.144635721
214416	14066	0.264234128
214420	14066	0.077669465
214421	14063	0.341541128
214422	14063	0.658458872
214436	14016	0.017308468
214436	14018	0.140379667
214437	14016	0.059967852
214438	14016	0.054237831
214438	16106	0.240108098
214445	16069	0.23463657
214450	11023	0.050206328
214452	11023	0.010746406
214453	11023	0.067368086
215385	14020	0.045966289
215386	14020	0.129071817
215409	14084	0.036614965
215410	14084	0.018824407
215435	14088	0.156955268
215436	14088	0.421715983
215437	14088	0.259465395
215444	14024	0.135412456
215447	14114	0.109055242
215448	14114	0.222511804
215449	14114	0.171598362
215464	14044	0.028301402
215465	14044	0.234978025
215475	14066	0.209065794
215479	14066	0.078092749
215492	14018	0.095824705
215493	14018	0.181805753
215494	14016	0.007578375
215494	14018	0.162791754
215495	14016	0.029142927
215495	14018	0.122888321
215496	14016	0.159998044
215497	14016	0.077354363
215497	14033	0.007111943
215504	16069	0.055064528
215507	11023	0.014664215
215509	11023	0.031275429
215511	11023	0.074939928
216468	14084	0.023874361
216469	14084	0.027687983
216489	14011	0.020161712
216495	14077	0.012315023
216495	14088	0.045810848
216496	14006	0.028185143
216496	14077	0.069578718
216496	14088	0.116052506
216519	14097	2.05492E-05
216520	14097	0.059767808
216521	14050	0.142868956
216521	14097	0.022444553
216522	14044	0.20870278
216522	14050	0.015449736
216523	14044	0.168859816
216524	14044	0.067579904
216527	14030	0.089591377
216528	14030	0.399883361
216528	14051	0.140144794
216529	14051	0.021200196
216529	14123	0.0515336
216551	14018	0.139508759
216552	14018	0.113579959
216568	11023	0.001249646
216583	11001	0.032060131
216583	11016	1
217527	14084	0.047550387
217554	14006	0.118839291
217555	14006	0.021013068
217577	14097	0.055854573
217578	14097	0.110594859
217582	14044	0.208304854
217586	14051	0.184953632
217587	14051	0.076290209
217588	14123	0.023450367
217589	14123	0.096608336
217590	14123	0.087851131
217591	14123	0.011511002
217611	14016	0.090445015
217611	14018	0.043221081
217635	11023	0.031862983
218585	14084	0.046646629
218586	14084	0.005210459
218598	14012	0.168574441
218601	14062	0.007249391
218613	14006	0.129167855
218615	14077	0.024407873
218616	14077	0.088500474
218617	14077	0.080651855
218618	14077	0.176587041
218619	14077	1.24303E-05
218627	14002	0.376629909
218628	14002	0.020525666
218637	14097	0.007736932
218643	14051	0.021046863
218644	14051	0.089207123
218645	14051	0.259568916
218650	14123	0.094236545
218651	14123	0.114646408
218670	14016	0.007338816
218671	14016	0.10893184
218680	14033	0.158533466
218681	14033	0.125299397
218694	11023	0.081531876
218696	11023	0.002853234
218701	11001	0.030118436
219644	14084	0.055339079
219657	14012	0.371052713
219660	14062	0.101461909
219672	14006	0.068564748
219675	14006	0.002320965
219678	14077	0.101368565
219686	14002	0.475137712
219697	14097	0.003528629
219702	14051	0.028201349
219703	14051	0.118242219
219709	14123	0.089681928
219710	14123	0.07267037
219711	14123	0.127563645
219712	14123	0.016648172
219716	14123	0.014240798
219730	14016	0.096328966
219731	14016	0.082907571
219740	14033	0.085747491
219741	14033	0.193033289
219742	14033	0.070640788
219744	11023	0.01417496
219752	11023	0.02753351
219753	11023	0.04880282
219759	11001	0.085433551
219760	11001	0.008575865
220703	14084	0.062551748
220716	14012	0.360883976
220717	14062	0.011788538
220718	14062	0.144004992
220719	14062	0.060210857
220731	14006	0.035353263
220732	14006	0.040463227
220737	14077	0.091533268
220738	14077	0.033555817
220739	14024	0.148616435
220745	14002	0.120033789
220745	14083	0.004031494
220746	14002	0.007672923
220746	14083	0.497486133
220756	14097	0.060301542
220757	14097	0.005130491
220758	14097	0.041395883
220762	14051	0.061144699
220766	14123	0.02119061
220766	14124	0.064281546
220767	14123	0.046602207
220767	14124	0.022593851
220768	14123	0.115506244
220790	14016	0.024828678
220791	14016	0.046624223
220801	14033	0.175554324
220803	11023	0.001094368
220804	11023	0.017035853
220811	11023	0.001186676
220816	11001	0.001219027
220817	11001	0.091684991
220818	11001	0.003496603
221761	14084	0.001341413
221762	14084	0.027085173
221774	14062	0.035593208
221775	14012	0.088969329
221775	14062	0.252710348
221776	14062	0.117829534
221791	14006	0.053484675
221796	14077	0.030187068
221797	14024	0.097980307
221797	14077	0.180483655
221798	14024	0.326570376
221798	14077	0.042266105
221805	14083	0.175779866
221813	14097	0.007618389
221814	14097	0.136997667
221815	14097	0.235339568
221825	14124	0.033335606
221826	14123	0.016058639
221826	14124	0.141405931
221855	14048	0.032784136
221856	14048	0.073464325
221857	14048	0.06394464
221859	14033	0.072522832
221859	14048	0.04384031
221860	14033	0.036266409
221874	11012	0.059471371
221875	11001	0.040727411
221875	11012	0.1095781
222822	14058	0.009875855
222823	14058	0.086675579
222824	14058	0.014614006
222827	14058	0.020647468
222833	14062	0.150423386
222834	14062	0.006269214
222849	14006	0.010950106
222850	14006	0.046761771
222852	14006	0.02025685
222853	14006	0.032069231
222854	14006	0.024375515
222855	14006	0.027599457
222855	14077	0.057836454
222857	14077	0.010715654
222870	14098	0.171145156
222871	14098	0.531559004
222873	14097	0.083113099
222874	14097	0.157335205
222893	14105	0.139280793
222894	14105	0.115183382
222906	14016	0.018022376
222914	14048	0.138939038
222915	14048	0.032917208
222916	14048	0.052188847
222917	14033	0.075290061
222917	14048	0.055736534
222918	14048	0.09031755
222932	11012	0.033952357
222933	11012	0.176269132
223879	14058	0.127244239
223880	14058	0.039850972
223881	14058	0.097493288
223892	14062	0.102022378
223897	14038	0.022333132
223909	14006	0.023110275
223910	14006	0.063084078
223911	14006	0.044281083
223912	14006	0.046770928
223913	14006	0.105660079
223914	14006	0.041599292
223914	14095	0.530917355
223915	14006	0.004184817
223915	14095	0.469082645
223933	14097	0.012820253
223933	14098	0.297295841
223953	14105	0.292484923
223960	14013	0.06579879
223965	14016	0.037872899
223966	14008	0.002297683
223966	14016	0.081111756
223972	14048	0.076878977
223973	14048	0.116130283
223991	11012	0.153965226
224939	14058	0.081863096
224951	14062	0.010436246
224956	14038	0.079438753
224967	14006	0.011904286
224976	14083	0.095712857
224977	14083	0.182062397
224987	14120	0.233569823
225007	14093	0.01017168
225008	14093	7.21392E-05
225012	14105	0.032166417
225013	14093	0.007522856
225013	14105	0.267185516
225019	14013	0.452397727
225025	14008	0.034115045
225030	14048	0.002337969
225031	14048	0.031939843
225050	11012	0.086050335
225054	11001	0.056044673
225998	14058	0.105671604
226013	14038	0.072052537
226014	14038	0.098949778
226015	14038	0.016479932
226035	14083	0.011905331
226036	14083	0.033021921
226046	14120	0.312018745
226056	14101	0.110655017
226056	14124	0.044915226
226057	14124	0.119470894
226058	14124	0.024116175
226064	14124	0.003044788
226066	14093	0.009574324
226067	14093	0.019641522
226068	14093	0.005459863
226072	14105	0.117274751
226073	14093	0.005155904
226073	14105	0.036424219
226078	14013	0.453276181
226084	14008	0.011804898
226085	14008	0.03641095
226093	14048	0.112866279
226094	14048	0.019263885
226109	11012	0.172314253
226113	11001	0.116732118
226114	11001	0.117829078
227057	14058	0.151106977
227071	14038	0.096327108
227072	14038	0.031030937
227089	14003	0.346708029
227090	14003	0.020802996
227114	14101	0.219703595
227115	14101	0.001862085
227117	14124	0.104013466
227118	14124	0.086231271
227119	14124	0.116100425
227120	14124	0.118945218
227121	14124	0.121545602
227127	14093	0.030035767
227128	14093	0.036913354
227129	14093	0.013911494
227132	14093	0.026118434
227134	14093	0.030074634
227135	14093	0.035985562
227136	14093	0.005566643
227137	14013	0.028527302
227137	14093	0.024555082
227144	14008	0.034566177
227153	14048	0.056450176
227168	11012	0.141332887
227169	11012	0.01819249
227171	11001	0.076535065
227172	11001	0.002473983
228116	14058	0.210718507
228129	14038	0.002474023
228130	14038	0.093587322
228147	14003	0.338652165
228148	14003	0.101856655
228171	14039	0.151046232
228171	14101	0.011747557
228172	14101	0.283411372
228173	14101	0.372620375
228188	14093	0.046643406
228191	14093	0.02280592
228192	14093	0.041323231
228193	14093	0.008998304
228196	14008	0.01810515
228196	14093	0.001815559
228197	14008	0.000912288
228197	14125	0.075050061
228203	14008	0.043043005
228227	11012	0.016540082
228228	11001	0.100239722
228228	11012	0.032333766
228228	11026	0.067296498
228229	11001	0.130174665
228230	11001	0.089044502
229174	14058	0.005253464
229174	14080	0.009176343
229175	14058	0.035356763
229175	14080	0.029625122
229206	14003	0.04186157
229230	14039	0.848953768
229245	14001	0.402644774
229246	14001	0.407419852
229246	14093	0.01682647
229247	14093	0.024880959
229256	14125	0.19511365
229262	14008	0.044890407
229263	14008	0.033377887
229276	11008	0.010982228
229278	11008	0.002829347
229279	11008	0.042901923
229280	11008	0.051444651
229281	11008	0.044633119
229282	11008	0.020230362
229283	11008	0.083099343
229284	11008	0.05823559
229286	11026	0.029228917
229287	11026	0.065768696
230233	14080	0.027191397
230234	14080	0.019567844
230304	14001	0.189935374
230311	14093	0.008568395
230315	14125	0.050296094
230320	14008	0.011337895
230321	14008	0.028164426
230322	14008	0.014855466
230323	14008	0.033792646
230335	11008	0.017283884
230336	11008	0.080432747
230337	11008	0.042437088
230339	11008	0.043899839
230340	11008	0.044816948
230341	11008	0.067571267
230342	11008	0.004835892
230345	11001	0.001244294
230345	11026	0.100122336
230346	11001	0.016365887
230346	11026	0.000557616
231277	18020	0.017882602
231292	14080	0.049445139
231293	14080	0.025003863
231294	14080	0.019689695
231310	18003	0.038596926
231311	18003	0.056594146
231312	18003	0.051028542
231313	14075	0.001637807
231313	18003	0.052537495
231314	14075	0.302482756
231314	18003	0.006687267
231315	14075	0.258254111
231367	14093	0.008137808
231368	14093	0.036709971
231369	14093	0.036740662
231370	14093	0.062427981
231382	14008	0.016429558
231383	14008	0.036968772
231394	11008	0.052352101
231395	11008	0.037535127
231398	11008	0.044330858
231404	11026	0.101534894
231407	11026	0.080304385
231408	11026	0.111103814
231409	11017	1
231409	11026	0.074073701
232330	18020	0.024320212
232336	18020	0.082528806
232337	18020	0.174731821
232338	18020	0.176742946
232339	18020	0.155927129
232351	14080	0.063651306
232352	14080	0.043491818
232353	14080	0.064462313
232354	14080	0.009527061
232364	14038	0.063116196
232368	18003	0.042300585
232369	18003	0.019053644
232374	14075	0.145847687
232375	14075	0.286261632
232382	14007	0.151337863
232387	14003	0.150118585
232387	14094	0.161854676
232425	14093	0.029687862
232426	14093	0.032448499
232429	14093	0.023312316
232430	14093	0.019687578
232442	14008	0.004906886
232443	14008	0.036165267
232444	14008	0.035746492
232445	14008	0.00741315
232452	11008	0.075428079
232453	11008	0.103176395
232457	11008	0.046216418
232462	11026	0.025449429
232463	11026	0.014220943
232466	11026	0.003469466
232467	11026	0.102725489
233389	18020	0.019783657
233390	18020	0.091619081
233391	18020	0.030531682
233398	18020	0.052897955
233401	14067	0.024376604
233401	18020	0.011581608
233407	14080	0.006722352
233408	14080	0.056430272
233409	14080	0.060130393
233410	14080	0.079185407
233411	14080	0.008478338
233412	14080	0.007662687
233413	14080	0.018747723
233421	14038	0.074940803
233421	14058	0.013628182
233422	14038	0.156728974
233423	14038	0.019452083
233427	18003	0.012955493
233433	14075	0.005516007
233439	14007	0.004704696
233441	14007	0.506018831
233446	14094	0.172284365
233450	14005	0.034851845
233461	14120	0.454411432
233489	14093	0.027944165
233490	14093	0.063177181
233491	14093	0.038961556
233492	14093	0.024159298
233492	14125	0.124308888
233493	14093	0.007224642
233493	14125	0.093297073
233494	14008	0.01454408
233495	14008	0.067344571
233504	14008	0.027011363
233505	14008	0.034558331
233506	14008	0.035433207
233507	14008	0.034147176
233508	11025	0.034194142
233508	14008	0.028473268
233509	11025	0.199498358
233510	11025	0.142008042
233515	11031	0.021024069
233516	11008	0.025326794
233516	11031	0.023043759
233519	11031	0.00671977
233526	11026	0.026848733
233527	11026	0.017902468
234450	18020	0.009424881
234460	14067	0.230129354
234461	14067	0.054699475
234462	14067	0.134303946
234463	14067	0.177003521
234464	14067	0.090892909
234464	14080	0.023398532
234465	14080	0.051742232
234466	14080	0.049824967
234481	14038	0.083706924
234499	14007	0.015627703
234500	14007	0.248773745
234501	14007	0.073537162
234501	14055	0.324108591
234505	14094	0.119572576
234509	14005	0.185727409
234549	14093	0.022498609
234552	14125	0.208611585
234553	14008	0.0097622
234553	14125	0.253322649
234554	14008	0.001751337
234555	14008	0.105832087
234574	11031	0.114374314
234586	11026	0.0640492
234586	11037	0.743654285
235519	14067	0.054445742
235520	14067	0.162335641
235533	14080	0.009762278
235534	14080	0.040222737
235540	14038	0.032227946
235541	14038	0.057153553
235541	18003	0.019849406
235560	14055	0.39561507
235564	14094	0.016033886
235565	14094	0.077598552
235568	14005	0.175308891
235569	14005	0.010344234
235612	14078	0.116484339
235613	14008	0.008634562
235613	14078	0.130367984
235614	14008	0.002540153
235615	14008	0.029032203
235616	14008	0.049598594
235616	14078	0.031589461
235617	14008	0.062033917
235617	14078	0.007888546
235618	14008	0.003998901
235618	14078	0.002921181
235626	14072	0.015991823
235629	11025	0.20308651
235631	11025	0.005878463
235633	11031	0.174883242
235637	11031	0.017064501
235645	11026	0.081230906
236579	14067	0.071812809
236579	18020	0.038584548
236593	14080	0.067758237
236594	14080	0.043888744
236595	14080	0.054450835
236600	18003	0.083787122
236602	18003	0.042221946
236619	14055	0.272686135
236627	14005	0.221896474
236628	14005	0.371871147
236628	14094	0.027486048
236644	14045	0.331798244
236670	14078	0.130293032
236671	14078	0.10475227
236679	14074	0.170535862
236679	14078	0.019771914
236688	11025	0.199118491
236688	14072	0.101291578
236692	11031	0.208086364
236704	11026	0.034112509
237638	18020	0.027571811
237639	18020	0.08587126
237654	14080	0.003009445
237655	14080	0.057752921
237655	18002	0.049796125
237656	18002	0.039636152
237656	18003	0.025711499
237657	18003	0.04213972
237658	18003	0.120712805
237659	18003	0.035172956
237660	18003	0.062844043
237661	18003	0.055379838
237687	14094	0.067826375
237702	14045	0.59607446
237703	14045	0.012660964
237723	14093	0.019995369
237724	14093	0.038230901
237724	14111	0.002842725
237725	14093	0.008904016
237725	14111	0.082399406
237726	14093	0.03958019
237727	14078	0.035265742
237727	14093	0.027549894
237728	14078	0.155920889
237729	14078	0.016497157
237738	14078	0.106839622
237739	14078	0.026903197
237743	14072	0.008017299
237747	14072	0.255012853
237751	11031	0.212647773
237761	11020	0.03061684
238715	18002	0.053119054
238715	18003	0.03424454
238716	18003	0.062539285
238720	18003	0.061422099
238736	14055	0.007590204
238745	14094	0.04552415
238746	14094	0.07044549
238761	14045	0.059466331
238773	14029	1
238798	14074	0.144195754
238798	14078	0.095653649
238806	14072	0.289914759
238810	11031	0.032595846
238811	11031	0.109024013
238819	11020	0.119701637
238820	11020	0.009948896
238821	11037	0.256345715
239779	18003	0.061147645
239804	14094	0.064018399
239848	14078	0.018851017
239857	14074	0.002843321
239858	14074	0.258708111
239864	14072	0.010863919
239865	14072	0.318907768
239874	11020	0.002077217
239875	11020	0.123388794
239875	11031	0.068371875
239876	11020	0.128844496
239876	11031	0.012164473
240838	18002	0.15129394
240838	18003	0.013072999
240863	14094	0.036157021
240864	14094	0.037658541
240895	14118	0.193485994
240896	14111	0.02851161
240896	14118	0.042720339
240899	14111	0.134088662
240900	14111	0.073752262
240901	14111	0.11498504
240902	14111	0.076451896
240917	14074	0.11432107
241897	18002	0.109378027
241900	18006	1
241955	14111	0.127733839
241956	14111	0.116133908
241957	14111	0.114157616
241958	14111	0.061246196
241959	14111	0.066237634
241960	14111	0.001459207
241976	14074	0.123749799
241986	11025	0.013053459
241987	11025	0.024461168
241997	11020	0.110375277
241998	11020	0.045324622
242946	18013	0.127161412
242947	18013	0.049737749
242956	18002	0.059669803
243035	14074	0.053018569
243036	14074	0.07369901
243036	14109	6.69207E-05
243045	14109	0.002662278
243046	11025	0.178701368
243046	14109	0.010320217
243057	11020	0.234162842
243058	11020	0.106429799
243991	18004	0.247586508
244004	18013	0.116542865
244005	18013	0.012537604
244006	18013	0.147881077
244007	18013	0.066159184
244011	18002	0.006908841
244012	18002	0.05843942
244095	14074	0.058928505
244095	14109	0.026488647
244104	14109	0.147826639
245050	18004	0.421650782
245062	18013	0.16520562
245063	18013	0.082417936
245066	18013	0.020568642
245067	18013	0.081729596
245068	18002	0.069596656
245068	18013	0.027438163
245069	18002	0.033308692
245073	18002	0.32992905
245073	18007	0.111643085
245074	18002	0.038924238
245074	18007	0.391424375
245075	18007	0.360674645
245133	14117	0.163624644
245134	14117	0.131825147
245135	14117	0.153678974
245154	14109	0.00045933
245159	14109	0.073046582
245160	14109	0.117674577
245161	14109	0.131195331
245162	14109	0.115652418
245163	14109	0.060409349
246120	18004	0.31741904
246120	18013	0.046603573
246121	18013	0.056016578
246128	18014	0.026993141
246132	18007	0.136257894
246169	32028	0.106162478
246170	32028	0.068811164
246188	14118	0.12968369
246189	14118	0.329932802
246190	14117	0.081838592
246190	14118	0.118888946
246191	14117	0.139058734
246192	14117	0.00141354
246194	14117	0.019162314
246195	14117	0.128474853
246217	14109	0.033701714
246218	14109	0.023870838
247229	32028	0.164988912
247230	32028	0.100983782
247247	14118	0.185288229
247253	14060	0.077248451
247253	14117	0.021986092
247254	14117	0.158937111
247273	14109	0.060429886
247274	14109	0.073965748
247275	14109	0.05685114
247276	14109	0.052117068
248289	32028	0.18295866
248290	32028	0.011658362
248312	14060	0.023670885
248313	14060	0.158768833
248332	14109	0.013261319
249340	32047	0.113994682
249349	32028	0.098235151
249371	14060	0.208656242
249384	14073	0.188868346
249385	14073	0.071506573
250399	32047	0.099318391
250408	32028	0.008501039
250409	32028	0.119989956
250410	32028	0.050364369
250411	32028	0.022729129
250411	32033	0.218703792
250412	32033	0.105350972
250424	32034	0.007148898
250427	14060	0.013684905
250428	14060	0.201366596
250429	14060	0.229783726
250430	14060	0.086820362
251407	18004	0.01334367
251458	32047	0.170161942
251468	32028	0.009809385
251469	32028	0.054807612
251471	32033	0.263217381
251522	14053	0.025778415
251524	14053	0.052976521
251525	11020	0.037407283
251525	14053	0.042442852
252517	32047	0.165259632
252518	32047	0.022805649
252530	32033	0.155936936
252531	32033	0.219058861
252554	14091	0.01881099
252555	14091	0.055237807
252580	14053	0.085770604
252581	14053	0.05659262
252582	14053	0.083418742
252583	14053	0.040636325
252584	11030	0.044432998
252584	14053	0.010212018
252585	11020	0.051722297
252585	11030	0.139786834
253576	32047	0.045990289
253577	14094	0.047587243
253577	32047	0.116312264
253578	32047	0.108834363
253579	14094	0.023152169
253579	32047	0.05273069
253590	32023	0.178225408
253590	32033	0.037732058
253591	32023	0.128436746
253604	32034	0.002608845
253615	14073	0.106638675
253616	14073	0.128484905
253635	14053	0.049672424
253636	14053	0.071207267
253637	14053	0.076817644
253638	14053	0.078528982
253639	14053	0.055213411
253648	11030	0.348308931
254600	18014	0.063836198
254638	14094	0.032800511
254638	32047	0.059377782
254650	32023	0.105892082
254651	32023	0.149008948
254667	32002	0.153915145
254668	32002	0.065041573
254669	14091	0.056553787
254670	14091	0.032788597
254673	14091	0.068190297
254674	14073	0.011506331
254674	14091	0.057060368
254675	14073	0.244757843
254676	14035	0.002210847
254676	14073	0.145477399
254696	14053	0.012176169
254707	11030	0.377266335
255646	18008	0.021882162
255656	18014	0.024868406
255659	18014	0.066883511
255710	32023	0.158305534
255711	32023	0.05626714
255725	32002	0.000989025
255725	32034	0.010099394
255729	14091	0.045395276
255731	14091	0.045924037
255732	14091	0.030062104
255735	14035	0.026233613
255735	14073	0.102759929
255766	11022	0.258913061
255766	11030	0.090204901
256718	18014	0.065193581
256769	32023	0.009371993
256770	32001	0.004299657
256770	32023	0.214492149
256784	32002	0.026182981
256784	32034	0.066753588
256789	14091	0.022017014
256790	14091	0.031099578
256825	11022	0.434945691
257767	18008	0.002483859
257768	18008	0.662555041
257769	18008	0.313078937
257776	18014	0.007797211
257777	18014	0.148599334
257817	32047	0.026473391
257818	32047	0.018740924
257829	32001	0.69350516
257843	32002	0.07801009
257848	14091	0.009418467
257884	11022	0.306141248
258830	18017	0.016808574
258834	18014	0.014321171
258835	18014	0.082300453
258836	18014	0.044313233
258837	18014	0.128956956
258852	18019	0.021308447
258853	18019	0.003319732
258873	32004	0.015339867
258888	32001	0.204432969
258889	32001	0.097762215
258901	32002	0.080663156
258902	32002	0.035613736
259876	18012	0.033315572
259889	18017	0.051287625
259890	18017	0.06365753
259891	18017	0.050497536
259892	18017	0.06649871
259893	18014	0.015801883
259893	18017	0.04774614
259896	18014	0.079271825
259897	18014	0.118150798
259899	18009	0.012649579
259900	18009	0.006359343
259910	18019	0.006473821
259911	18019	0.02207038
259932	32004	0.329010544
259959	32034	0.141611224
259960	32002	0.176481876
259960	32034	0.082106088
259976	14035	0.071194597
259977	14035	0.347291001
260934	18012	0.034289872
260935	18012	0.154263244
260950	18017	0.007004364
260951	18017	0.001441238
260956	18014	0.072421514
260957	18014	0.040290786
260958	18009	0.006092233
260959	18009	0.021370882
260960	18009	0.018773132
260960	18019	0.006879919
260961	18009	0.003138885
260961	18019	0.012569996
260969	18019	0.02194049
260983	14076	0.041057035
260991	32004	0.321888929
261017	32034	0.059199202
261018	32034	0.210170235
261019	32002	0.136457502
261019	32034	0.029889047
261020	14091	0.006564263
261020	32002	0.168263733
261021	14091	0.044913747
261021	32002	0.074911997
261022	14091	0.091296375
261023	14091	0.086259199
261023	32002	0.003469188
261024	14091	0.081416029
261026	14091	0.00397051
261993	18012	0.047991351
261994	18012	0.159369048
261995	18012	0.13434502
261996	18012	0.169999844
262019	18019	0.011330908
262020	18019	0.015822032
262028	18019	0.023407523
262041	14076	0.198530682
262042	14076	0.006561161
262050	32004	0.315626388
262076	32034	0.130739494
262089	14091	0.047161082
263054	18012	0.157988232
263055	18012	0.007731278
263065	18017	0.024041121
263066	18017	0.025105062
263067	18017	0.088863701
263068	18017	0.032704055
263079	18019	0.025391295
263085	18019	0.007325533
263086	18019	0.026741535
263087	18019	0.037135848
263088	18019	0.023700308
263089	18019	0.024357714
263100	14076	0.22224353
263109	14031	0.159536127
263109	32004	0.018134271
263109	32045	0.003592094
263132	32019	0.006222437
263133	32019	0.016181008
263133	32034	0.091166926
263134	32034	0.120017277
263135	32034	0.048489784
263147	14091	0.008093779
263148	14091	0.046890207
264113	18012	0.100706538
264125	18017	0.047215132
264127	18017	0.140406826
264128	18017	0.031353847
264138	18019	0.02333964
264144	18019	0.038577064
264148	18019	0.000880216
264149	18019	0.02551876
264159	14076	0.225742558
264168	14031	0.151154604
264168	32045	0.018133387
264184	32019	0.106409368
264185	32019	0.106099736
264191	32019	0.249221063
264192	32019	0.078668955
264204	14116	0.330823251
264205	14091	0.053257561
264205	14116	0.123326965
264206	14091	0.053197319
264207	14091	0.004421607
265187	18017	0.055801221
265197	18019	0.022570142
265202	18019	0.043845506
265203	18019	0.00291783
265208	18019	0.023906591
265209	18019	0.002002483
265218	14076	0.177765341
265227	14031	0.166944505
265227	32003	0.000854638
265227	32045	0.01099157
265234	32045	0.088204138
265241	32048	0.047449576
265242	32019	0.1846006
265243	32019	0.041050542
265250	32019	0.136442963
265261	14116	0.127227777
265262	14116	0.184062553
265263	14116	0.092344684
266256	18019	0.033798609
266257	18019	0.024043977
266258	18019	0.02479603
266259	18019	0.033065575
266260	18019	0.022392138
266261	18019	0.01697912
266267	18019	0.001580088
266268	18019	0.024667777
266277	14076	0.128099693
266285	14031	0.140368437
266286	14031	0.214948198
266286	32003	0.009745416
266287	32003	0.108764802
266288	32003	0.099024891
266288	32045	0.001733924
266292	32045	0.302920177
266293	32045	0.010666698
266299	32048	0.045502701
266300	32048	0.079925927
266301	32019	0.034821961
266301	32048	0.010656901
266309	32019	0.040281367
266319	14116	0.07164678
266320	14116	0.070567991
266330	1001	0.001846789
266331	1001	0.256044713
266332	1001	0.038949809
266332	14035	0.048562882
266341	14053	0.002878071
267315	18019	0.025447756
267316	18019	0.005864566
267319	18019	0.018784612
267327	18019	0.021840141
267343	14031	0.048366721
267344	14031	0.118681407
267347	32003	0.112531273
267349	32045	0.211654316
267350	32045	0.248391429
267351	32045	0.046086037
267358	32048	0.080056896
267389	1001	0.245213482
267397	14035	0.037093206
267398	14035	0.407575867
267398	14053	0.011611932
268359	18017	0.002525108
268374	18019	0.002347792
268375	18019	0.020138989
268386	18019	0.024763775
268406	32003	0.078929237
268407	32003	0.163829204
268408	32003	0.031572817
268408	32045	0.05762623
268417	32048	0.130138921
268457	14035	0.044928294
268458	14035	0.014909693
268458	14053	0.067039095
269408	18015	0.013305745
269412	18017	0.023354948
269417	18017	0.14717313
269418	18017	0.010852447
269434	18019	0.022383275
269445	18019	0.022426653
269466	32003	0.106705805
269476	32048	0.05820955
269477	32048	0.018684237
269517	14053	0.036276976
269522	14053	0.00372028
270467	18015	0.024138382
270471	18015	0.045557474
270475	18017	0.046415872
270476	18017	0.019245812
270493	18019	0.022686926
270504	18019	0.009750582
270505	18019	0.021359946
270525	32003	0.10654575
270536	32048	0.073060876
270541	32018	0.120550573
270542	32018	0.043766627
270576	14053	0.034819637
270589	14064	0.066888579
271526	18015	0.008622338
271530	18015	0.052655865
271552	18019	0.024515565
271564	14019	0.023415546
271564	18019	0.00528355
271565	14019	0.035980682
271565	18019	0.000200666
271584	32003	0.109148495
271595	32048	0.06324963
271596	32048	0.231890197
271597	32018	0.069292451
271597	32048	0.100239868
271598	32018	0.203167849
271599	32018	0.166488529
271600	32018	0.052130698
271635	14053	0.019035059
271636	14053	0.016161815
272578	18015	0.011419228
272588	18015	0.002935528
272589	18015	0.053269685
272611	18019	0.022146721
272623	14019	0.011138188
272624	14019	0.080128979
272632	14019	0.017018005
272643	14104	0.103062963
272643	32003	0.072347671
272654	32048	0.033329875
272655	32048	0.027604845
272663	1003	0.015247734
272663	32018	0.315378042
272663	32044	0.091768123
272664	1003	0.049314556
272687	1001	0.043623912
272694	14053	0.017343253
272695	14053	0.020412583
272705	14064	0.028106206
273637	18015	0.019024304
273638	18015	0.044162055
273647	18015	0.022738056
273670	18019	0.028512083
273683	14019	0.073620697
273684	14019	0.051875959
273685	14019	0.039229957
273690	14019	0.033845903
273691	14019	0.031027434
273702	14104	0.296808304
273720	32044	0.083395804
273721	32044	0.178832064
273722	32018	0.029225231
273722	32044	0.035278016
273723	1003	0.069546036
273746	1001	0.244305316
273753	1010	0.001191727
273753	14053	0.029257306
273764	14064	0.122697735
273765	14064	0.124249492
274729	18019	0.011001443
274730	18019	0.030646581
274731	18019	0.005241348
274742	14019	0.03592987
274743	14019	0.004994369
274744	14019	0.04124986
274745	14019	0.02811442
274748	14019	0.058216466
274749	14019	0.016262156
274761	14104	0.253424345
274762	14104	0.060688312
274778	32044	0.072114283
274779	32044	0.136597736
274789	1003	0.025508665
274790	1003	0.074707817
274805	1001	0.03862261
274806	1001	0.131393369
274824	14064	0.09160131
275748	18015	0.035254766
275804	14019	0.091615551
275805	14019	0.060466212
275806	14019	0.068953357
275807	14019	0.004896542
275821	14104	0.286016076
275833	32015	0.029463882
275834	32015	0.050591935
275834	32044	0.020354839
275835	32015	0.024779999
275835	32044	0.045992958
275836	32044	0.14190335
275837	32044	0.152848836
275848	1003	0.030877915
275871	1010	0.028055282
275872	1010	0.310649047
276807	18015	0.048641052
276810	18015	0.029797339
276819	18018	0.297414654
276865	14019	0.062851737
276892	32015	0.048307435
276894	32015	0.004822214
276894	32044	0.017832617
276895	32044	0.023081374
276931	1010	0.278362122
276932	1010	0.239378134
277865	18015	0.021626563
277866	18015	0.024204755
277868	18015	0.033635173
277869	18015	0.013276112
277878	18018	0.702585346
277885	18011	0.013994209
277886	18011	0.096690039
277887	18011	0.048560718
277924	14019	0.07971848
277934	14115	0.004091296
277951	32015	0.021386462
277952	32015	0.039513543
277991	1002	0.079156705
277991	1010	0.142363689
277992	1002	0.418303983
277992	14064	0.070831562
277996	14064	0.004702185
277997	14064	0.091650275
278924	18015	0.049856897
278925	18015	0.022106217
278926	18015	0.021927453
278927	18015	0.044073691
278946	18011	0.119718374
278983	14019	0.049449629
278983	14061	0.005719315
278992	14115	0.101348046
278993	14115	0.024048995
279011	32015	0.097703111
279022	1003	0.036127925
279023	1003	0.039317178
279051	1002	0.199391468
279053	14064	4.92465E-05
279054	14064	0.138217996
279055	14064	0.120934712
279983	18015	0.054428047
280005	18011	0.113849346
280009	18011	0.034435581
280010	18011	0.064965147
280042	14061	0.051638957
280047	14115	0.264513217
280048	14115	0.235854587
280049	14115	0.164927915
280050	14115	0.171230616
280051	14115	0.005030695
280070	32015	0.072432933
280071	32015	0.056291356
280081	1003	0.206535354
280108	1002	0.000586779
280110	1002	0.066031618
280111	1002	0.039501561
280112	14064	0.062935037
280112	32052	0.061036715
280113	14064	0.077135665
280113	32038	0.022437355
280114	32038	0.061586792
280115	32038	0.085996414
280116	32038	0.001118297
280121	32038	0.012929399
281041	18015	0.026910886
281042	18015	0.016873133
281064	18011	0.034957627
281065	18011	0.12675983
281066	18011	0.108424495
281067	18011	0.122117198
281068	18011	0.084011992
281069	18009	0.024257511
281069	18011	0.031515443
281099	14061	0.051537117
281100	14061	0.066684982
281101	14061	0.030728313
281106	14115	0.028954633
281124	14025	0.013027154
281125	14025	0.148299407
281126	14025	0.127594061
281127	14025	0.12044185
281127	32055	0.00907529
281128	32015	0.017982416
281128	32055	0.056892621
281129	32015	0.051342694
281130	32015	0.148839284
281140	1003	0.210165326
281171	32052	0.00079915
281175	32038	0.066003021
282100	18015	0.043385192
282109	18010	0.081084778
282110	18010	0.518833888
282111	18010	0.315713279
282128	18009	0.021335847
282129	18009	0.004948425
282154	14061	0.056241695
282157	14061	0.005782956
282158	14061	0.05743816
282159	14061	0.009200076
282182	14025	0.04974565
282183	14025	0.137507492
282185	14025	0.004007639
282189	32015	0.148523335
282190	32015	0.09005146
282195	32055	0.008410775
282196	32055	0.070635978
282199	1003	0.09108393
282200	1003	0.101331891
282200	32055	0.007053093
282225	1002	0.035043309
282226	1002	0.161984578
282226	32052	0.040872068
282227	32052	0.006813519
282234	32038	0.06086742
283159	18015	0.042886504
283188	18009	0.027845954
283189	18009	0.001467403
283213	14061	0.017242409
283214	14061	0.077719009
283215	14061	0.044215058
283216	14061	0.056113676
283238	14025	0.102218078
283239	14025	0.109329108
283240	14025	0.115488096
283241	14025	0.064909945
283248	32015	0.086236773
283259	1003	0.045734081
283259	32055	0.004597802
283260	1003	0.004501593
283260	1008	0.082463626
283260	32055	0.003191667
283286	32052	0.158988499
283293	32038	0.063300801
284218	18015	0.064154573
284248	18009	0.025340932
284249	18009	0.000997537
284274	14061	0.014149459
284275	14061	0.024806223
284297	14025	0.003868737
284298	14025	0.003562783
284307	32015	0.01003197
284307	32055	0.001318293
284308	32015	0.001699198
284308	32055	0.029065887
284319	1008	0.141562026
284319	32055	0.00914993
284320	1008	0.054989642
284330	1006	1
284330	1007	0.0218968
284331	1007	0.073950908
284344	32052	0.019002377
284345	32052	0.217063825
284346	32052	0.161565785
284347	32052	0.007926539
284352	32038	0.062298064
285277	18015	0.042864048
285307	18009	0.025335028
285308	18009	0.010843169
285367	32055	0.009356224
285368	32055	0.048280959
285379	1008	0.191096337
285381	1008	0.088149592
285382	1008	0.092604175
285389	1007	0.147170387
285390	1007	0.053977053
285403	32052	0.080978261
285406	32024	0.173694072
285406	32052	0.089849316
285407	32024	0.116744601
285407	32052	0.060890984
285408	32024	0.07715391
285408	32052	0.091969458
285409	32024	0.031662997
285409	32038	0.053815844
285409	32052	0.002243504
285410	32038	0.066436683
285411	32038	0.081757797
285412	32038	0.068971207
285413	32038	0.060609232
285414	32038	0.067161773
285415	32038	0.059469421
285416	32038	0.009802529
285417	32038	0.001917359
286336	18015	0.010549599
286366	18009	0.018256946
286367	18009	0.03193444
286368	18009	0.006085061
286383	14061	0.01101193
286427	32055	0.022312225
286428	32055	0.012810518
286438	1008	0.068553711
286439	1008	0.124861285
286440	1008	0.045935196
286445	1008	0.025630792
286446	1008	0.020630013
286466	32024	0.117849255
287427	18009	0.014872349
287428	18009	0.020914881
287429	18009	0.014970163
287442	14061	0.059559898
287487	32055	0.038847502
287504	1008	0.006818339
287505	1007	0.079640601
287505	1008	0.056705267
287508	1007	0.039331389
288485	18009	7.57367E-05
288486	18009	0.022489437
288487	18009	0.02059348
288488	18009	0.020003648
288489	18009	0.018270348
288490	18009	0.012439282
288501	14061	0.052543356
288546	32055	0.012843287
288564	1007	0.200321319
288565	1007	0.280268473
288566	1007	0.01061024
288567	1007	0.084685862
288585	32024	0.001478909
288585	32038	0.010937085
288586	32024	0.010624646
288586	32038	0.061934167
288587	32038	0.009713472
289512	18015	0.010037397
289513	18015	0.009754111
289544	18009	0.014884311
289545	18009	0.002929134
289549	18009	0.007954718
289550	18009	0.019335915
289551	18009	0.021587899
289552	18009	0.027124467
289560	14061	0.052924103
289625	1007	0.008146969
289643	32024	0.098632435
289644	32024	0.177884665
289644	32038	0.010935867
290571	18015	0.021726429
290585	18001	0.324121544
290585	18016	0.044041321
290586	18001	0.62598901
290587	18001	0.037437391
290587	18010	0.084368055
290603	18009	0.019451963
290611	18009	0.013330674
290612	18009	0.021205189
290618	14061	0.032058737
290619	14061	0.038179449
290637	14061	0.014803148
290652	14041	0.415343492
290690	1009	0.561343447
290691	1009	0.438656553
290693	32024	0.016503033
291630	18015	0.014201398
291630	18016	0.017864707
291636	18016	0.005509182
291661	18009	0.00110661
291662	18009	0.021032709
291671	18009	0.003358888
291672	18009	0.034430141
291674	18009	0.005461446
291677	14061	0.028603538
291677	18009	0.01557761
291696	14061	0.039171268
291710	14041	0.038197497
291711	14041	0.466182845
291721	32055	0.024006924
291723	32055	0.029730188
291724	32055	0.000825803
291726	32055	0.030118921
291727	32055	0.027816307
291728	32055	0.047693044
291729	32055	0.025009123
292689	18016	0.052065228
292720	18009	0.022185433
292731	18009	0.017463875
292732	18009	0.002301567
292733	18009	0.037776354
292734	18009	0.013149219
292736	14061	0.022935486
292736	18009	0.011797918
292754	14061	0.007127744
292755	14061	0.027659644
292769	14041	0.080276166
292778	32055	0.000995932
292779	32055	0.059755932
292780	32055	0.049347919
292781	32055	0.059185994
292782	32055	0.018738323
292783	32055	0.027076026
292784	32055	0.016762761
292785	32055	0.013525067
292786	32055	0.007559748
292787	32055	0.014194597
292788	32055	0.037375341
292789	32055	0.064652057
292812	32024	0.177771478
292812	32035	0.101551556
292813	32035	0.020034618
293748	18016	0.052302003
293752	18016	0.020627652
293753	18016	0.108736561
293754	18016	0.059793806
293777	18009	0.010059328
293778	18009	0.017447258
293779	18009	0.016839405
293791	18009	0.021843926
293792	18009	0.017003425
293793	18009	0.02245483
293794	18009	0.023823593
293794	32049	0.000216602
293795	18009	0.004232611
293813	14061	0.005896554
293814	14061	0.023620478
293848	32055	0.031686618
293849	32055	0.033424116
293872	32035	0.309865556
294807	18016	0.04669749
294811	18016	0.015441046
294813	18016	0.092561493
294814	18016	0.085171084
294835	18009	0.012451495
294836	18009	0.02190026
294852	18009	0.001283652
294852	32049	0.09386976
294853	32049	0.009687047
294873	14061	0.014687264
294896	32046	0.260579223
294922	1004	1
294931	32035	0.021398092
294932	32035	0.254128459
295866	18016	0.052589827
295873	18016	0.021499184
295878	18001	0.011302487
295879	18001	0.001149568
295894	18009	0.020048422
295911	10014	0.08631589
295911	32049	0.012300494
295912	10014	0.082124243
295940	32031	0.022191288
295953	32046	0.056489766
295954	32046	0.346898306
295955	32046	0.129653196
295979	32008	0.061625991
295991	32035	0.234299231
296925	18016	0.054561438
296953	18009	0.020675137
296954	18009	0.003907197
296971	10014	0.095397361
296971	32049	0.0179999
296972	10014	0.026536988
296972	32049	0.020000982
296999	32031	0.065612031
297000	32031	0.037293452
297012	32046	0.203722286
297034	32012	0.025498037
297035	32008	0.028868881
297035	32012	0.052191774
297036	32008	0.170316613
297036	32012	0.000997176
297037	32008	0.152435191
297038	32008	0.103390304
297039	32008	0.050065535
297050	32035	0.058722488
297050	32053	0.097280475
297983	18016	0.006060462
297984	18016	0.094438186
298013	18009	0.019095794
298014	18009	0.004400556
298031	10014	0.076788126
298031	32049	0.034667172
298059	32031	0.084052619
298074	32046	0.002657222
298080	32055	0.010585909
298081	32055	0.017614225
298083	32055	0.001914611
298092	32012	0.080369002
298093	32012	0.15380735
298094	32012	0.107984435
298098	32008	0.075857838
298108	32053	0.029162883
298109	32053	0.124824476
298110	32053	0.272821326
298111	32053	0.237295666
298112	32053	0.088124036
299043	18016	0.103804973
299073	18009	0.014688954
299074	18009	0.002736487
299089	10014	0.002993577
299089	32049	0.055192053
299090	32049	0.029780908
299118	32031	0.048550237
299119	32031	0.082720046
299139	32055	0.006562462
299149	32012	0.034266294
299150	32012	0.166189661
299151	32012	0.151518039
299157	32008	0.049935747
299158	32008	0.126184674
299167	32053	0.069864127
299171	32053	0.080627012
300102	18016	0.066234357
300148	10014	0.114709887
300148	32049	0.025262383
300178	32031	0.006714988
300179	32031	0.175339787
300180	32031	0.020256259
300207	32012	0.004277665
300208	32012	0.131288227
300208	32017	0.020397218
300217	32008	0.084803977
300218	32008	0.096515248
300218	32036	0.010725014
300219	32036	0.048251432
300220	32036	0.056645016
300221	32036	0.059722326
300222	32036	0.139011881
300223	32016	0.106276114
300223	32036	0.065816262
300224	32016	0.146528335
301168	25009	1
301207	10014	0.184591028
301208	10014	0.015482694
301237	32031	0.060378236
301238	32031	0.088751473
301264	32012	0.000668538
301266	32012	0.02781334
301267	32017	0.046827608
301268	32017	0.001632372
301274	32036	0.115934731
301275	32036	0.075197151
301276	32036	0.05668587
301277	32036	0.12212279
301283	32016	0.155169578
301284	32016	0.052263142
302267	10014	0.172579261
302296	32031	0.038987174
302297	32031	0.08563598
302313	32020	0.063665903
302323	32012	0.063130462
302323	32017	0.148327037
302330	32017	0.166472495
302331	32017	0.050849503
302331	32036	0.097975599
302332	32036	0.121240266
302333	32036	0.028760491
302343	32016	0.034411786
302353	24025	0.050431063
302354	24025	0.044551268
303326	10014	0.142480946
303326	32049	8.77478E-05
303327	32049	0.043890157
303328	32049	0.03423701
303329	32049	0.053400644
303330	32049	0.038121552
303331	32049	0.036276995
303337	14042	0.019241716
303338	14042	0.134012301
303339	14042	0.126335025
303340	14042	0.010100951
303356	32031	0.085702145
303372	32020	0.619655732
303382	32017	0.101569239
303382	32056	0.186849749
303388	32017	0.114972788
303389	32017	0.154141786
303413	24025	0.010574067
303414	24025	0.053562612
303415	24025	0.016017802
304387	32049	0.015000178
304388	32049	0.013834372
304389	32049	0.008381085
304390	32049	0.035458253
304391	32049	0.076716563
304392	32049	0.008443186
304396	14042	0.233731012
304415	32031	0.044725075
304416	32031	0.053089212
304416	32049	0.017024891
304417	32049	0.015632874
304430	32020	0.135136029
304431	32020	0.181542336
304440	32056	0.15910697
304441	32056	0.249966158
304462	32016	0.022493463
304473	24025	0.066019561
304474	24025	0.092523622
305409	18005	0.088594296
305410	18005	0.143842758
305411	18005	0.075888813
305451	32049	0.044272144
305452	14042	0.024515594
305452	32049	0.056077879
305453	14042	0.116263557
305453	32049	0.017528796
305454	14042	0.174911099
305455	14042	0.160888745
305475	32049	0.021494993
305476	32049	0.032371903
305498	32056	0.053474901
305499	32056	0.152263516
305518	32016	0.052541496
305521	32016	0.169643626
305532	24025	0.075290619
305533	24025	0.072541413
306470	18005	0.078334416
306471	18005	0.177941284
306472	18005	0.1137986
306534	32049	0.038682149
306577	32016	0.095455642
306578	32016	0.020019684
306580	24049	0.119594111
306580	32016	0.107958413
306591	24025	0.070085489
306592	24025	0.026807459
306593	24025	0.07222707
307531	18005	0.105574715
307532	18005	0.083999084
307593	32049	0.045189651
307621	32017	0.002562548
307621	32056	0.153746602
307623	32017	0.042334608
307633	32036	0.001911171
307637	32016	0.037238721
307639	24049	0.329697345
307644	24049	0.02411873
307650	24025	0.070148462
307651	24025	0.044718517
307652	24025	0.110066153
308591	18005	0.132026035
308651	32049	0.005899631
308652	32049	0.043000047
308679	32056	0.044592104
308682	32017	0.149912798
308698	24049	0.3365422
308702	24049	0.127648167
308703	24049	0.062399446
308709	24025	0.07429901
308711	24025	0.050135812
