GRIDCODE	CVEENTMUN	Fter
132980	12026	0.054380952
132981	12026	0.062817009
132981	12058	0.05631765
132983	12026	0.007938462
132984	12026	0.037369685
132984	12026	0.18031251
132984	12026	0.072478287
132985	12026	0.183674484
132986	12017	0.101448398
132986	12026	0.02771975
132986	12017	0.453584202
132987	12017	0.4449674
132994	12059	0.28597139
132999	12034	0.229334339
133018	21032	0.302418001
133027	21047	0.083442637
133044	21003	0.029514392
133049	21127	0.107624472
133050	21127	0.425315543
133052	20459	0.08102337
133053	20459	0.239881584
133054	20022	0.958508221
133054	20459	0.076683703
133055	20022	0.041491779
133055	20459	0.100568416
133056	20459	0.147689079
134040	12058	0.147319337
134043	12026	0.154560941
134043	12026	0.033520446
134053	12059	0.456812962
134057	12034	0.215196371
134058	12034	0.052445951
134077	21032	0.029062363
134078	21032	0.34150059
134085	21047	0.007478315
134086	21047	0.066767682
134099	21009	1
134103	21003	0.073165474
134108	21127	0.467059985
134110	21190	0.967215112
134111	20459	0.121860486
134111	21190	0.032784888
134117	20459	0.074708414
135099	12058	0.06764953
135100	12058	0.068388599
135101	12026	0.1213214
135101	12058	0.074857813
135102	12026	0.063906074
135112	12059	0.257215648
135117	12034	0.241894366
135137	21073	0.858587115
135137	21032	0.039925862
135138	21073	0.141412885
135138	21032	0.265891946
135139	21032	0.006891182
135143	21047	0.02860428
135144	21047	0.077787611
135145	21047	0.032712879
135160	21003	0.004497687
135162	21003	0.072007768
135163	21003	0.176271066
135176	20459	0.157584948
136159	12058	0.117406087
136159	12058	0.170679672
136160	12058	0.006288602
136176	12034	0.060492396
136198	21047	0.089386104
136198	21032	0.014310057
136201	21047	0.026000525
136202	21047	0.02589997
136202	21047	0.024411486
136202	21047	0.017278845
136202	21047	0.019349423
136221	21003	0.049026088
136222	21003	0.041487077
136222	21003	0.241503305
137257	21047	0.012306224
137258	21047	0.063778291
137259	21047	0.064680867
137260	21047	0.032492955
137261	21047	0.074889174
137262	21047	0.000431186
137281	21003	0.103427835
137282	21003	0.125677685
138321	21047	0.123874448
138331	21157	0.071922446
138332	21157	0.277729249
138333	21157	0.142383656
138341	21147	0.104973281
138341	21003	0.083421624
139337	12037	0.102151082
139380	21047	0.025936191
139381	21047	0.064735801
139381	21085	0.003702486
139382	21047	0.007413307
139382	21085	0.034511674
139392	21157	0.290272753
139393	21157	0.060778104
139400	21147	0.156712866
139411	21018	0.507719764
140396	12037	0.111722436
140441	21047	0.003566852
140441	21085	0.089869563
140452	21042	0.059854638
140452	21157	0.156913793
140458	21147	0.021145266
140459	21147	0.151491983
140470	21018	0.492280236
141441	15105	0.113670502
141455	12037	0.134414193
141475	12034	0.106745475
141475	17017	0.009714924
141475	17025	0.026278656
141476	12034	0.004635085
141476	12034	0.02330855
141476	12034	0.027222757
141476	17025	0.430276449
141476	17025	0.060601376
141476	17025	0.052491871
141477	12034	0.018749195
141477	12034	0.019975513
141482	17025	0.117580875
141493	21047	0.011260487
141494	21047	0.015514461
141494	21051	0.049571939
141495	21051	0.024201102
141500	21085	0.04626892
141501	21085	0.090267947
141511	21042	0.166481588
141516	21147	0.050070334
141516	21147	0.043693968
141517	21147	0.062683707
141517	21147	0.060111859
142500	15105	0.090050151
142501	15105	0.12802295
142514	12037	0.124930061
142520	12055	0.066282848
142521	12055	0.056519543
142526	12015	0.254033063
142527	12015	0.127660604
142532	17017	0.152295416
142533	17017	0.480241533
142534	17017	0.246894008
142535	17025	0.312770774
142554	21051	0.081214366
142555	21051	0.077044533
142559	21085	0.120548366
142570	21042	0.154439469
142573	21147	0.103452327
142574	21147	0.173922344
142575	21147	0.037703225
142584	21082	0.029039589
143560	15105	0.02479965
143561	12031	1
143561	15105	0.147200609
143569	12047	0.01164723
143570	12047	0.081720707
143572	12037	0.061451621
143573	12037	0.134758532
143573	12037	0.04903014
143583	12055	0.089164647
143584	12055	0.054727065
143584	12015	0.303490665
143585	12015	0.314815669
143591	17017	0.110854119
143614	21051	0.015777439
143615	21051	0.10688032
143618	21085	0.091768096
143623	21085	0.029161512
143629	21042	0.136792674
143629	21042	0.024869781
143629	21042	0.023949973
143629	21042	0.008167273
143630	21042	0.147148835
143631	21042	0.159457647
143632	21042	0.050521274
143632	21147	0.03403884
143642	21082	0.016925465
143642	21082	0.111480984
143642	21082	0.129743115
143643	21082	0.021892523
143643	21082	0.198986731
143644	21037	1
143644	21082	0.090442158
144620	15105	0.034191932
144621	15105	0.199004739
144629	12047	0.105823696
144630	12047	0.070773466
144632	12037	0.277467458
144635	12055	0.058610901
144673	21051	0.012250246
144674	21051	0.070726098
144674	21051	0.021099039
144675	21051	0.007073738
144677	21085	0.060713414
144677	21085	0.021766167
144680	21085	0.010975978
144683	21085	0.046162289
144684	21007	0.091337304
144684	21085	0.057980657
144685	21007	0.043656246
144685	21007	0.199458319
144688	21042	0.017288045
144689	21042	0.051028803
144689	21206	0.079585661
144702	21082	0.197529286
144703	21082	0.028048119
144703	21092	0.119936026
144704	21092	0.102416856
145680	15105	0.07866132
145681	12058	0.019801323
145681	15105	0.089832939
145689	12047	0.085033233
145689	12047	0.047266675
145689	12047	0.011234844
145689	12047	0.033640557
145691	12037	0.004074477
145691	12047	0.07910064
145697	12055	0.026680439
145698	12055	0.020779168
145699	12055	0.03231605
145729	21051	0.190626877
145733	21051	0.021138909
145733	21051	0.00846657
145734	21021	0.172386912
145736	21085	0.028295773
145736	21085	0.001117031
145739	21085	0.018449167
145744	21007	0.229119346
145748	21206	0.083102611
145749	21206	0.100670767
145749	21206	0.023696144
145749	21206	0.024320361
145750	21206	0.035324263
145750	21206	0.055707185
145761	21082	0.060678302
145762	21082	0.115233729
145762	21092	0.0102745
145763	21092	0.10983596
145764	21092	0.185390235
145765	21092	0.276868582
146739	15105	0.002925014
146740	12058	0.076273376
146741	12058	0.161273049
146742	12058	0.03274116
146747	12047	0.004287062
146748	12047	0.124663503
146748	12047	0.066359127
146749	12047	0.086743007
146753	12055	0.004622634
146753	12055	0.081396895
146754	12060	0.03240715
146754	12055	0.083777005
146755	12060	0.005561299
146755	12055	0.038884261
146755	12055	0.049874174
146756	12060	0.028482356
146756	12055	0.041317712
146756	12055	0.009832717
146788	21051	0.206416242
146793	21051	0.038424341
146793	21021	0.104387673
146793	21051	0.00640689
146793	21085	0.011138088
146794	21021	0.723225415
146794	21085	0.043519311
146795	21085	0.014879031
146797	21085	0.012413916
146797	21085	0.019862354
146798	21085	0.070449514
146799	21085	0.054660242
146803	21007	0.103106225
146804	21007	0.12411378
146809	21031	0.859595097
146809	21206	0.070734792
146810	21031	0.140404903
146810	21206	0.027197672
146821	21092	0.084540962
146824	21092	0.007391655
146825	21092	0.103345224
146825	21161	1
146825	21177	0.069126962
147801	12058	0.001003802
147801	15080	0.06082558
147801	15008	0.061329951
147801	15080	0.01025152
147802	15080	0.07906741
147803	15080	0.011459337
147804	15080	0.00478687
147806	12047	0.020760701
147806	12047	0.106584602
147806	15117	0.023380198
147806	15117	0.032968301
147806	15117	0.014765601
147807	12047	0.043793635
147807	15117	0.010414914
147807	15117	0.006225853
147810	12060	0.066225436
147810	12055	0.020337061
147811	12060	0.022134965
147811	12055	0.160143202
147812	12055	0.042982704
147815	12060	0.016966846
147817	12055	0.001701863
147818	12055	0.056640623
147847	21051	0.062681352
147847	21168	0.31128941
147852	21085	0.000459191
147852	21176	1
147857	21085	0.014450663
147862	21007	0.099307089
147863	21007	0.002473863
147863	21007	0.107427827
147869	21206	0.136999565
148854	15105	0.01117316
148855	15105	0.080467035
148861	15080	0.004582539
148861	15080	0.03985765
148861	15080	4.54046E-05
148862	15080	0.019536645
148863	15080	0.037490444
148864	15117	0.03565132
148864	15080	0.001791429
148865	15117	0.040155654
148866	15117	0.079987759
148866	15117	0.035760271
148867	12047	0.020567313
148867	15117	0.036279538
148867	15117	0.025078671
148867	15117	0.024898142
148868	12060	0.050361759
148868	15117	0.030905134
148868	15117	0.022165566
148869	12060	0.049165068
148873	12060	0.011460084
148873	12060	0.011943393
148873	12060	0.011931959
148874	12060	0.03981955
148874	12060	0.011859936
148875	12060	0.012249091
148876	12060	0.067993035
148876	12055	0.003408489
148906	21168	0.420393841
148928	21206	0.024573569
148928	21146	0.521640027
148928	21206	0.01378754
148928	21146	0.147550352
149916	15008	0.312045415
149920	15080	0.031673387
149921	15080	0.011712667
149926	15117	0.022199569
149927	12060	0.005011882
149927	12060	0.004931298
149927	15117	0.006926468
149927	15117	0.003223853
149927	15117	0.005382239
149927	15117	0.01756938
149927	15117	0.003412395
149928	12060	0.008965746
149929	12060	0.039068086
149930	12060	0.106048808
149930	12060	0.007973009
149931	12060	0.0432456
149931	12060	0.057541465
149931	12049	0.082420372
149931	12060	0.016309974
149932	12060	0.041676935
149932	12060	0.065732418
149933	12060	0.013730572
149934	12060	0.034155111
149935	12060	0.005969563
149965	21168	0.237241423
149965	21168	0.031075326
149977	21062	1
149977	21133	0.438631768
149987	21052	0.201346718
149987	21146	0.231388773
149987	21052	0.242566744
149988	21052	0.204787757
149988	21146	0.099420849
149989	21052	0.172544879
149989	21206	0.076731309
149990	21206	0.004134948
149991	21206	0.069693203
149991	21206	0.023366543
149992	21206	0.009643562
150972	15008	0.44036699
150975	15080	0.03222208
150975	15008	0.186257644
150976	15080	0.07261981
150977	15080	0.022928511
150979	15080	0.005580366
150980	15080	0.04184675
150985	15117	0.024175755
150986	12060	0.011121786
150986	15117	0.119647616
150986	15117	0.024868316
150987	12060	0.063321134
150987	15117	0.011670175
150988	12060	0.036634686
150990	12049	0.474363964
151007	17024	0.064641379
151007	17024	0.033830735
151007	17024	0.153988128
151008	17024	0.306404176
151033	21085	0.006608648
151036	21121	0.002403337
151036	21133	0.561368232
151036	21201	1
151047	21052	0.178753902
151049	21070	0.018231261
151049	21206	0.140730303
152036	15080	0.058391899
152039	15080	0.035130633
152041	15080	0.007495932
152042	15004	0.14845672
152043	15004	0.043703629
152044	15117	0.02661292
152045	15117	0.01787594
152045	15117	0.096507229
152045	15117	0.01588175
152048	12049	0.012840597
152048	15117	0.002459463
152049	12049	0.08384991
152049	15117	0.065271284
152061	17015	0.037269718
152085	21165	0.182847514
152086	21069	0.08963066
152086	21165	0.455513434
152087	21069	0.410396998
152088	21069	0.052190677
152088	21185	0.55033823
152089	21185	0.156793051
152089	21185	0.182444304
152095	21121	0.225238374
152096	21121	0.027705619
152106	21070	0.353798973
152116	21203	0.196883896
152117	21177	0.007060407
152117	21203	0.165295413
152117	21177	0.040327456
152117	21203	0.007152617
152118	21177	0.214758986
152119	21177	0.233916439
152120	21177	0.120321938
152120	21177	0.078465914
153095	15080	0.032255009
153095	15080	0.032616624
153096	15080	0.044018398
153097	15080	0.008865257
153098	15080	0.030115462
153099	15080	0.029835591
153100	15080	0.065325198
153102	15004	0.535338136
153102	15004	0.078347199
153103	15117	0.013014557
153107	12049	0.070719966
153108	12049	0.275805192
153119	17015	0.319531019
153120	17015	0.50561401
153125	17008	0.414108942
153125	17024	0.099328037
153126	17024	0.341807546
153139	17033	0.664076906
153144	21165	0.194172282
153145	21165	0.16746677
153147	21069	0.017584355
153147	21185	0.079367948
153148	21069	0.115772856
153148	21185	0.031056466
153149	21069	0.156184032
153151	21166	0.274581343
153151	21166	0.054606755
153152	21166	0.418029628
153153	21121	0.06833679
153153	21166	0.252782274
153154	21121	0.236431272
153157	21159	0.100192905
153158	21159	0.195706682
153159	21150	0.089848806
153159	21159	0.113857669
153160	21150	0.119868689
153161	21150	0.079206396
153161	21150	0.029052371
153162	21150	0.069900384
153165	21070	0.285311353
153166	21070	0.240800368
153172	21079	0.001773411
153172	21203	0.065810923
153173	21203	0.234320604
153174	21203	0.002921
153174	21203	0.219658204
153175	21203	0.107957342
153179	21177	0.074820027
153179	21177	0.161201871
154156	15080	0.042889705
154157	15080	0.003700119
154158	15080	0.015529874
154158	15080	0.009237259
154158	15080	0.01034938
154161	15004	0.194154316
154161	15117	0.013778211
154161	15117	0.011185148
154162	15117	0.048336851
154178	17015	0.137585254
154184	17008	0.076454553
154184	17008	0.509436505
154198	17033	0.335923094
154200	21005	0.519270805
154200	21033	0.022592943
154208	21069	0.13943176
154217	21159	0.146594141
154220	21150	0.020793066
154220	21150	0.05170308
154221	21150	0.057228878
154222	21095	0.510805695
154222	21150	0.054917411
154224	21131	0.190667818
154225	21131	0.046962457
154225	21070	0.101858045
154225	21131	0.069449279
154225	21131	0.101673882
154225	21193	0.004288656
154226	21131	0.188502959
154226	21131	0.069164032
154226	21193	0.011667995
154226	21131	0.01264666
154231	21079	0.698270713
154231	21098	1
155214	15080	0.001004793
155215	15080	0.045797172
155221	15117	0.014859486
155222	15117	0.016504474
155226	15107	1
155259	21033	0.162057104
155259	21033	0.067602065
155259	21033	0.048854712
155260	21033	0.010957595
155260	21033	0.00915213
155260	21033	0.00584945
155280	21150	0.054870123
155280	21150	0.035382482
155280	21150	0.014116062
155281	21095	0.038732201
155281	21095	0.450462104
155281	21150	0.043813113
155281	21150	0.121125636
155281	21193	0.00112709
155282	21131	0.165547423
155282	21150	0.011734209
155282	21193	0.070820663
155283	21131	0.155385489
155283	21193	0.031460221
155289	21079	0.235482206
155290	21079	0.06447367
156274	15080	0.016952284
156275	15080	0.017196906
156318	21033	0.121775881
156319	21033	0.214477252
156319	21005	0.070076353
156319	21022	0.144973155
156319	21033	0.098711795
156320	21005	0.410652842
156320	21022	0.092333831
156326	21069	0.010254932
156327	21069	0.00855373
156332	21121	0.055292292
156332	21121	0.044669449
156339	21150	0.141960507
156339	21193	0.015861935
157333	15080	0.005014105
157378	17032	0.271174818
157378	21022	0.107560508
157378	21033	0.237969074
157379	21022	0.08869719
157379	21022	0.030200194
157380	21022	0.196874335
157381	21022	0.010921033
157381	21188	0.103296052
157382	21022	0.164446571
157382	21188	0.068678741
157382	21188	0.066677129
157382	21188	0.034238338
157383	21022	0.109048081
157383	21188	0.041714768
157391	21121	0.133161641
157391	21019	0.064149189
157391	21121	0.091562569
157392	21121	0.033354021
157392	21159	0.306854624
157393	21121	0.081844635
157393	21159	0.136793979
157398	21150	0.004478786
157398	21193	0.122518466
157399	21193	0.07071194
157409	21189	0.301585936
157410	21189	0.056915008
158437	17032	0.728825182
158437	17022	0.386867921
158437	21022	0.025005307
158439	21188	0.081593147
158440	21188	0.178845426
158442	21022	0.022133764
158443	21022	0.002499328
158448	21019	0.039995134
158449	21019	0.145249371
158450	21019	0.000738864
158454	21114	0.121089087
158455	21114	0.234274684
158455	21114	0.115554097
158458	21193	0.144970526
158458	21193	0.040335642
158458	21193	0.066688355
158459	21193	0.172466186
158460	21193	0.050955107
158464	21153	0.707076222
158465	21153	0.292923778
158465	21182	0.13306783
158468	21189	0.276183718
158468	21189	0.364473058
158469	21154	0.294026087
158469	21189	0.000842281
159458	15021	0.007299732
159496	17022	0.072799849
159496	17022	0.036972355
159496	17022	0.1558284
159497	17022	0.347531475
159497	21188	0.091544887
159498	21022	0.005306703
159498	21188	0.100291062
159499	21188	0.074137671
159500	21188	0.158982779
159505	21019	0.005799087
159506	21019	0.040728259
159506	21019	0.06669123
159506	21019	0.107691791
159507	21019	0.099833673
159514	21114	0.201453644
159516	21193	0.01212213
159517	21193	0.184005089
159524	21182	0.689084519
159524	21182	0.010628701
159525	21151	0.536250571
159525	21182	0.167218951
159528	21154	0.552283313
159528	21154	0.094283126
160517	15021	0.063909346
160546	17029	1
160546	17026	1
160546	17002	0.426635775
160547	17002	0.573364225
160553	17016	0.343417223
160561	21019	0.041260114
160562	21019	0.124020154
160563	21019	0.03489072
160564	21019	0.026838219
160564	21019	0.011351527
160565	21019	0.002039222
160583	21097	0.924047003
160584	21151	0.095140246
160584	21097	0.075952997
160584	21151	0.368609183
160587	21144	0.459621585
160587	21154	0.058577993
160587	21144	0.540378415
160587	21154	0.000829482
160591	21115	0.658533641
161576	15021	0.044002265
161576	15021	0.019884756
161585	15088	1
161585	15052	0.138515415
161586	15052	0.861484585
161592	15063	0.294980407
161593	17007	0.465768573
161594	17007	0.003363814
161609	15068	0.431406297
161609	15068	0.063736939
161609	17030	1
161610	15068	0.023244521
161612	15034	1
161612	17016	0.656582777
161619	21019	0.092949899
161620	21019	0.095773549
161628	21106	0.48355787
161628	21106	0.087767109
161628	21106	0.021010595
161629	21106	0.076399519
161629	21114	0.327628488
161635	21040	0.031302421
161650	21115	0.332225664
162628	15097	0.113490124
162628	15077	0.622545503
162629	15097	0.886509876
162629	15086	0.325590791
162631	15021	0.033884949
162632	15021	0.134167006
162633	15021	0.207780313
162635	15021	0.063528065
162649	15063	0.158156844
162650	15063	0.290812151
162651	15063	0.030651783
162651	15063	0.007298843
162651	15063	0.218099972
162651	17007	0.145461932
162652	17007	0.385405681
162668	15094	1
162668	15068	0.309647903
162668	15068	0.078175127
162669	15068	0.029352941
162669	15068	0.064436271
162685	21106	0.056481667
162687	21106	0.27478324
162697	21040	0.439974495
162698	21040	0.470431452
162698	21040	0.058291632
163686	15077	0.223286127
163687	15077	0.118947312
163688	15086	0.05854845
163688	15077	0.035221059
163689	15086	0.485881266
163690	15086	0.129979493
163692	15021	0.03479028
163693	15021	0.118677375
163693	15021	0.068735178
163693	15021	0.001764406
163694	15021	0.048449688
163704	15049	0.754036706
163767	21065	0.395556423
163767	21115	0.009240695
164752	15021	0.110270411
164753	15021	0.006852061
164763	15049	0.097206334
164764	15049	0.14875696
164801	21126	0.092770068
164802	21126	0.143905517
164802	21126	0.067681199
164802	21140	0.030549706
164802	21140	0.011355886
164803	21126	0.104467307
164803	21125	0.566392744
164803	21126	0.051914508
164803	21119	0.165207622
164803	21125	0.433607256
164825	21065	0.07672254
164826	21065	0.500563563
164827	21065	0.027157474
165811	15118	0.130209566
165811	15021	0.033307665
165812	15021	0.002696506
165818	15090	1
165847	15015	1
165858	21102	0.392453994
165859	21102	0.300284355
165859	21102	0.091808715
165860	21126	0.226711131
165860	21102	0.11100407
165860	21126	0.110517609
165860	21126	0.00982259
165860	21140	0.04119251
165861	21126	0.100135893
165861	21140	0.047602285
165861	21140	0.032631275
165862	21119	0.083613182
165862	21119	0.180553687
165862	21140	0.019096624
165863	21119	0.570625509
165863	21140	0.064109051
166870	15118	0.187502795
166871	15118	0.112564308
166872	15106	0.037213204
166892	9012	0.297468628
166893	9012	0.400128834
166893	17009	1
166910	15009	0.154373167
166911	15009	0.028500419
166911	15009	0.03420904
166911	15009	0.254101498
166911	21138	0.039515638
166912	21138	0.220139361
166913	21138	0.156716632
166914	21138	0.148090822
166915	21138	0.073807234
166915	21138	0.056797209
166916	21026	0.07491848
166916	21138	0.184828991
166916	21138	0.095513124
166916	21102	0.015599811
166916	21138	0.024590989
166917	21102	0.088849056
166920	21126	0.092074176
166920	21140	0.128419214
166920	21140	0.10480476
166921	21140	0.098806908
166921	21140	0.112839872
166922	21140	0.12693971
166922	21140	0.112679772
166924	21041	0.040591666
166924	21041	0.003434811
166924	21140	0.022229275
166924	21041	0.073066886
167929	15118	0.115572053
167930	15118	0.237377422
167930	15106	0.006553923
167931	15106	0.04009652
167943	15101	1
167951	9012	0.302402538
167964	15017	0.656147296
167969	15009	0.258325935
167970	15009	0.270489941
167975	21026	0.388884562
167976	21026	0.536196958
167980	21090	0.28051725
167980	21090	0.074560775
167981	21090	0.165144276
167981	21140	0.046743153
167981	21090	0.04893604
167983	21041	0.214317734
167983	21041	0.209585614
167983	21041	0.046047762
167993	21001	0.034799032
167993	21001	0.234859091
167994	21001	0.052935251
167999	21004	1
168996	15073	0.054330577
168996	15073	0.094213145
168996	15073	0.064203785
168997	15073	0.155762428
169023	15017	0.343852704
169034	21060	0.120971872
169034	21074	0.865600988
169035	21060	0.879028128
169038	21074	0.002388111
169038	21090	0.253326774
169039	21090	0.068390513
169039	21090	0.069260153
169039	21181	0.193244351
169039	21090	0.039864219
169040	21034	0.1320426
169040	21034	0.035230855
169040	21034	0.004659413
169040	21034	0.204220756
169041	21034	0.436108244
169042	21041	0.00336413
169043	21041	0.399682009
169052	21001	0.677406626
169058	21104	0.016957484
169061	21152	0.059361699
170054	15018	0.333362113
170055	15018	0.101022285
170056	15073	0.379049107
170056	15018	0.106235056
170057	15073	0.252440959
170096	21074	0.132010901
170098	21181	0.806755649
170099	21034	0.187738131
170099	21136	0.976963399
170099	21136	0.023036601
170102	21041	0.009909388
170114	21104	0.042975616
170118	21104	0.008415356
170119	21152	0.172838765
170120	21152	0.458432309
171112	15018	0.459380546
171153	21048	0.017437039
171153	21048	0.005456985
171172	21104	0.05884201
171173	21104	0.031434866
171177	21104	0.142974338
171177	21152	0.119387112
171178	21152	0.189980115
172171	15054	0.65613058
172172	15054	0.34386942
172211	21048	0.130533673
172212	21048	0.017622709
172212	21048	0.262440305
172212	21048	0.391480352
172216	29023	0.611150846
172217	29023	0.388849154
172220	29059	0.864578714
172221	29059	0.135421286
172221	29029	0.919374155
172221	29041	0.237474439
172221	29029	0.080625845
172221	29022	0.509765618
172221	29041	0.312667754
172222	29041	0.449857807
172222	29022	0.346468729
172222	29017	0.283394782
172223	29017	0.702370591
172224	29025	1
172224	29017	0.014234627
172234	21104	0.090714097
172235	21104	0.222924801
172235	21104	0.158084119
172236	21104	0.01709782
173225	15118	0.080914406
173226	15118	0.029900271
173253	9011	0.239717833
173253	15122	0.069918577
173270	21048	0.100857392
173271	21048	0.074171545
173271	21132	0.053511253
173272	21132	0.011511355
173280	29022	0.143765653
173293	21104	0.046600703
173294	21117	0.279800673
173294	21104	0.057180332
173294	21117	0.041416173
173294	21117	0.266448269
173294	21104	0.000458692
173294	21117	0.412334885
173294	21104	0.031649589
174278	15114	0.000829139
174278	15007	0.372769562
174279	15114	0.041286214
174279	15007	0.627230438
174279	15005	0.002190712
174285	15118	0.105959179
174292	15051	0.007625758
174312	9011	0.557230461
174312	15122	0.51385883
174314	15122	0.099350435
174314	15039	0.021664737
174314	15025	0.031550363
174321	15025	0.29515503
174321	15025	0.001822897
174322	15025	0.201346702
174339	29048	0.091170255
174339	29060	0.97612158
174340	29048	0.090216644
174340	29050	0.04768529
174340	29050	0.065410717
174340	29048	0.058413068
174340	29048	0.004235152
174341	29050	0.226336344
174342	29050	0.243059203
174343	29050	0.064935722
174343	29050	0.182618965
174343	29010	0.108112432
174344	29010	0.143803959
174353	21104	0.073690177
174353	21128	0.753310957
175330	15032	0.784947898
175333	15111	0.112026132
175333	15032	0.035753264
175334	15111	0.08691918
175338	15114	0.066205854
175339	15005	0.00838478
175340	15005	0.010878678
175341	15005	0.060324011
175348	15106	0.020299712
175349	15106	0.020362338
175356	15051	0.19002344
175357	15037	0.299051313
175357	15037	0.03233081
175371	9011	0.001245527
175371	9011	0.201806179
175371	15122	0.316872158
175380	15025	0.006488809
175380	15025	0.018778984
175380	15039	0.190226594
175380	15025	0.308186388
175381	15039	0.297954495
175381	15025	0.084454203
175389	21132	0.267820178
175390	21132	0.451599147
175398	29048	0.103212452
175398	29048	0.216527367
175398	29060	0.02387842
175398	29048	0.226557722
175398	29033	0.934971616
175398	29010	0.222052872
175398	29048	0.017427187
175398	29010	0.039086321
175399	29048	0.170395471
175399	29048	0.021844683
175399	29010	0.039452894
175399	29010	0.046679286
175400	29010	0.11574683
175400	29010	0.012042799
175400	29010	0.071257574
175403	29050	0.169953759
175403	29010	0.014691336
175412	21128	0.20448981
175413	21128	0.042199233
176389	15111	0.068027832
176389	15032	0.179298838
176389	15111	0.068487414
176389	15111	0.063713653
176392	15111	0.067470336
176393	15111	0.046692947
176396	15114	0.024977688
176397	15114	0.042071675
176399	15005	0.062294786
176400	15005	0.025106835
176401	15005	0.040639014
176402	15005	0.031448183
176402	15005	0.00083017
176403	15005	0.00876908
176404	15106	0.057742491
176405	15106	0.002749118
176407	15106	0.065660519
176407	15106	0.014010502
176408	15106	0.009577959
176408	15106	0.032717705
176408	15106	0.042816014
176409	15106	0.008432637
176411	15051	0.21851511
176412	15051	0.171085492
176412	15051	0.06275612
176413	15051	0.047044161
176415	15051	0.116899465
176415	15037	0.077588341
176415	15037	0.155647055
176439	15039	0.490154174
176439	15025	0.052216625
176447	21134	0.03047157
176447	21143	0.122127399
176447	21134	0.113558371
176448	21143	0.22809399
176448	21132	0.215558066
176448	21143	0.092378904
176448	21143	0.401362292
176450	29015	0.138745781
176451	29015	0.01493277
176457	29010	0.052577875
176457	29010	0.027075882
176457	29033	0.065028384
176457	29010	0.015477091
176457	29002	1
176458	29010	0.025582764
176459	29018	0.217418666
176459	29010	0.041134936
176459	29018	0.113557733
176460	29018	0.130422689
176460	29010	0.025225148
176460	29018	0.36735877
176460	29026	0.303402259
176460	29018	0.171242143
176460	29026	0.485889648
176461	29052	0.236794138
176461	29026	0.210708093
176461	29009	1
176472	29008	0.253997825
177448	15111	0.02437227
177448	15111	0.026709821
177449	15111	0.089092025
177449	15111	0.046630855
177449	15111	0.000181757
177450	15111	0.038192815
177450	15111	0.024307168
177450	15111	0.012411366
177451	15111	0.022056862
177452	15114	0.003148912
177452	15111	0.097479723
177456	15114	0.065742228
177458	15005	0.057419673
177461	15005	0.007047366
177461	15005	0.015670622
177462	15106	0.004068441
177462	15005	0.025672013
177462	15005	0.047318562
177463	15106	0.021516063
177465	15106	0.016225772
177466	15106	0.035128592
177466	15106	0.018566826
177466	15106	0.025692407
177466	15067	0.032256292
177466	15067	0.007710938
177466	15067	0.006982405
177467	15106	0.023258556
177467	15106	0.00980378
177467	15106	0.011421359
177467	15106	0.054604537
177467	15106	0.051813642
177467	15067	0.076031507
177467	15106	0.006407819
177467	15106	0.010647197
177468	15106	0.006457133
177468	15106	0.026182383
177468	15106	0.00556268
177469	15106	0.006313243
177469	15106	0.037271103
177469	15051	0.135877594
177470	15051	0.05017286
177506	21134	0.392043669
177507	21134	0.027842977
177507	21143	0.156037414
177507	29015	0.124201628
177509	29015	0.143891615
177512	29024	0.026301881
177512	29015	0.154888539
177520	29052	0.209009355
177521	29052	0.366534561
177521	29052	0.187661947
177530	29008	0.19758055
177531	29008	0.136074487
177531	29008	0.079806925
178509	15111	0.03666928
178509	15111	0.035268762
178511	15114	0.054902821
178515	15114	0.022904877
178515	15114	0.013632346
178517	15005	0.039707666
178519	15005	0.020014093
178520	15005	0.02028902
178521	15005	0.013735321
178522	15106	0.026620409
178523	15106	0.069442665
178523	15106	0.020886329
178524	15106	0.019437643
178524	15106	0.035930822
178525	15106	0.02233096
178525	15087	0.199145893
178525	15067	0.080123269
178525	15087	0.171216338
178525	15067	0.089327277
178525	15087	0.077227846
178526	15087	0.069372572
178526	15067	0.189120443
178527	15106	0.000330894
178527	15067	0.105925675
178527	15106	0.026469637
178533	15037	0.076839665
178533	15037	0.061872708
178534	15037	0.281098694
178564	21134	0.066892575
178565	21134	0.346779448
178567	29015	0.010830373
178571	29024	0.247341221
178571	29015	0.090617893
178571	29014	0.017637642
178571	29024	0.120515638
178572	29024	0.096599728
178572	29024	0.133458226
178572	29024	0.035833569
178585	29013	0.077814889
178588	29013	0.051443932
178588	29008	0.079286146
178589	29008	0.021908403
178589	29008	0.130948493
178589	29008	0.051421134
178589	29008	0.035475771
178589	29004	0.034032143
178590	29008	0.013500265
178590	29004	0.076934714
179568	15111	0.0332898
179573	15114	0.039300679
179573	15114	0.016034782
179573	15114	0.025235393
179574	15114	0.067569794
179575	15114	0.025007275
179575	15114	0.043587844
179575	15114	0.002364873
179576	15114	0.021584738
179576	15005	0.01337777
179576	15005	0.027488066
179576	15114	0.016922065
179576	15005	0.005949499
179576	15005	0.007573414
179577	15005	0.066707547
179578	15005	0.025504159
179578	15005	0.022857006
179578	15005	0.030849549
179578	15005	0.002545718
179579	15005	0.05997235
179580	15005	0.00688082
179580	15005	0.011408564
179581	15106	0.033396836
179586	15067	0.16175345
179592	15037	0.015571414
179609	15029	0.241075459
179610	15029	0.7440992
179623	21134	0.02241139
179623	21180	0.375509567
179628	29015	0.105679439
179629	29015	0.073930976
179629	29014	0.134231205
179630	29015	0.103409385
179630	29014	0.033145779
179631	29024	0.120615245
179631	29024	0.219334494
179631	29014	0.000451524
179635	29043	0.061152791
179644	29013	0.238073517
179645	29013	0.081803875
179648	29004	0.026802237
179649	29004	0.131182832
179654	21108	1
179654	21170	1
180632	15114	0.081190143
180635	15005	0.031590892
180642	15106	0.015979632
180645	15067	0.219771924
180669	15099	0.317053375
180669	15029	0.014825341
180669	15099	0.038360544
180681	21180	0.38744901
180682	21180	0.070814003
180687	29015	0.038871602
180687	29014	0.019795335
180687	29012	0.400973229
180688	29014	0.067346881
180688	29014	0.005846408
180688	29014	0.010633827
180688	29014	0.022384026
180688	29012	0.560758328
180689	29040	0.065555123
180689	29014	0.053261928
180690	29014	0.001187532
180692	29040	0.047959903
180693	29040	0.148550593
180694	29043	0.938847209
180694	29040	0.133330486
180696	29031	0.260952931
180697	29031	0.065517148
180697	29005	0.162864031
180697	29005	0.616605131
180698	29005	0.2021784
180704	29013	0.342749197
180707	29004	0.108357656
180707	29004	0.000190456
181689	15114	0.015437239
181690	15114	0.049338108
181690	15114	0.005315496
181690	15114	0.042976424
181691	15114	0.016233871
181691	15114	0.0233965
181691	15005	0.004444194
181691	15005	0.007575314
181693	15005	0.018673099
181694	15005	0.024761279
181694	15005	0.010091306
181704	15087	0.331282276
181704	15067	0.030996819
181705	15087	0.059184948
181723	15099	0.145491775
181724	15099	0.118153148
181728	15099	0.134303225
181728	15099	0.067523529
181739	21180	0.018186955
181739	29021	0.103752843
181739	29021	0.143828319
181740	21180	0.148040466
181747	29014	0.091092643
181747	29012	0.038268444
181749	29040	0.019892984
181749	29014	0.071144068
181752	29040	0.254466285
181753	29040	0.327650008
181755	29031	0.041888531
181757	29039	1
181757	29031	0.165006302
181757	29005	0.018352438
181757	29031	0.023344656
181763	29013	0.20811459
181763	29004	0.046501355
181764	29004	0.055149357
181765	29004	0.119910355
181766	29004	0.110952836
182744	15124	0.011537489
182745	15124	0.071262482
182748	15114	0.070862494
182749	15114	0.023783562
182750	15114	0.032736617
182750	15005	0.002471385
182751	15005	0.014071723
182751	15005	0.024306719
182752	15005	0.083159042
182763	15087	0.051554859
182764	15087	0.041015269
182771	15057	1
182771	15046	0.197242415
182782	15099	0.072332124
182782	15011	0.224834014
182787	15099	0.062741208
182797	29021	0.144761172
182798	29021	0.198584023
182805	29014	0.073465234
182808	29055	1
182808	29040	0.002594619
182808	29014	0.036033367
182810	29011	0.040550731
182810	29011	0.194103749
182823	21083	0.00708816
182823	29004	0.038013705
182823	29004	0.064747454
182823	29004	0.043755033
182824	29004	0.010367186
182824	29004	0.122215159
183804	15124	0.200528263
183805	15124	0.064601557
183807	15114	0.000702089
183808	15114	0.044718256
183808	15074	0.019562268
183828	15046	0.113929491
183829	15046	0.23607854
183830	15046	0.233102815
183830	15046	0.073944908
183830	15046	0.092842999
183841	15011	0.276057577
183842	15011	0.124996585
183856	29021	0.015944685
183856	29006	0.121149305
183856	29021	0.073882941
183856	29021	0.084294858
183857	29021	0.234951159
183857	29006	0.023733252
183861	29020	0.123572388
183864	29014	0.151860056
183868	29011	0.034729991
183868	29011	0.020445564
183868	29011	0.117400604
183868	29011	0.039026449
183869	29011	0.218198598
183869	29011	0.002153218
183869	29003	0.230691922
183883	21083	0.192012993
183883	29004	0.010887523
183885	21094	0.031269512
183886	21094	0.097234384
184864	15124	0.18821833
184864	15074	0.000439508
184867	15074	0.020194007
184867	15074	0.0429497
184867	15074	0.014238417
184878	15047	1
184889	15046	0.052858832
184889	15013	0.015016357
184890	15013	0.984983643
184900	15033	0.203552111
184900	15011	0.179940976
184901	15011	0.073203367
184901	15033	0.148387293
184901	15011	0.001879687
184906	15093	0.076074556
184906	15069	1
184907	15099	0.044041072
184907	15093	0.116933219
184914	29006	0.06461958
184914	29006	0.057177923
184915	29006	0.010255816
184916	29006	0.047526428
184916	29006	0.005964529
184920	29020	0.189681207
184920	29006	0.024431496
184923	29014	0.008429871
184923	29014	0.07674193
184926	29011	0.240315684
184927	29003	0.212126571
184927	29011	0.093075413
184927	29003	0.075468308
184927	29034	0.042137136
184927	29003	0.129481025
184928	29003	0.249995342
184928	29003	0.102236832
184934	29031	0.229190192
184942	21083	0.0408871
184943	21083	0.067723824
184943	21094	0.173614319
184944	21094	0.302349185
184944	21094	0.055805224
184944	21083	0.001319309
184944	21094	0.339727375
185923	15124	0.044422146
185923	15074	0.032661427
185923	15074	0.019189256
185923	15074	0.008780595
185924	15074	0.000960679
185924	15074	0.025569043
185925	15074	0.012922145
185925	15074	0.031932175
185926	15074	0.016570411
185926	15074	0.038438519
185926	15074	0.01513658
185926	15074	0.002373685
185926	15074	0.004158915
185943	15060	0.063843622
185944	15060	0.080068448
185945	15060	0.014693882
185945	15060	0.026029422
185946	15060	0.070570738
185946	15060	0.036238262
185946	15060	0.008978935
185947	15060	0.081178452
185959	15033	0.269030204
185959	15033	0.032510049
185960	15033	0.204645698
185962	15100	0.169624792
185962	15011	0.119087795
185966	15093	0.067895736
185967	15093	0.198521091
185968	15093	0.177636899
185969	15093	0.191196391
185970	15093	0.171742108
185970	29006	0.008902612
185971	29006	0.258951006
185972	29006	0.132357933
185972	29006	0.057447294
185973	29006	0.178941311
185979	29020	0.176569938
185979	29006	0.008541514
185980	29020	0.132649111
185980	29045	0.271684229
185980	29020	0.053025212
185980	29045	0.074505792
185981	29020	0.28814364
185981	29014	0.061781631
185982	29014	0.00585237
185982	29014	0.057676745
185985	29034	0.074245726
185986	29034	0.094060481
185993	29031	0.168479888
185994	29034	0.238798214
185994	29031	0.045620353
186002	21083	0.026752905
186003	21083	0.102111397
186007	21105	1
186981	15124	0.176756304
186981	15074	0.004285274
186981	15124	0.053477606
186982	15074	0.01019101
186982	15074	0.048094612
186983	15074	0.001200212
186983	15074	0.04353566
186983	15074	0.027664158
186983	15074	0.009312291
186983	15074	8.09446E-05
186984	15074	0.008630858
186985	15074	0.064948947
187001	15060	0.005400046
187002	15060	0.037881037
187003	15060	0.004399204
187004	15060	0.016182935
187004	15060	0.028459185
187004	15060	0.067309461
187009	15060	0.025782077
187021	15100	0.830375208
187039	29045	0.653809978
187039	29020	0.036358504
187052	29034	0.500431094
187053	29034	0.050327349
187061	21083	0.118979061
187062	21083	0.057020394
188039	15124	0.096920545
188040	15124	0.092275278
188042	15074	0.005057302
188044	15074	0.034558503
188045	15074	0.047990979
188045	15074	0.010470346
188046	15074	0.011152612
188047	15074	0.004272588
188047	15042	0.031391263
188049	15042	0.017848863
188065	15060	0.032193859
188065	15060	0.0466289
188066	15060	0.159809353
188067	15060	0.089390245
188067	15060	0.077017585
188068	15060	0.027944351
188076	15033	0.141874645
188095	13008	1
188117	21083	0.043540742
188119	21083	0.007262267
188120	21083	0.084775517
188121	21083	0.154106532
189103	15074	0.039720488
189105	15074	0.030647597
189105	15042	0.085737805
189106	15042	0.031921053
189106	15042	0.215927055
189106	15042	0.005194592
189107	15042	0.078648589
189107	15042	0.107929713
189107	15042	0.027629869
189130	15121	0.038225258
189130	15024	0.210328146
189136	15081	0.295945598
189136	15081	0.224853768
189138	15081	0.111042319
189176	21083	0.024628523
189178	21083	0.044417231
189179	21083	0.027374045
190161	15074	0.043130188
190162	15074	0.028835071
190163	15074	0.024842247
190163	15074	0.025857671
190163	15074	0.010468084
190164	15074	0.000936035
190164	15074	0.044045208
190164	15074	0.010147847
190164	15042	0.004896166
190164	15074	0.012214095
190164	15042	0.000258482
190164	15042	0.050736447
190165	15042	0.018580103
190165	15042	0.118887407
190166	15048	0.032732587
190166	15042	0.112568672
190166	15042	0.065489453
190167	15048	0.112191916
190167	15042	0.01783473
190167	15048	0.038620626
190168	15048	0.14476247
190168	15048	0.019979468
190168	15048	0.010094566
190189	15121	0.002338365
190190	15121	0.959436377
190196	15081	0.077703591
190197	15081	0.290454725
190211	13021	0.632705945
190211	13021	0.367294055
191219	15074	0.00218446
191219	15064	0.101411163
191219	15048	0.022267602
191220	15074	0.052286036
191223	15074	0.011638116
191225	15048	0.020651064
191225	15048	0.059084995
191225	15042	0.00851974
191226	15048	0.062388385
191227	15048	0.060535385
191227	15014	0.120367047
191228	15048	0.128427366
191228	15014	0.005586296
191234	15056	0.685565821
191249	15091	0.542220996
191249	15024	0.399805808
191250	15053	0.013965458
191250	15024	0.389866046
191250	15053	0.412556243
191251	15059	1
191251	15053	0.573478299
191262	15065	0.137109125
191301	21212	0.352464618
192278	15074	0.025523228
192278	15064	0.270373074
192280	15048	0.037555223
192280	15048	0.040892694
192280	15048	0.027805628
192281	15048	0.064615262
192281	15048	0.078425364
192281	15048	0.017239843
192282	15048	0.005435639
192284	15014	0.240667518
192286	15014	0.034175447
192287	15048	0.001256678
192287	15014	0.182053457
192293	15056	0.314434179
192293	15026	0.053407564
192307	15091	0.030961123
192308	15091	0.064464469
192308	15091	0.362353411
192317	15092	0.897424918
192318	15092	0.102575082
192318	15084	0.033053374
192320	15075	1
192320	15016	0.03663438
192321	15065	0.862890875
192321	15016	0.313325887
193333	15064	0.006315282
193336	15064	0.091882426
193337	15064	0.392592835
193339	15048	0.015037242
193344	15014	0.223854614
193352	15026	0.051821989
193353	15026	0.005262619
193360	13063	0.135783979
193360	15095	1
193377	15084	0.169040073
193377	15084	0.310571731
193379	15016	0.033312155
193380	15016	0.033625804
193407	21053	0.000707959
193408	21053	0.044067367
193418	21212	0.647535382
194392	15064	0.137425221
194392	16093	1
194396	15085	0.072510489
194412	15026	0.061891968
194413	15026	0.030120152
194413	15026	0.0374438
194414	15026	0.108072115
194415	15026	0.108011719
194419	13063	0.243641684
194426	15120	0.54032859
194436	15084	0.227274716
194437	15084	0.096210404
194442	15061	0.491551877
195455	15085	0.008674992
195455	15085	0.022310774
195455	15085	0.032786217
195456	15085	0.026008686
195456	15085	0.151368197
195457	15085	0.008556549
195470	15026	0.003626275
195474	15026	0.005021266
195475	15112	0.355821825
195475	15026	0.03855182
195476	15112	0.263447971
195476	15026	0.043348463
195477	15112	0.118383956
195477	15112	0.25452705
195478	13063	0.270023262
195479	13063	0.023621086
195484	15120	0.389780556
195484	15035	0.253751713
195484	15035	0.146792377
195484	15035	0.59945591
195485	15120	0.069890853
195500	15061	0.244085886
195501	15061	0.264362237
195523	21053	0.002549382
195524	21053	0.005888217
196518	15014	0.141552086
196527	15026	0.051639231
196528	15026	0.06986554
196528	15026	0.013543361
196528	15026	0.007290846
196528	15026	0.001978361
196528	15026	0.009481431
196529	15026	0.043827709
196529	15026	0.005478806
196529	15026	0.057116184
196529	15026	0.01230773
196529	15026	0.018364364
196530	15026	0.113999108
196531	15026	0.035650613
196536	15112	0.002610367
196537	13063	0.006578414
196537	15112	0.00520883
196538	13063	0.085664671
196538	13063	0.010987141
196538	13063	0.134093131
196551	13069	0.736759849
196551	13069	0.230603966
196552	13069	0.032636186
196554	15084	0.004713717
196558	15016	0.042235738
196559	15016	0.152428396
196583	21053	0.050815907
197574	15085	0.093969857
197577	15085	0.011878545
197577	15014	0.051743535
197577	15001	0.032503319
197583	15102	0.440760955
197586	15026	0.012876966
197613	15084	0.023498131
197613	15084	0.135637854
197615	13066	0.627983549
197616	13066	0.372016451
197616	15016	0.223148698
197618	13083	0.169772614
197618	13083	0.281605399
197618	13083	0.023776442
197618	13083	0.010866673
197618	15016	0.165288942
197619	13083	0.181904031
197640	21053	0.063427067
197641	21053	0.103952305
197642	21053	0.050267025
198633	15085	0.055742726
198634	15085	0.127487659
198635	15085	0.12461536
198636	15085	0.085062325
198636	15001	0.074647738
198636	15085	0.003659985
198636	15001	0.044716563
198636	15085	0.011122182
198636	15085	0.00260326
198636	15085	0.000865948
198636	15001	0.008360277
198637	15001	0.044357247
198637	15001	0.02310705
198642	15102	0.080528479
198643	15102	0.478710566
198643	15045	0.015171484
198664	15096	0.255623758
198664	15036	0.011381155
198665	15036	0.148353524
198678	13083	0.179961026
198679	13083	0.152113815
198697	21053	0.027534387
198698	21053	0.117944809
198699	21053	0.040892626
199686	16017	0.131996952
199695	15001	0.002476912
199696	15001	0.023413701
199697	15001	0.037566617
199702	15045	0.088746764
199702	15045	0.012429787
199703	15045	0.055095604
199704	15045	0.059185154
199705	15045	0.005348864
199716	13063	0.017018221
199716	13013	0.009442972
199717	13063	0.039436729
199723	15096	0.744376242
199748	13057	0.020064524
199748	13016	0.012034109
199748	13057	0.056150972
199749	13016	0.006128909
199755	21053	0.107973587
199756	21053	0.115596698
199768	21039	0.225888919
199772	21078	0.010747096
200745	16017	0.285575089
200751	15001	0.001448435
200752	15001	0.023839282
200764	15045	0.059301324
200773	13063	0.008055272
200775	13013	0.239385643
200776	13063	0.005247693
200776	13063	0.019848718
200776	13013	0.367015694
200777	13013	0.134413867
200802	13057	0.01779808
200803	13057	0.069334228
200807	13057	0.205339795
200812	13016	0.026182456
200812	21053	0.049119394
200813	21053	0.15548637
200813	21053	0.001255383
200813	21053	0.01587605
200813	21053	0.039743179
200814	21053	0.006902287
200822	21208	0.081305222
200822	21208	0.039016273
200822	21208	0.046561467
200822	21208	0.126793405
200823	21208	0.060791151
200827	21039	0.774111081
200827	21167	0.08644605
200830	21078	0.160602038
200831	21078	0.314258995
200831	21202	0.13956473
200832	21202	0.174402456
200832	21202	0.233991874
200832	21202	0.035158483
200833	21202	0.136509577
200833	21202	0.075613348
201804	16017	0.135538281
201804	16017	0.052140458
201804	16017	0.027330774
201804	16017	0.127105412
201806	15085	0.034116421
201807	15085	0.007954034
201811	15001	0.05242629
201811	15001	0.072342172
201815	15003	0.020210765
201816	15003	0.001945683
201816	15001	0.079281423
201817	15001	0.024350666
201818	15001	0.121205161
201819	15001	0.103367423
201835	13013	0.078101512
201836	13013	0.171640312
201844	15036	0.119839968
201844	15036	0.024370025
201861	13057	0.015095876
201866	13016	0.000972454
201866	13057	0.212085046
201869	13016	0.007136236
201871	13016	0.053875066
201872	13016	0.014047434
201885	21167	0.572173429
201886	21167	0.241573068
201886	21167	0.099807453
201890	21078	0.2076973
201890	21202	0.063775082
201890	21078	0.02413792
201891	21202	0.140984451
202863	15085	0.007363754
202863	16017	0.068424408
202864	15085	0.068002136
202865	15085	0.0212564
202865	15085	0.015051715
202865	15085	0.001760002
202867	15001	0.00888326
202867	22001	0.014131117
202868	15001	0.05044174
202869	15001	0.006105293
202870	15001	0.017327316
202873	15003	0.009653667
202874	15003	0.11851644
202874	15003	0.028276589
202875	15001	0.024865119
202876	15001	0.113230767
202878	15003	0.125431045
202878	15001	0.009736228
202879	15003	0.022965966
202902	13052	0.049993275
202902	15036	0.010757065
202903	13052	0.114296417
202903	15036	0.116236089
202903	15036	0.052753125
202904	15036	0.076923201
202904	15036	0.208480188
202925	13056	0.219386897
202925	13057	0.016336818
202925	13056	0.265890311
202928	13016	0.0291426
202929	13016	0.022141832
202929	13016	0.031054797
202929	13016	0.009052108
202929	13016	0.012460976
202929	13016	0.004479191
202930	13016	0.064981332
202930	13016	0.049946935
202931	13016	0.021548077
202940	21208	0.005548324
202948	21078	0.11880761
202948	21215	1
202949	21078	0.030833903
202949	21078	0.041632893
202949	21078	0.091282245
203922	15085	0.005271785
203922	16017	0.130812553
203922	16017	0.041076074
203922	22001	0.005904349
203923	22001	0.024933169
203923	22001	0.025365953
203923	22001	0.008551957
203923	22001	0.047164827
203925	22001	0.009904047
203926	22001	0.063419596
203932	15003	0.016561738
203938	15003	0.129579286
203955	13010	0.07021317
203962	13052	0.040721378
203962	13052	0.022275926
203962	13052	0.089232803
203962	15036	0.206324116
203978	13057	0.159891259
203984	13056	0.067487111
203984	13056	0.274294404
203985	13056	0.172941278
203987	13016	0.043523998
203987	13016	0.016822276
203987	13016	0.014540417
203988	13016	0.006888008
203988	13016	0.036877833
203989	13016	0.03255106
203989	13016	0.032123558
203989	13016	0.00172698
203990	13016	0.039532463
203990	13016	0.008165953
203991	13016	0.002479427
203999	21208	0.336011401
204003	21006	0.58726782
204003	21162	1
204004	21006	0.41273218
204004	21014	0.062128162
204006	21028	0.038932174
204006	21028	0.046580492
204006	21028	0.183433517
204007	21210	0.254564255
204007	21028	0.028765832
204007	21077	0.310343157
204008	21210	0.351951199
204008	21077	0.053402288
204009	21077	0.117687945
204009	21084	0.804288377
204009	21210	0.393484546
204011	21216	1
204981	22001	0.086782803
204982	22001	0.020526113
204982	22001	0.082184711
204996	15003	0.022624813
204997	15003	0.033408383
204997	15003	0.046064021
204997	15003	0.084762696
205010	13076	0.184395333
205014	13010	0.465671646
205015	13010	0.104544057
205021	13052	0.08260834
205022	13052	0.110701655
205022	15036	0.024581545
205025	13052	0.027216835
205026	13052	0.102860608
205030	13051	0.113800417
205031	13051	0.62800949
205032	13051	0.258190093
205036	13022	0.24043491
205036	13057	0.005525636
205037	13057	0.022302662
205045	13016	0.001120225
205047	13016	0.033534898
205047	13016	0.040273273
205048	13016	0.021690602
205048	13016	0.036822156
205049	13016	0.053245201
205049	13016	0.071292739
205050	13016	0.011301967
205050	13016	0.008055561
205050	13016	0.021709842
205050	21008	0.143714104
205051	21008	0.091531159
205058	21049	0.025115907
205058	21208	0.303972758
205063	21014	0.329785131
205063	21014	0.01315696
205063	21014	0.009877273
205065	21028	0.01801929
205065	21028	0.394821514
205065	21028	0.289447181
205065	21030	0.622801516
205066	21077	0.181523296
205067	21077	0.337043313
205067	21107	0.101093459
205068	21084	0.156213981
205069	21084	0.039497643
206041	22001	0.042647218
206042	22001	0.045317162
206055	15003	0.043902193
206056	15045	0.005703568
206056	15045	0.016699493
206057	15045	0.087288274
206061	15045	0.018060697
206062	15079	0.294129587
206062	15079	0.221178423
206062	15045	0.01252916
206063	13076	0.019173057
206063	15079	0.451435214
206063	15079	0.033256776
206063	15045	0.042444998
206064	13076	0.02981906
206064	13076	0.011217081
206066	13076	0.072896199
206067	13076	0.00678308
206069	13076	0.218165597
206074	13074	0.13503051
206074	13010	0.359571128
206074	13074	0.86496949
206081	13052	0.072144141
206085	13052	0.13808881
206094	13022	0.107748874
206095	13022	0.114038398
206095	13057	0.197310397
206100	13077	0.026840308
206107	13016	0.015769095
206107	13016	0.014536635
206107	13002	0.058592246
206107	13016	0.010452093
206108	13016	0.013359447
206108	13016	0.011455097
206108	13002	0.022531233
206108	13016	0.03496468
206110	21008	0.518095332
206110	21008	0.12432316
206111	21008	0.122336245
206117	21049	0.230911231
206122	21014	0.304660663
206122	21123	0.036727833
206122	21014	0.218538676
206123	21014	0.061853135
206123	21123	0.108399561
206124	21030	0.377198484
206126	21107	0.49503311
206129	21029	0.393224575
207108	15003	0.011529107
207109	15003	0.037210181
207117	15045	0.016736061
207118	15045	0.017225838
207119	15045	0.119901527
207120	15045	0.084567769
207120	15045	0.003970693
207122	13076	0.212639574
207123	13076	0.04596762
207126	13076	0.048579468
207128	13076	0.091041328
207128	13067	0.241506851
207128	13076	0.001445321
207129	13067	0.057974675
207143	13052	0.048858737
207144	13052	0.024716143
207153	13022	0.503658272
207153	13039	0.605231153
207154	13022	0.034119547
207154	13057	0.002764707
207166	13002	0.065689181
207167	13002	0.009753994
207167	13002	0.01187342
207168	13002	0.065628062
207174	21049	0.158385562
207174	21071	0.011768281
207175	21049	0.184686795
207175	21049	0.037545545
207175	21049	0.084912821
207176	21049	0.150162078
207177	21183	0.021146148
207178	21183	0.033155625
207178	21184	0.064766657
207181	21123	0.100443087
207182	21123	0.736977964
207185	21107	0.403873431
207187	21072	0.811403515
207188	21029	0.326449803
207188	21072	0.168219967
207188	21029	0.280325622
207188	30203	0.509573286
207188	30203	0.490426714
208161	22001	0.039761278
208166	15003	0.021444367
208167	15003	0.046785443
208167	15003	0.043206057
208168	15003	0.015020866
208176	13044	0.032571605
208176	15045	0.063051008
208178	13044	0.002907373
208179	13044	0.050066573
208179	15045	0.056691797
208180	13044	0.010741942
208180	13044	0.028903185
208180	15045	0.059354989
208181	13076	0.05777758
208181	13017	0.088930218
208181	13076	9.97026E-05
208181	15045	0.021357558
208181	15045	0.036100711
208181	15045	0.043036878
208182	13017	0.014481821
208188	13067	0.326299593
208188	13067	0.027983193
208188	13067	0.003408072
208192	13041	0.077580257
208192	13065	1
208221	13077	0.046122388
208226	13002	0.072704457
208226	13002	0.002469038
208227	13002	0.008484052
208227	13002	0.061092185
208227	13002	0.036097741
208228	13002	0.015774564
208228	13002	0.0114667
208232	21071	0.06704214
208233	21071	0.095528695
208234	21049	0.128280061
208234	21183	0.061130185
208236	21183	0.12584467
208237	21183	0.016137327
208237	21184	0.102896358
208237	21183	0.03113936
208237	21184	0.273213208
208238	21184	0.559123776
208241	21068	0.107037006
208241	21123	0.017451554
208242	21068	0.892962994
208246	21072	0.020376518
209220	22001	0.028759574
209221	22001	0.085413584
209222	22001	0.086208231
209223	22001	0.176797155
209223	22001	0.001689168
209224	15003	0.043115701
209224	15003	0.029478006
209224	22001	0.10453799
209225	15003	0.02741787
209225	15003	0.020889116
209234	13044	0.023576067
209234	13044	0.012944209
209234	13044	0.007620046
209234	13044	0.003244623
209235	13044	0.031556389
209235	13044	0.015681406
209237	13044	0.01922676
209237	13044	0.048157557
209240	13017	0.179615053
209241	13017	0.202392523
209246	13067	0.097212068
209247	13067	0.138117598
209247	13067	0.091831829
209248	13067	0.015666121
209251	13041	0.035218036
209251	13041	0.10862688
209251	13041	0.151863024
209255	13005	0.410211704
209255	13005	0.027912673
209256	13005	0.542047125
209259	13003	0.056962309
209259	13052	0.076284933
209259	13009	0.016167051
209263	13009	0.138957352
209270	13045	0.008942505
209280	13077	0.115081128
209280	13077	0.303405904
209281	13077	0.282412152
209284	13002	0.028593213
209285	13002	0.008273651
209285	13002	0.025328514
209286	13002	0.037999113
209286	13002	0.040447922
209287	13002	0.009007602
209287	21071	0.082093111
209288	13002	0.00269832
209288	21071	0.092789498
209290	21071	0.002002015
209291	21071	0.187616348
209293	21183	0.220478429
209294	21183	0.195485249
209295	21183	0.036797152
210290	13044	0.002458927
210291	13044	0.002293156
210291	13044	0.026990249
210291	13044	0.005707295
210292	13044	0.006101214
210292	13044	0.0146427
210292	13044	0.012030469
210293	13044	0.021654249
210294	13044	0.04758282
210294	13044	0.030082776
210295	13044	0.043511192
210295	13044	0.003709946
210295	13044	8.25983E-05
210295	13044	0.057839181
210295	13044	0.045100969
210296	13044	0.000777262
210296	13044	0.000681159
210297	13044	0.016396184
210297	13017	0.10406863
210300	13017	0.107978445
210300	13017	0.050773934
210301	13017	0.007136479
210310	13041	0.143033196
210310	13041	0.0120199
210311	13041	0.168903109
210314	13023	0.086817271
210314	13023	0.05009538
210314	13005	0.019828498
210314	13023	0.010163347
210315	13023	0.083917343
210315	13023	0.136069714
210316	13054	0.221905509
210316	13054	0.061811696
210317	13054	0.441545733
210318	13003	0.02693097
210320	13009	0.131910108
210321	13009	0.050029382
210322	13009	0.291690144
210324	13038	0.094277625
210327	13038	0.11144048
210328	13038	0.125067976
210328	13039	0.394768847
210328	13045	0.324735592
210329	13045	0.666321903
210331	13024	0.00242757
210339	13035	0.03309857
210339	13077	0.22613812
210343	13002	0.018684596
210344	13002	0.012835014
210344	13002	0.021606867
210345	13002	0.078189722
210346	13002	0.056924636
210346	21100	0.046482165
210347	21071	0.035383803
210347	21100	0.112500416
210347	21100	0.054147759
210347	21100	0.021427545
210349	21071	0.019529485
210350	21071	0.073510913
210350	21071	0.009493381
210352	21183	0.103345694
210352	21183	0.069029274
210352	21071	0.032277806
210352	21183	0.04409907
210353	21183	0.007360434
210353	21183	0.034851385
210361	30067	0.071883491
210362	21089	0.276401981
210362	21089	0.182147241
210362	30067	0.055663221
210365	30050	0.014786338
210365	30050	0.125058462
211348	13044	0.023843545
211348	13044	0.000631444
211348	13044	0.02215576
211348	15071	1
211349	13044	0.028524656
211349	13044	0.00490095
211350	13044	0.001504981
211350	13044	0.047863063
211350	13044	0.001173781
211350	13044	0.005559322
211351	13044	0.017397934
211351	13044	0.021393187
211352	13044	0.033070859
211352	13044	0.001267801
211353	13044	0.040679491
211353	13044	0.014274073
211355	13044	0.018363457
211356	13044	0.020966734
211356	13044	0.000558239
211356	13017	0.115505956
211369	13041	0.118997293
211369	13050	0.038767698
211369	13041	0.002335174
211369	13050	0.201501197
211371	13023	0.083019017
211372	13023	0.126452444
211374	13023	0.117751373
211374	13054	0.230027212
211375	13054	0.043103326
211375	13054	0.001606524
211378	13009	0.013266942
211380	13009	0.257925751
211381	13009	0.01621261
211381	13038	0.014890568
211381	13009	0.083840661
211382	13038	0.189534973
211383	13038	0.076587634
211384	13038	0.164931729
211385	13038	0.029024876
211385	13038	0.136705937
211386	13038	0.057538203
211389	13024	0.019644765
211390	13024	0.551376096
211390	13024	0.080251924
211391	13024	0.112676541
211391	13024	0.146808986
211394	13001	0.072903494
211397	13035	0.005558589
211397	13035	0.020137962
211398	13035	0.024301563
211398	13035	0.114194333
211402	13002	0.01747543
211403	13002	0.062951036
211403	13002	0.013490732
211404	13002	0.03119432
211404	13002	0.019489212
211405	21100	0.034103181
211406	21100	0.21245166
211407	21071	0.102923675
211408	21071	0.104842836
211409	21071	0.018954524
211409	21091	0.167481687
211409	21071	0.025341733
211410	21071	0.017040545
211410	21091	0.832518313
211420	30067	0.113700316
211420	30067	0.116274231
211420	30103	0.006401275
211421	30067	0.094943714
211421	30103	0.011482024
211421	30103	0.500356327
211424	30050	0.860155201
211424	30064	1
212402	22016	0.003335697
212402	22016	0.004833365
212402	22016	0.005190339
212407	13044	0.033154905
212415	13044	0.013945286
212415	13017	0.129116941
212428	13050	0.536096846
212429	13041	0.111837928
212429	13050	0.223634258
212430	13041	0.069585203
212430	13023	0.121973976
212431	13023	0.183740134
212453	13001	0.221764743
212454	13001	0.008797589
212455	13035	0.031297714
212456	13035	0.079301683
212456	13035	0.168594212
212456	13035	0.056624335
212456	13035	0.044810103
212457	13035	0.019704414
212457	13035	0.037546685
212457	13035	0.018909595
212457	13035	0.000369213
212457	13035	0.018539158
212457	13035	0.090043068
212458	13035	0.016173819
212459	13035	0.024564323
212459	21057	0.122984822
212460	21057	0.329773896
212461	13002	0.002049199
212461	13002	0.003958678
212461	21057	0.503136637
212462	13002	0.007213104
212462	13002	0.00112495
212463	13002	0.002831066
212463	13002	0.039157071
212464	13002	0.01631916
212464	21109	0.076190822
212464	21109	0.016823191
212464	21109	0.027766389
212465	21100	0.020310097
212465	21100	0.015737746
212465	21100	0.046781085
212465	21100	0.373433427
212465	21109	0.017102814
212465	21100	0.009475947
212466	21071	0.02186121
212466	21100	0.012217165
212475	21089	0.10586907
212479	30067	0.023315814
212479	30067	0.001159334
212479	30103	0.0723513
212479	30067	0.187227041
212479	30103	0.066960089
212480	30067	0.205212844
212480	30103	0.342448985
213464	13029	0.038243194
213466	13044	0.000688003
213473	13029	0.007278686
213474	13029	0.066002172
213474	13044	0.02324245
213474	13029	0.021345364
213498	13003	0.021999737
213499	13003	0.019390816
213500	13003	0.027587274
213505	13012	0.010226934
213512	13001	0.107918118
213513	13001	0.191763513
213514	13035	0.063371738
213514	13001	0.067535858
213516	13035	0.006665103
213516	13035	0.019820225
213519	21057	0.044104646
213523	21109	0.083547951
213523	21109	0.044014252
213523	21109	0.006444432
213524	21109	0.039597018
213524	21100	0.040931807
213524	21109	0.091080534
213533	21089	0.391294434
213533	21213	0.591543584
213534	21089	0.044287275
213538	30037	0.290952415
213539	30051	0.027529754
213539	30067	0.091521619
213539	30037	0.456831102
213539	30051	0.040386613
213539	30067	0.039098375
213540	30051	0.026282901
213540	30051	0.0397168
213540	30051	0.017918193
214518	22016	0.069284334
214519	22016	0.057978804
214520	22016	0.016864577
214523	13029	0.071949299
214524	13029	0.016551912
214524	13029	0.02472673
214532	13029	0.077848452
214543	13019	0.427668269
214544	13019	0.572331731
214555	13003	0.094579863
214556	13003	0.0104954
214556	13003	0.122250356
214557	13003	0.249859163
214558	13003	0.156946723
214559	13003	0.081439577
214561	13012	0.024243818
214562	13012	0.062055526
214564	13012	0.052644982
214564	13012	0.013408654
214581	21109	0.032320074
214582	21109	0.07411218
214582	21109	0.043681409
214582	21109	0.006585775
214582	21109	0.01762547
214582	21109	0.093312499
214582	21109	0.037432344
214583	21109	0.081810928
214592	21213	0.408456416
214597	30037	0.252216483
214601	30051	0.006352572
214601	30066	0.688438976
215576	22016	0.006265065
215577	22016	0.023537183
215577	22016	0.051986876
215581	22016	0.007691068
215582	13029	0.041037975
215582	22016	0.018221691
215583	13029	0.030038197
215583	13029	0.007949948
215583	13029	0.03178593
215589	13029	0.044534369
215590	13029	0.068900354
215591	13029	0.016129866
215599	13006	0.008714045
215600	13006	0.24769627
215601	13006	0.130669903
215613	13003	0.005316333
215613	13055	0.095634738
215613	13003	0.005097955
215613	13055	0.029501152
215614	13003	0.055729088
215614	13055	0.094455516
215615	13003	0.059752427
215619	13012	0.068189488
215620	13012	0.096935469
215623	13012	0.080490845
215624	13012	0.008856416
215629	13001	0.024324092
215629	13024	0.086814117
215630	13001	0.193250335
215631	13035	0.067544645
215631	13001	0.111742257
215631	13004	0.047560123
215632	13035	0.038828952
215632	13004	0.19326629
215638	13060	1
215642	21109	0.080704721
215643	21109	0.07611809
215643	21109	0.040378564
215643	21178	0.174176423
215643	21109	0.010676192
215643	21178	0.089672718
215644	21178	0.007483022
215644	21178	0.030749001
215659	30051	0.006984839
215660	30051	0.138443179
215660	30066	0.120802186
216636	22016	0.007006972
216636	22016	0.038189
216637	22016	0.054649693
216638	22016	0.055183882
216639	22016	0.058402773
216640	22016	0.065248623
216642	13029	0.061437628
216642	13029	0.021079466
216643	13029	0.123199305
216644	13029	0.042586927
216648	13029	0.019100117
216658	13006	0.107828385
216659	13006	0.183109194
216671	13055	0.038022809
216672	13055	0.096617571
216674	13003	0.005662009
216682	13012	0.081611237
216684	13012	0.025054678
216685	13012	0.026705961
216691	13004	0.23506495
216691	13004	0.081494479
216692	13004	0.011359873
216692	13004	0.078182058
216702	21109	0.002674349
216702	21178	0.284433769
216703	21178	0.276815491
216718	30051	0.075631382
216718	30051	0.031478775
216718	30051	0.004286677
216719	30051	0.036787199
216719	30051	0.076060052
216719	30066	0.190758838
217692	22016	0.040141155
217693	22016	0.001537008
217695	22016	0.001526447
217697	22016	0.009799038
217717	13006	0.09083758
217730	13055	0.006378271
217741	13012	0.130355091
217742	13012	0.10047553
217743	13012	0.00337626
217743	13012	0.086739372
217743	13012	0.001938996
217744	13012	0.050556682
217750	13004	0.114846877
217751	13004	0.23822535
217761	21178	0.106644969
217761	21187	0.091827202
217762	21178	0.030024607
217762	21187	0.237362029
217776	30051	0.143005247
217777	30051	0.011772979
217777	30040	0.799926808
217777	30051	0.005450339
217778	30040	0.200073192
217778	30051	0.01345028
218748	22012	0.000344871
218748	22012	0.03477418
218752	22016	0.004116817
218755	22017	0.008691168
218755	22016	0.038545418
218756	22016	0.056108712
218757	22016	0.036444768
218770	13029	0.021212062
218775	13006	0.193569627
218776	13006	0.034559387
218777	13006	0.003015609
218779	13030	0.004344584
218790	13055	0.156187757
218800	13012	0.009676513
218801	13012	0.063870477
218801	13036	0.059374112
218802	13012	0.002587072
218807	30072	0.06837986
218807	30198	0.000915745
218809	30198	0.057583701
218810	30198	0.04184526
218813	13053	0.046602798
218814	13053	0.206499091
218815	13053	0.181629461
218815	13053	0.077439858
218815	13053	0.028212473
218816	13053	0.158084063
218821	21187	0.297253165
218828	21086	0.032535579
218834	30051	0.095588415
218835	30051	0.025803435
219807	22012	0.026604795
219807	22012	0.02162184
219807	22012	0.043137617
219807	22012	0.022970522
219809	22012	0.040013123
219810	22012	0.005527643
219810	22012	0.015691884
219829	13059	0.036883876
219829	13029	0.022244255
219848	13055	0.117453004
219849	13055	0.154881455
219859	13036	0.054217049
219860	13036	0.212515049
219864	30072	0.003580085
219866	30198	0.010933183
219867	30072	0.009235795
219867	30198	0.034416125
219867	30072	0.002102961
219867	30198	0.046143589
219867	30072	0.074777559
219867	30198	0.033047955
219868	30198	0.066521146
219869	30198	0.097768527
219869	30198	0.014994283
219870	30198	0.00168027
219870	30198	0.024685128
219870	30198	0.007303193
219870	30198	0.063417293
219872	13053	0.047886392
219879	13027	0.109781971
219880	21187	0.257722425
219881	21187	0.11583518
219887	21086	0.122252748
219892	30051	0.061857885
219893	30051	0.070784498
220866	22012	0.043562882
220867	22012	0.001108276
220867	22012	0.030093499
220867	22012	0.005315287
220868	22012	0.025796245
220869	22012	0.088430441
220869	22012	0.005857776
220869	22012	0.034990702
220870	22016	0.075966676
220870	22016	0.019068101
220870	22016	0.014566447
220870	22016	0.028098173
220871	22016	0.005482936
220871	22016	0.003677494
220887	13029	0.02706954
220887	13059	0.019805138
220887	13029	0.050699824
220888	13059	0.002644875
220907	13015	0.023709277
220907	13055	0.210867727
220918	13036	0.287866957
220919	13036	0.020002396
220926	30072	0.008075676
220926	30198	0.000634229
220927	30072	0.003115843
220927	30198	0.154670135
220928	30198	0.004635474
220929	30198	0.006713092
220930	30198	0.064524593
220938	13027	0.185249846
220939	13027	0.01052202
220943	21086	0.185707133
220944	21086	0.143843812
220945	21086	0.096140886
220946	21086	0.034064357
220951	21194	0.162765451
220951	30051	0.044427985
221925	22012	0.035396864
221926	22012	0.025276794
221927	22012	0.067545073
221928	22016	0.028738054
221928	22012	0.011872392
221928	22012	0.000501618
221929	22016	0.03360638
221929	22017	0.022715959
221929	22016	0.044864808
221943	13059	0.073073056
221944	13059	0.131448239
221945	13059	0.118025968
221945	13029	0.00810576
221946	13029	0.03894267
221960	13030	0.07301783
221961	13030	0.184627289
221962	13015	0.044652462
221962	13030	0.037847999
221962	13015	0.027043881
221963	13015	0.005885608
221964	13015	0.010749654
221965	13015	0.034091105
221965	13015	0.079948043
221965	13015	0.057422585
221966	13015	0.017983184
221985	30198	0.011503645
221986	30198	0.100991128
221989	30198	0.058747367
221990	30180	0.023140317
221990	30198	0.020600941
222002	21086	0.083040054
222003	21086	0.195725544
222003	21086	0.017370536
222003	21111	0.01050315
222004	21086	0.00337297
222004	21086	0.002083705
222004	21086	0.083862673
222010	21194	0.039924721
222984	22012	0.12185193
222984	22012	0.015557854
222984	22012	0.016123937
222985	22012	0.129229737
222986	22012	0.004520681
222986	22012	0.037796088
222986	22012	0.018032352
222986	22012	0.043348525
222987	22017	0.091704662
222987	22012	0.015417468
222988	22017	0.022364526
222988	22016	0.010925145
222988	22017	0.092431146
222988	22017	0.022383004
222988	22016	0.002916484
223000	13059	0.025277087
223001	13059	0.099678266
223002	13059	0.013894708
223002	13059	0.073453031
223002	13059	0.089266981
223003	13059	0.063823525
223020	13030	0.098849755
223022	13015	0.044807711
223022	13015	0.017341781
223024	13015	0.086033748
223024	13015	0.10758176
223042	30072	0.015830379
223042	30072	0.00546384
223044	30198	0.054730409
223044	30198	0.013039767
223045	30198	0.004930011
223049	30180	0.181805206
223050	30180	0.268691291
223055	13053	0.012154085
223056	13053	0.1585438
223061	21111	0.048472195
223062	21111	0.013923105
223062	21111	0.041611104
223062	21111	0.015689027
223062	21111	0.024208712
223062	21111	0.048793745
223062	21111	0.02803059
223063	21111	0.108130337
223071	21194	0.072810291
224045	22005	0.146498849
224045	22005	0.018551681
224045	22005	0.056196879
224045	22012	0.011687106
224055	22007	0.091623828
224059	13059	0.05692374
224059	22004	0.045628954
224062	13059	0.139336074
224063	13059	0.013599467
224081	13015	0.049172674
224083	13015	0.02104908
224084	13015	0.005059276
224099	13036	0.042338533
224100	13036	0.024391459
224100	30072	0.260930927
224100	30072	0.005132856
224101	30072	0.101323847
224101	30072	0.014622738
224101	30072	0.009520937
224101	30072	0.007622011
224101	30072	0.020801828
224101	30072	0.018189041
224103	30072	0.054068178
224103	30198	0.003023812
224104	30072	0.045984587
224104	30170	0.232799177
224109	30180	0.04159196
224110	30180	0.335856477
224111	30180	0.005054965
224115	13053	0.067074508
224116	13027	0.116472749
224116	13053	0.015873472
224117	13027	0.005081367
224120	21111	0.000645368
224121	21111	0.128505859
224122	21111	0.085962046
224122	21111	0.11887488
224123	21111	0.03039102
224130	21194	0.124692431
224131	21194	0.039589001
225104	22005	0.222184219
225104	22005	0.064237803
225105	22005	0.019592209
225106	22017	0.038141075
225107	22017	0.122997478
225108	22017	0.129628262
225109	22017	0.138623707
225110	22017	0.119890789
225114	22007	0.434180519
225117	22004	0.030591435
225118	22004	0.314498551
225121	13059	0.005343017
225122	13059	0.037522951
225134	13030	0.008216236
225135	13030	0.097614506
225138	13015	0.022139002
225139	13015	0.057155374
225140	13015	0.007341282
225150	13037	0.133342484
225157	13036	0.105764899
225158	13036	0.174675804
225158	13036	0.018853743
225160	30072	0.085531748
225163	30170	0.467585543
225164	30170	0.29961528
225175	13027	0.147581863
225176	13027	0.028183426
225180	21111	0.132678226
225181	21111	0.065229692
225182	21111	0.025941661
225183	21111	0.020737993
225186	21194	0.267339765
225190	21194	0.22272076
225190	21194	0.07015758
225190	30175	0.334180325
225190	30175	0.018275383
225191	30175	0.49084024
226162	22005	0.002532012
226163	22005	0.134220776
226163	22005	0.045764983
226164	22017	0.050974635
226165	22017	0.111076032
226167	22017	0.006793541
226172	22007	0.127094392
226173	22007	0.34710126
226176	22004	0.306860795
226191	13084	0.156843268
226193	13030	0.008398418
226193	13030	0.133356847
226193	13030	0.05641037
226197	13015	0.018941807
226197	13015	0.046146299
226198	13015	0.022316006
226198	13015	0.010271834
226209	13037	0.154547903
226210	13037	0.273397882
226211	13037	0.03396811
226219	30072	0.080241212
226233	13027	0.110013544
226234	13027	0.125876265
226235	13027	0.007796868
226238	30083	0.332165422
226239	30083	0.04913554
226241	21111	0.04859981
226250	30175	0.156704051
227221	22005	0.17546648
227223	22005	0.11475411
227223	22017	0.021584015
227235	22004	0.073129359
227236	22004	0.229290907
227249	13084	0.349239228
227250	13084	0.493917504
227252	13030	0.297316166
227255	13015	0.003400325
227257	13015	0.001289321
227257	13015	0.05136216
227258	13015	0.12710476
227269	13037	0.404743621
227278	30072	0.022873493
227279	30072	0.082594599
227288	30180	0.143859785
227292	13027	0.057550785
227293	13027	0.095889296
227296	30083	0.216781354
227297	30083	0.316699076
227298	30083	0.085218608
227299	21064	0.928922052
227300	21064	0.071077948
227300	21111	0.003071481
